brand,model,generation,year_from,year_to,variant,propulsion_type,source_url,field_key,field_value
AUDI,A,A1 8X,2010,2014,Audi A1 1.2 TFSI Ambition (07/10 - 11/14),ICE,https://www.adac.de/rund-ums-fahrzeug/autokatalog/marken-modelle/audi/a1/8x/223714/,3-Punkt-Gurt hinten Mitte,Paket
AUDI,A,A1 8X,2010,2014,Audi A1 1.2 TFSI Ambition (07/10 - 11/14),ICE,https://www.adac.de/rund-ums-fahrzeug/autokatalog/marken-modelle/audi/a1/8x/223714/,3-Punkt-Gurt hinten Mitte - Bezeichnung,3-Punkt Gurt
AUDI,A,A1 8X,2010,2014,Audi A1 1.2 TFSI Ambition (07/10 - 11/14),ICE,https://www.adac.de/rund-ums-fahrzeug/autokatalog/marken-modelle/audi/a1/8x/223714/,ABS,Serie
AUDI,A,A1 8X,2010,2014,Audi A1 1.2 TFSI Ambition (07/10 - 11/14),ICE,https://www.adac.de/rund-ums-fahrzeug/autokatalog/marken-modelle/audi/a1/8x/223714/,ADAC Testverbrauch,"6,3 / 4,4 / 6,5 l/100km
(Innerorts / Außerorts / Autobahn)"
AUDI,A,A1 8X,2010,2014,Audi A1 1.2 TFSI Ambition (07/10 - 11/14),ICE,https://www.adac.de/rund-ums-fahrzeug/autokatalog/marken-modelle/audi/a1/8x/223714/,ADAC Urteil Autotest,"2,1"
AUDI,A,A1 8X,2010,2014,Audi A1 1.2 TFSI Ambition (07/10 - 11/14),ICE,https://www.adac.de/rund-ums-fahrzeug/autokatalog/marken-modelle/audi/a1/8x/223714/,Abgasreinigung (Verbrennungsmotor),geregelt
AUDI,A,A1 8X,2010,2014,Audi A1 1.2 TFSI Ambition (07/10 - 11/14),ICE,https://www.adac.de/rund-ums-fahrzeug/autokatalog/marken-modelle/audi/a1/8x/223714/,Airbag Beifahrer,Serie
AUDI,A,A1 8X,2010,2014,Audi A1 1.2 TFSI Ambition (07/10 - 11/14),ICE,https://www.adac.de/rund-ums-fahrzeug/autokatalog/marken-modelle/audi/a1/8x/223714/,Airbag Deaktivierung,40 Euro
AUDI,A,A1 8X,2010,2014,Audi A1 1.2 TFSI Ambition (07/10 - 11/14),ICE,https://www.adac.de/rund-ums-fahrzeug/autokatalog/marken-modelle/audi/a1/8x/223714/,Airbag Deaktivierung - Bezeichnung,Schlüsselschalter
AUDI,A,A1 8X,2010,2014,Audi A1 1.2 TFSI Ambition (07/10 - 11/14),ICE,https://www.adac.de/rund-ums-fahrzeug/autokatalog/marken-modelle/audi/a1/8x/223714/,Airbag Fahrer,Serie
AUDI,A,A1 8X,2010,2014,Audi A1 1.2 TFSI Ambition (07/10 - 11/14),ICE,https://www.adac.de/rund-ums-fahrzeug/autokatalog/marken-modelle/audi/a1/8x/223714/,Aktive Kopfstützen,Serie
AUDI,A,A1 8X,2010,2014,Audi A1 1.2 TFSI Ambition (07/10 - 11/14),ICE,https://www.adac.de/rund-ums-fahrzeug/autokatalog/marken-modelle/audi/a1/8x/223714/,Alufelgen,Serie
AUDI,A,A1 8X,2010,2014,Audi A1 1.2 TFSI Ambition (07/10 - 11/14),ICE,https://www.adac.de/rund-ums-fahrzeug/autokatalog/marken-modelle/audi/a1/8x/223714/,Anhängelast gebremst 12%,1000 kg
AUDI,A,A1 8X,2010,2014,Audi A1 1.2 TFSI Ambition (07/10 - 11/14),ICE,https://www.adac.de/rund-ums-fahrzeug/autokatalog/marken-modelle/audi/a1/8x/223714/,Anhängelast ungebremst,550 kg
AUDI,A,A1 8X,2010,2014,Audi A1 1.2 TFSI Ambition (07/10 - 11/14),ICE,https://www.adac.de/rund-ums-fahrzeug/autokatalog/marken-modelle/audi/a1/8x/223714/,Antrieb,"1,8"
AUDI,A,A1 8X,2010,2014,Audi A1 1.2 TFSI Ambition (07/10 - 11/14),ICE,https://www.adac.de/rund-ums-fahrzeug/autokatalog/marken-modelle/audi/a1/8x/223714/,Antriebsart,Vorderrad
AUDI,A,A1 8X,2010,2014,Audi A1 1.2 TFSI Ambition (07/10 - 11/14),ICE,https://www.adac.de/rund-ums-fahrzeug/autokatalog/marken-modelle/audi/a1/8x/223714/,Antriebsschlupfregelung,Serie
AUDI,A,A1 8X,2010,2014,Audi A1 1.2 TFSI Ambition (07/10 - 11/14),ICE,https://www.adac.de/rund-ums-fahrzeug/autokatalog/marken-modelle/audi/a1/8x/223714/,Antriebsschlupfregelung - Bezeichnung,Autom. Stabilitätskontrolle mit Traktion
AUDI,A,A1 8X,2010,2014,Audi A1 1.2 TFSI Ambition (07/10 - 11/14),ICE,https://www.adac.de/rund-ums-fahrzeug/autokatalog/marken-modelle/audi/a1/8x/223714/,Anzahl Gänge,5
AUDI,A,A1 8X,2010,2014,Audi A1 1.2 TFSI Ambition (07/10 - 11/14),ICE,https://www.adac.de/rund-ums-fahrzeug/autokatalog/marken-modelle/audi/a1/8x/223714/,Anzahl Ventile (Verbrennungsmotor),2
AUDI,A,A1 8X,2010,2014,Audi A1 1.2 TFSI Ambition (07/10 - 11/14),ICE,https://www.adac.de/rund-ums-fahrzeug/autokatalog/marken-modelle/audi/a1/8x/223714/,Anzahl Zylinder (Verbrennungsmotor),4
AUDI,A,A1 8X,2010,2014,Audi A1 1.2 TFSI Ambition (07/10 - 11/14),ICE,https://www.adac.de/rund-ums-fahrzeug/autokatalog/marken-modelle/audi/a1/8x/223714/,Aufladung (Verbrennungsmotor),Turbo
AUDI,A,A1 8X,2010,2014,Audi A1 1.2 TFSI Ambition (07/10 - 11/14),ICE,https://www.adac.de/rund-ums-fahrzeug/autokatalog/marken-modelle/audi/a1/8x/223714/,Autokosten,"2,7"
AUDI,A,A1 8X,2010,2014,Audi A1 1.2 TFSI Ambition (07/10 - 11/14),ICE,https://www.adac.de/rund-ums-fahrzeug/autokatalog/marken-modelle/audi/a1/8x/223714/,Baureihe,A1 (8X) (07/10 - 11/14)
AUDI,A,A1 8X,2010,2014,Audi A1 1.2 TFSI Ambition (07/10 - 11/14),ICE,https://www.adac.de/rund-ums-fahrzeug/autokatalog/marken-modelle/audi/a1/8x/223714/,Baureihenende,11/14
AUDI,A,A1 8X,2010,2014,Audi A1 1.2 TFSI Ambition (07/10 - 11/14),ICE,https://www.adac.de/rund-ums-fahrzeug/autokatalog/marken-modelle/audi/a1/8x/223714/,Baureihenstart,07/10
AUDI,A,A1 8X,2010,2014,Audi A1 1.2 TFSI Ambition (07/10 - 11/14),ICE,https://www.adac.de/rund-ums-fahrzeug/autokatalog/marken-modelle/audi/a1/8x/223714/,Bemerkung,Mängel werden noch behoben. Für die Türverkleidungen muss ein Außendienstmitarbeiter kommen und das authorisieren.
AUDI,A,A1 8X,2010,2014,Audi A1 1.2 TFSI Ambition (07/10 - 11/14),ICE,https://www.adac.de/rund-ums-fahrzeug/autokatalog/marken-modelle/audi/a1/8x/223714/,Berganfahrassistent,60 Euro
AUDI,A,A1 8X,2010,2014,Audi A1 1.2 TFSI Ambition (07/10 - 11/14),ICE,https://www.adac.de/rund-ums-fahrzeug/autokatalog/marken-modelle/audi/a1/8x/223714/,Beschleunigung 0-100km/h,"11,7 s"
AUDI,A,A1 8X,2010,2014,Audi A1 1.2 TFSI Ambition (07/10 - 11/14),ICE,https://www.adac.de/rund-ums-fahrzeug/autokatalog/marken-modelle/audi/a1/8x/223714/,Betriebskosten,152 €
AUDI,A,A1 8X,2010,2014,Audi A1 1.2 TFSI Ambition (07/10 - 11/14),ICE,https://www.adac.de/rund-ums-fahrzeug/autokatalog/marken-modelle/audi/a1/8x/223714/,Betroffene Baugruppe,Getriebe
AUDI,A,A1 8X,2010,2014,Audi A1 1.2 TFSI Ambition (07/10 - 11/14),ICE,https://www.adac.de/rund-ums-fahrzeug/autokatalog/marken-modelle/audi/a1/8x/223714/,Betroffenes Modell,"Audi A1, 2010"
AUDI,A,A1 8X,2010,2014,Audi A1 1.2 TFSI Ambition (07/10 - 11/14),ICE,https://www.adac.de/rund-ums-fahrzeug/autokatalog/marken-modelle/audi/a1/8x/223714/,Breite,1740 mm
AUDI,A,A1 8X,2010,2014,Audi A1 1.2 TFSI Ambition (07/10 - 11/14),ICE,https://www.adac.de/rund-ums-fahrzeug/autokatalog/marken-modelle/audi/a1/8x/223714/,Breite (inkl. Außenspiegel),1906 mm
AUDI,A,A1 8X,2010,2014,Audi A1 1.2 TFSI Ambition (07/10 - 11/14),ICE,https://www.adac.de/rund-ums-fahrzeug/autokatalog/marken-modelle/audi/a1/8x/223714/,Bremsassistent,Serie
AUDI,A,A1 8X,2010,2014,Audi A1 1.2 TFSI Ambition (07/10 - 11/14),ICE,https://www.adac.de/rund-ums-fahrzeug/autokatalog/marken-modelle/audi/a1/8x/223714/,Bremsassistent - Bezeichnung,Hydraulischer Bremsassistent
AUDI,A,A1 8X,2010,2014,Audi A1 1.2 TFSI Ambition (07/10 - 11/14),ICE,https://www.adac.de/rund-ums-fahrzeug/autokatalog/marken-modelle/audi/a1/8x/223714/,Bremse hinten,Scheibe
AUDI,A,A1 8X,2010,2014,Audi A1 1.2 TFSI Ambition (07/10 - 11/14),ICE,https://www.adac.de/rund-ums-fahrzeug/autokatalog/marken-modelle/audi/a1/8x/223714/,Bremse vorne,Scheibe
AUDI,A,A1 8X,2010,2014,Audi A1 1.2 TFSI Ambition (07/10 - 11/14),ICE,https://www.adac.de/rund-ums-fahrzeug/autokatalog/marken-modelle/audi/a1/8x/223714/,Bremslicht dynamisch,Serie
AUDI,A,A1 8X,2010,2014,Audi A1 1.2 TFSI Ambition (07/10 - 11/14),ICE,https://www.adac.de/rund-ums-fahrzeug/autokatalog/marken-modelle/audi/a1/8x/223714/,Bremslicht dynamisch - Bezeichnung,Flashing Brake Light und Aktivierung der Warnblinkanlage (kurz vor Stillstand)
AUDI,A,A1 8X,2010,2014,Audi A1 1.2 TFSI Ambition (07/10 - 11/14),ICE,https://www.adac.de/rund-ums-fahrzeug/autokatalog/marken-modelle/audi/a1/8x/223714/,C02,28 Punkte
AUDI,A,A1 8X,2010,2014,Audi A1 1.2 TFSI Ambition (07/10 - 11/14),ICE,https://www.adac.de/rund-ums-fahrzeug/autokatalog/marken-modelle/audi/a1/8x/223714/,C02-Ausstoß,"118 / 146 g pro km
(Herstellerangaben/ ADAC Ecotest)"
AUDI,A,A1 8X,2010,2014,Audi A1 1.2 TFSI Ambition (07/10 - 11/14),ICE,https://www.adac.de/rund-ums-fahrzeug/autokatalog/marken-modelle/audi/a1/8x/223714/,CO2-Effizienzklasse,C
AUDI,A,A1 8X,2010,2014,Audi A1 1.2 TFSI Ambition (07/10 - 11/14),ICE,https://www.adac.de/rund-ums-fahrzeug/autokatalog/marken-modelle/audi/a1/8x/223714/,CO2-Wert (NEFZ),118 g/km
AUDI,A,A1 8X,2010,2014,Audi A1 1.2 TFSI Ambition (07/10 - 11/14),ICE,https://www.adac.de/rund-ums-fahrzeug/autokatalog/marken-modelle/audi/a1/8x/223714/,Dachlast,75 kg
AUDI,A,A1 8X,2010,2014,Audi A1 1.2 TFSI Ambition (07/10 - 11/14),ICE,https://www.adac.de/rund-ums-fahrzeug/autokatalog/marken-modelle/audi/a1/8x/223714/,Digitaler Radioempfang (DAB),300 Euro
AUDI,A,A1 8X,2010,2014,Audi A1 1.2 TFSI Ambition (07/10 - 11/14),ICE,https://www.adac.de/rund-ums-fahrzeug/autokatalog/marken-modelle/audi/a1/8x/223714/,Drehmoment (Systemleistung),160 Nm
AUDI,A,A1 8X,2010,2014,Audi A1 1.2 TFSI Ambition (07/10 - 11/14),ICE,https://www.adac.de/rund-ums-fahrzeug/autokatalog/marken-modelle/audi/a1/8x/223714/,Drehmoment maximal bei U/min. (Verbrennungsmotor),1500 U/min
AUDI,A,A1 8X,2010,2014,Audi A1 1.2 TFSI Ambition (07/10 - 11/14),ICE,https://www.adac.de/rund-ums-fahrzeug/autokatalog/marken-modelle/audi/a1/8x/223714/,Durchrostung,12 Jahre
AUDI,A,A1 8X,2010,2014,Audi A1 1.2 TFSI Ambition (07/10 - 11/14),ICE,https://www.adac.de/rund-ums-fahrzeug/autokatalog/marken-modelle/audi/a1/8x/223714/,Ecotest Urteil,Die Bewertung für dieses Produkt beträgt 4 von möglichen 5 Sternen.
AUDI,A,A1 8X,2010,2014,Audi A1 1.2 TFSI Ambition (07/10 - 11/14),ICE,https://www.adac.de/rund-ums-fahrzeug/autokatalog/marken-modelle/audi/a1/8x/223714/,Einbauposition / Motorbauart (Verbrennungsmotor),Frontmotor / Reihe
AUDI,A,A1 8X,2010,2014,Audi A1 1.2 TFSI Ambition (07/10 - 11/14),ICE,https://www.adac.de/rund-ums-fahrzeug/autokatalog/marken-modelle/audi/a1/8x/223714/,Einparkhilfe,330 Euro
AUDI,A,A1 8X,2010,2014,Audi A1 1.2 TFSI Ambition (07/10 - 11/14),ICE,https://www.adac.de/rund-ums-fahrzeug/autokatalog/marken-modelle/audi/a1/8x/223714/,Einparkhilfe - Bezeichnung,hinten
AUDI,A,A1 8X,2010,2014,Audi A1 1.2 TFSI Ambition (07/10 - 11/14),ICE,https://www.adac.de/rund-ums-fahrzeug/autokatalog/marken-modelle/audi/a1/8x/223714/,Fahrdynamikregelung,Serie
AUDI,A,A1 8X,2010,2014,Audi A1 1.2 TFSI Ambition (07/10 - 11/14),ICE,https://www.adac.de/rund-ums-fahrzeug/autokatalog/marken-modelle/audi/a1/8x/223714/,Fahrdynamikregelung - Bezeichnung,Elektronisches Stabilitätsprogramm
AUDI,A,A1 8X,2010,2014,Audi A1 1.2 TFSI Ambition (07/10 - 11/14),ICE,https://www.adac.de/rund-ums-fahrzeug/autokatalog/marken-modelle/audi/a1/8x/223714/,Fahreigenschaften,"1,7"
AUDI,A,A1 8X,2010,2014,Audi A1 1.2 TFSI Ambition (07/10 - 11/14),ICE,https://www.adac.de/rund-ums-fahrzeug/autokatalog/marken-modelle/audi/a1/8x/223714/,Fahrgeräusch,72 dB
AUDI,A,A1 8X,2010,2014,Audi A1 1.2 TFSI Ambition (07/10 - 11/14),ICE,https://www.adac.de/rund-ums-fahrzeug/autokatalog/marken-modelle/audi/a1/8x/223714/,Fahrzeugklasse,Kleinwagen (z.B. Polo)
AUDI,A,A1 8X,2010,2014,Audi A1 1.2 TFSI Ambition (07/10 - 11/14),ICE,https://www.adac.de/rund-ums-fahrzeug/autokatalog/marken-modelle/audi/a1/8x/223714/,Federung hinten,Schraube
AUDI,A,A1 8X,2010,2014,Audi A1 1.2 TFSI Ambition (07/10 - 11/14),ICE,https://www.adac.de/rund-ums-fahrzeug/autokatalog/marken-modelle/audi/a1/8x/223714/,Federung vorne,Schraube
AUDI,A,A1 8X,2010,2014,Audi A1 1.2 TFSI Ambition (07/10 - 11/14),ICE,https://www.adac.de/rund-ums-fahrzeug/autokatalog/marken-modelle/audi/a1/8x/223714/,Fensterheber elektr. vorne,Serie
AUDI,A,A1 8X,2010,2014,Audi A1 1.2 TFSI Ambition (07/10 - 11/14),ICE,https://www.adac.de/rund-ums-fahrzeug/autokatalog/marken-modelle/audi/a1/8x/223714/,Fernlichtassistent,135 Euro
AUDI,A,A1 8X,2010,2014,Audi A1 1.2 TFSI Ambition (07/10 - 11/14),ICE,https://www.adac.de/rund-ums-fahrzeug/autokatalog/marken-modelle/audi/a1/8x/223714/,Fixkosten,115 €
AUDI,A,A1 8X,2010,2014,Audi A1 1.2 TFSI Ambition (07/10 - 11/14),ICE,https://www.adac.de/rund-ums-fahrzeug/autokatalog/marken-modelle/audi/a1/8x/223714/,Freisprecheinrichtung,300 Euro
AUDI,A,A1 8X,2010,2014,Audi A1 1.2 TFSI Ambition (07/10 - 11/14),ICE,https://www.adac.de/rund-ums-fahrzeug/autokatalog/marken-modelle/audi/a1/8x/223714/,Garantie (Fahrzeug),2 Jahre
AUDI,A,A1 8X,2010,2014,Audi A1 1.2 TFSI Ambition (07/10 - 11/14),ICE,https://www.adac.de/rund-ums-fahrzeug/autokatalog/marken-modelle/audi/a1/8x/223714/,Gemischaufbereitung (Verbrennungsmotor),Direkteinspritzung
AUDI,A,A1 8X,2010,2014,Audi A1 1.2 TFSI Ambition (07/10 - 11/14),ICE,https://www.adac.de/rund-ums-fahrzeug/autokatalog/marken-modelle/audi/a1/8x/223714/,Gesamtpunktzahl,78 Punkte
AUDI,A,A1 8X,2010,2014,Audi A1 1.2 TFSI Ambition (07/10 - 11/14),ICE,https://www.adac.de/rund-ums-fahrzeug/autokatalog/marken-modelle/audi/a1/8x/223714/,Getriebeart,Schaltgetriebe
AUDI,A,A1 8X,2010,2014,Audi A1 1.2 TFSI Ambition (07/10 - 11/14),ICE,https://www.adac.de/rund-ums-fahrzeug/autokatalog/marken-modelle/audi/a1/8x/223714/,Grundpreis,18150 Euro
AUDI,A,A1 8X,2010,2014,Audi A1 1.2 TFSI Ambition (07/10 - 11/14),ICE,https://www.adac.de/rund-ums-fahrzeug/autokatalog/marken-modelle/audi/a1/8x/223714/,HSN/TSN Schlüsselnummern,0588/ANW
AUDI,A,A1 8X,2010,2014,Audi A1 1.2 TFSI Ambition (07/10 - 11/14),ICE,https://www.adac.de/rund-ums-fahrzeug/autokatalog/marken-modelle/audi/a1/8x/223714/,Haftpflichtbeitrag 100%,1.320 €
AUDI,A,A1 8X,2010,2014,Audi A1 1.2 TFSI Ambition (07/10 - 11/14),ICE,https://www.adac.de/rund-ums-fahrzeug/autokatalog/marken-modelle/audi/a1/8x/223714/,Herstellerinterne Baureihenbezeichnung,8X
AUDI,A,A1 8X,2010,2014,Audi A1 1.2 TFSI Ambition (07/10 - 11/14),ICE,https://www.adac.de/rund-ums-fahrzeug/autokatalog/marken-modelle/audi/a1/8x/223714/,Hubraum,1197 ccm
AUDI,A,A1 8X,2010,2014,Audi A1 1.2 TFSI Ambition (07/10 - 11/14),ICE,https://www.adac.de/rund-ums-fahrzeug/autokatalog/marken-modelle/audi/a1/8x/223714/,Hubraum (Verbrennungsmotor),1197 ccm
AUDI,A,A1 8X,2010,2014,Audi A1 1.2 TFSI Ambition (07/10 - 11/14),ICE,https://www.adac.de/rund-ums-fahrzeug/autokatalog/marken-modelle/audi/a1/8x/223714/,Höchstgeschwindigkeit,180 km/h
AUDI,A,A1 8X,2010,2014,Audi A1 1.2 TFSI Ambition (07/10 - 11/14),ICE,https://www.adac.de/rund-ums-fahrzeug/autokatalog/marken-modelle/audi/a1/8x/223714/,Höhe,1417 mm
AUDI,A,A1 8X,2010,2014,Audi A1 1.2 TFSI Ambition (07/10 - 11/14),ICE,https://www.adac.de/rund-ums-fahrzeug/autokatalog/marken-modelle/audi/a1/8x/223714/,Innenraum,"2,1"
AUDI,A,A1 8X,2010,2014,Audi A1 1.2 TFSI Ambition (07/10 - 11/14),ICE,https://www.adac.de/rund-ums-fahrzeug/autokatalog/marken-modelle/audi/a1/8x/223714/,Isofix,Serie
AUDI,A,A1 8X,2010,2014,Audi A1 1.2 TFSI Ambition (07/10 - 11/14),ICE,https://www.adac.de/rund-ums-fahrzeug/autokatalog/marken-modelle/audi/a1/8x/223714/,Isofix - Bezeichnung,Nur hinten
AUDI,A,A1 8X,2010,2014,Audi A1 1.2 TFSI Ambition (07/10 - 11/14),ICE,https://www.adac.de/rund-ums-fahrzeug/autokatalog/marken-modelle/audi/a1/8x/223714/,KFZ-Steuer ohne Befreiung/Jahr (kann durch WLTP abweichen),70 Euro
AUDI,A,A1 8X,2010,2014,Audi A1 1.2 TFSI Ambition (07/10 - 11/14),ICE,https://www.adac.de/rund-ums-fahrzeug/autokatalog/marken-modelle/audi/a1/8x/223714/,KFZ-Steuer pro Jahr ohne Steuerbefreiung,70 €
AUDI,A,A1 8X,2010,2014,Audi A1 1.2 TFSI Ambition (07/10 - 11/14),ICE,https://www.adac.de/rund-ums-fahrzeug/autokatalog/marken-modelle/audi/a1/8x/223714/,Karosserie,"2,7"
AUDI,A,A1 8X,2010,2014,Audi A1 1.2 TFSI Ambition (07/10 - 11/14),ICE,https://www.adac.de/rund-ums-fahrzeug/autokatalog/marken-modelle/audi/a1/8x/223714/,Klassenübliche Ausstattung nach ADAC-Vorgabe,1490 Euro
AUDI,A,A1 8X,2010,2014,Audi A1 1.2 TFSI Ambition (07/10 - 11/14),ICE,https://www.adac.de/rund-ums-fahrzeug/autokatalog/marken-modelle/audi/a1/8x/223714/,Klimaanlage,Serie
AUDI,A,A1 8X,2010,2014,Audi A1 1.2 TFSI Ambition (07/10 - 11/14),ICE,https://www.adac.de/rund-ums-fahrzeug/autokatalog/marken-modelle/audi/a1/8x/223714/,Km-Stand bei Mangel,29000
AUDI,A,A1 8X,2010,2014,Audi A1 1.2 TFSI Ambition (07/10 - 11/14),ICE,https://www.adac.de/rund-ums-fahrzeug/autokatalog/marken-modelle/audi/a1/8x/223714/,Kofferraumvolumen dachhoch mit umgeklappter Rücksitzbank,920 l
AUDI,A,A1 8X,2010,2014,Audi A1 1.2 TFSI Ambition (07/10 - 11/14),ICE,https://www.adac.de/rund-ums-fahrzeug/autokatalog/marken-modelle/audi/a1/8x/223714/,Kofferraumvolumen normal,270 l
AUDI,A,A1 8X,2010,2014,Audi A1 1.2 TFSI Ambition (07/10 - 11/14),ICE,https://www.adac.de/rund-ums-fahrzeug/autokatalog/marken-modelle/audi/a1/8x/223714/,Komfort,"2,3"
AUDI,A,A1 8X,2010,2014,Audi A1 1.2 TFSI Ambition (07/10 - 11/14),ICE,https://www.adac.de/rund-ums-fahrzeug/autokatalog/marken-modelle/audi/a1/8x/223714/,Kopfairbag hinten,Serie
AUDI,A,A1 8X,2010,2014,Audi A1 1.2 TFSI Ambition (07/10 - 11/14),ICE,https://www.adac.de/rund-ums-fahrzeug/autokatalog/marken-modelle/audi/a1/8x/223714/,Kopfairbag hinten - Bezeichnung,Windowbag
AUDI,A,A1 8X,2010,2014,Audi A1 1.2 TFSI Ambition (07/10 - 11/14),ICE,https://www.adac.de/rund-ums-fahrzeug/autokatalog/marken-modelle/audi/a1/8x/223714/,Kopfairbag vorne,Serie
AUDI,A,A1 8X,2010,2014,Audi A1 1.2 TFSI Ambition (07/10 - 11/14),ICE,https://www.adac.de/rund-ums-fahrzeug/autokatalog/marken-modelle/audi/a1/8x/223714/,Kopfairbag vorne - Bezeichnung,Windowbag
AUDI,A,A1 8X,2010,2014,Audi A1 1.2 TFSI Ambition (07/10 - 11/14),ICE,https://www.adac.de/rund-ums-fahrzeug/autokatalog/marken-modelle/audi/a1/8x/223714/,Kopfstütze hinten Mitte,Paket
AUDI,A,A1 8X,2010,2014,Audi A1 1.2 TFSI Ambition (07/10 - 11/14),ICE,https://www.adac.de/rund-ums-fahrzeug/autokatalog/marken-modelle/audi/a1/8x/223714/,Kopfstützen hinten,Serie
AUDI,A,A1 8X,2010,2014,Audi A1 1.2 TFSI Ambition (07/10 - 11/14),ICE,https://www.adac.de/rund-ums-fahrzeug/autokatalog/marken-modelle/audi/a1/8x/223714/,Kraftstoffart,Super
AUDI,A,A1 8X,2010,2014,Audi A1 1.2 TFSI Ambition (07/10 - 11/14),ICE,https://www.adac.de/rund-ums-fahrzeug/autokatalog/marken-modelle/audi/a1/8x/223714/,Kulanz,Ja
AUDI,A,A1 8X,2010,2014,Audi A1 1.2 TFSI Ambition (07/10 - 11/14),ICE,https://www.adac.de/rund-ums-fahrzeug/autokatalog/marken-modelle/audi/a1/8x/223714/,Lackgarantie,3 Jahre
AUDI,A,A1 8X,2010,2014,Audi A1 1.2 TFSI Ambition (07/10 - 11/14),ICE,https://www.adac.de/rund-ums-fahrzeug/autokatalog/marken-modelle/audi/a1/8x/223714/,Lederausstattung,1200 Euro
AUDI,A,A1 8X,2010,2014,Audi A1 1.2 TFSI Ambition (07/10 - 11/14),ICE,https://www.adac.de/rund-ums-fahrzeug/autokatalog/marken-modelle/audi/a1/8x/223714/,Leergewicht (EU),1115 kg
AUDI,A,A1 8X,2010,2014,Audi A1 1.2 TFSI Ambition (07/10 - 11/14),ICE,https://www.adac.de/rund-ums-fahrzeug/autokatalog/marken-modelle/audi/a1/8x/223714/,Leistung,63 kW
AUDI,A,A1 8X,2010,2014,Audi A1 1.2 TFSI Ambition (07/10 - 11/14),ICE,https://www.adac.de/rund-ums-fahrzeug/autokatalog/marken-modelle/audi/a1/8x/223714/,Leistung / Drehmoment (Verbrennungsmotor),63 kW (86 PS) / 160 Nm
AUDI,A,A1 8X,2010,2014,Audi A1 1.2 TFSI Ambition (07/10 - 11/14),ICE,https://www.adac.de/rund-ums-fahrzeug/autokatalog/marken-modelle/audi/a1/8x/223714/,Leistung in kW,63
AUDI,A,A1 8X,2010,2014,Audi A1 1.2 TFSI Ambition (07/10 - 11/14),ICE,https://www.adac.de/rund-ums-fahrzeug/autokatalog/marken-modelle/audi/a1/8x/223714/,Leistung maximal bei U/min. (Verbrennungsmotor),4800 U/min
AUDI,A,A1 8X,2010,2014,Audi A1 1.2 TFSI Ambition (07/10 - 11/14),ICE,https://www.adac.de/rund-ums-fahrzeug/autokatalog/marken-modelle/audi/a1/8x/223714/,Leistung maximal in PS (Systemleistung),86
AUDI,A,A1 8X,2010,2014,Audi A1 1.2 TFSI Ambition (07/10 - 11/14),ICE,https://www.adac.de/rund-ums-fahrzeug/autokatalog/marken-modelle/audi/a1/8x/223714/,Leistung maximal in kW (Systemleistung),63
AUDI,A,A1 8X,2010,2014,Audi A1 1.2 TFSI Ambition (07/10 - 11/14),ICE,https://www.adac.de/rund-ums-fahrzeug/autokatalog/marken-modelle/audi/a1/8x/223714/,Lichtsensor,Paket
AUDI,A,A1 8X,2010,2014,Audi A1 1.2 TFSI Ambition (07/10 - 11/14),ICE,https://www.adac.de/rund-ums-fahrzeug/autokatalog/marken-modelle/audi/a1/8x/223714/,Länge,3954 mm
AUDI,A,A1 8X,2010,2014,Audi A1 1.2 TFSI Ambition (07/10 - 11/14),ICE,https://www.adac.de/rund-ums-fahrzeug/autokatalog/marken-modelle/audi/a1/8x/223714/,Mangelbeschreibung,Türverkleidungen klappern. Seitenscheiben kleben an Dichtung fest. Getriebelager fängt nach zwei Monaten wieder an zu klappern. Mittelarmlehne klappert.
AUDI,A,A1 8X,2010,2014,Audi A1 1.2 TFSI Ambition (07/10 - 11/14),ICE,https://www.adac.de/rund-ums-fahrzeug/autokatalog/marken-modelle/audi/a1/8x/223714/,Marke,Audi
AUDI,A,A1 8X,2010,2014,Audi A1 1.2 TFSI Ambition (07/10 - 11/14),ICE,https://www.adac.de/rund-ums-fahrzeug/autokatalog/marken-modelle/audi/a1/8x/223714/,Max.Drehmoment,160 Nm bei 1500 U/min
AUDI,A,A1 8X,2010,2014,Audi A1 1.2 TFSI Ambition (07/10 - 11/14),ICE,https://www.adac.de/rund-ums-fahrzeug/autokatalog/marken-modelle/audi/a1/8x/223714/,Metallic-Lackierung,480 Euro
AUDI,A,A1 8X,2010,2014,Audi A1 1.2 TFSI Ambition (07/10 - 11/14),ICE,https://www.adac.de/rund-ums-fahrzeug/autokatalog/marken-modelle/audi/a1/8x/223714/,Modell,A1 1.2 TFSI
AUDI,A,A1 8X,2010,2014,Audi A1 1.2 TFSI Ambition (07/10 - 11/14),ICE,https://www.adac.de/rund-ums-fahrzeug/autokatalog/marken-modelle/audi/a1/8x/223714/,Modellende,11/14
AUDI,A,A1 8X,2010,2014,Audi A1 1.2 TFSI Ambition (07/10 - 11/14),ICE,https://www.adac.de/rund-ums-fahrzeug/autokatalog/marken-modelle/audi/a1/8x/223714/,Modellstart,07/10
AUDI,A,A1 8X,2010,2014,Audi A1 1.2 TFSI Ambition (07/10 - 11/14),ICE,https://www.adac.de/rund-ums-fahrzeug/autokatalog/marken-modelle/audi/a1/8x/223714/,Motorart,Otto
AUDI,A,A1 8X,2010,2014,Audi A1 1.2 TFSI Ambition (07/10 - 11/14),ICE,https://www.adac.de/rund-ums-fahrzeug/autokatalog/marken-modelle/audi/a1/8x/223714/,Motorcode,CBZ
AUDI,A,A1 8X,2010,2014,Audi A1 1.2 TFSI Ambition (07/10 - 11/14),ICE,https://www.adac.de/rund-ums-fahrzeug/autokatalog/marken-modelle/audi/a1/8x/223714/,Navigation,1160 Euro
AUDI,A,A1 8X,2010,2014,Audi A1 1.2 TFSI Ambition (07/10 - 11/14),ICE,https://www.adac.de/rund-ums-fahrzeug/autokatalog/marken-modelle/audi/a1/8x/223714/,Navigation - Bezeichnung,Farbdisplay
AUDI,A,A1 8X,2010,2014,Audi A1 1.2 TFSI Ambition (07/10 - 11/14),ICE,https://www.adac.de/rund-ums-fahrzeug/autokatalog/marken-modelle/audi/a1/8x/223714/,Nebelscheinwerfer,Serie
AUDI,A,A1 8X,2010,2014,Audi A1 1.2 TFSI Ambition (07/10 - 11/14),ICE,https://www.adac.de/rund-ums-fahrzeug/autokatalog/marken-modelle/audi/a1/8x/223714/,Nockenwellensteuerung,Steuerkette
AUDI,A,A1 8X,2010,2014,Audi A1 1.2 TFSI Ambition (07/10 - 11/14),ICE,https://www.adac.de/rund-ums-fahrzeug/autokatalog/marken-modelle/audi/a1/8x/223714/,Radio,Serie
AUDI,A,A1 8X,2010,2014,Audi A1 1.2 TFSI Ambition (07/10 - 11/14),ICE,https://www.adac.de/rund-ums-fahrzeug/autokatalog/marken-modelle/audi/a1/8x/223714/,Radio - Bezeichnung,chorus
AUDI,A,A1 8X,2010,2014,Audi A1 1.2 TFSI Ambition (07/10 - 11/14),ICE,https://www.adac.de/rund-ums-fahrzeug/autokatalog/marken-modelle/audi/a1/8x/223714/,Radstand,2469 mm
AUDI,A,A1 8X,2010,2014,Audi A1 1.2 TFSI Ambition (07/10 - 11/14),ICE,https://www.adac.de/rund-ums-fahrzeug/autokatalog/marken-modelle/audi/a1/8x/223714/,Regensensor,Paket
AUDI,A,A1 8X,2010,2014,Audi A1 1.2 TFSI Ambition (07/10 - 11/14),ICE,https://www.adac.de/rund-ums-fahrzeug/autokatalog/marken-modelle/audi/a1/8x/223714/,Reifendruckkontrolle,Serie
AUDI,A,A1 8X,2010,2014,Audi A1 1.2 TFSI Ambition (07/10 - 11/14),ICE,https://www.adac.de/rund-ums-fahrzeug/autokatalog/marken-modelle/audi/a1/8x/223714/,Reifendruckkontrolle - Bezeichnung,indirekte Messung (ABS)
AUDI,A,A1 8X,2010,2014,Audi A1 1.2 TFSI Ambition (07/10 - 11/14),ICE,https://www.adac.de/rund-ums-fahrzeug/autokatalog/marken-modelle/audi/a1/8x/223714/,Reifengröße,215/45R16
AUDI,A,A1 8X,2010,2014,Audi A1 1.2 TFSI Ambition (07/10 - 11/14),ICE,https://www.adac.de/rund-ums-fahrzeug/autokatalog/marken-modelle/audi/a1/8x/223714/,Reparatur,Nein
AUDI,A,A1 8X,2010,2014,Audi A1 1.2 TFSI Ambition (07/10 - 11/14),ICE,https://www.adac.de/rund-ums-fahrzeug/autokatalog/marken-modelle/audi/a1/8x/223714/,Reparaturkosten,0
AUDI,A,A1 8X,2010,2014,Audi A1 1.2 TFSI Ambition (07/10 - 11/14),ICE,https://www.adac.de/rund-ums-fahrzeug/autokatalog/marken-modelle/audi/a1/8x/223714/,Runflat,Aufpreis
AUDI,A,A1 8X,2010,2014,Audi A1 1.2 TFSI Ambition (07/10 - 11/14),ICE,https://www.adac.de/rund-ums-fahrzeug/autokatalog/marken-modelle/audi/a1/8x/223714/,Rücksitzbank umklappbar,Serie
AUDI,A,A1 8X,2010,2014,Audi A1 1.2 TFSI Ambition (07/10 - 11/14),ICE,https://www.adac.de/rund-ums-fahrzeug/autokatalog/marken-modelle/audi/a1/8x/223714/,Schadstoffe,50 Punkte
AUDI,A,A1 8X,2010,2014,Audi A1 1.2 TFSI Ambition (07/10 - 11/14),ICE,https://www.adac.de/rund-ums-fahrzeug/autokatalog/marken-modelle/audi/a1/8x/223714/,Schadstoffklasse,Euro 5
AUDI,A,A1 8X,2010,2014,Audi A1 1.2 TFSI Ambition (07/10 - 11/14),ICE,https://www.adac.de/rund-ums-fahrzeug/autokatalog/marken-modelle/audi/a1/8x/223714/,Schaltpunktanzeige,Serie
AUDI,A,A1 8X,2010,2014,Audi A1 1.2 TFSI Ambition (07/10 - 11/14),ICE,https://www.adac.de/rund-ums-fahrzeug/autokatalog/marken-modelle/audi/a1/8x/223714/,Seitenairbag vorne,Serie
AUDI,A,A1 8X,2010,2014,Audi A1 1.2 TFSI Ambition (07/10 - 11/14),ICE,https://www.adac.de/rund-ums-fahrzeug/autokatalog/marken-modelle/audi/a1/8x/223714/,Servolenkung,Serie
AUDI,A,A1 8X,2010,2014,Audi A1 1.2 TFSI Ambition (07/10 - 11/14),ICE,https://www.adac.de/rund-ums-fahrzeug/autokatalog/marken-modelle/audi/a1/8x/223714/,Sicherheit,"2,1"
AUDI,A,A1 8X,2010,2014,Audi A1 1.2 TFSI Ambition (07/10 - 11/14),ICE,https://www.adac.de/rund-ums-fahrzeug/autokatalog/marken-modelle/audi/a1/8x/223714/,Sitzanzahl,4
AUDI,A,A1 8X,2010,2014,Audi A1 1.2 TFSI Ambition (07/10 - 11/14),ICE,https://www.adac.de/rund-ums-fahrzeug/autokatalog/marken-modelle/audi/a1/8x/223714/,Sitzanzahl maximal,5
AUDI,A,A1 8X,2010,2014,Audi A1 1.2 TFSI Ambition (07/10 - 11/14),ICE,https://www.adac.de/rund-ums-fahrzeug/autokatalog/marken-modelle/audi/a1/8x/223714/,Start-/Stopp-Automatik (Verbrennungsmotor),Serie
AUDI,A,A1 8X,2010,2014,Audi A1 1.2 TFSI Ambition (07/10 - 11/14),ICE,https://www.adac.de/rund-ums-fahrzeug/autokatalog/marken-modelle/audi/a1/8x/223714/,Stützlast,50 kg
AUDI,A,A1 8X,2010,2014,Audi A1 1.2 TFSI Ambition (07/10 - 11/14),ICE,https://www.adac.de/rund-ums-fahrzeug/autokatalog/marken-modelle/audi/a1/8x/223714/,Tankgröße,"45,0 l"
AUDI,A,A1 8X,2010,2014,Audi A1 1.2 TFSI Ambition (07/10 - 11/14),ICE,https://www.adac.de/rund-ums-fahrzeug/autokatalog/marken-modelle/audi/a1/8x/223714/,Teilkaskobeitrag 150 € SB,328 €
AUDI,A,A1 8X,2010,2014,Audi A1 1.2 TFSI Ambition (07/10 - 11/14),ICE,https://www.adac.de/rund-ums-fahrzeug/autokatalog/marken-modelle/audi/a1/8x/223714/,Testdatum,07/2011
AUDI,A,A1 8X,2010,2014,Audi A1 1.2 TFSI Ambition (07/10 - 11/14),ICE,https://www.adac.de/rund-ums-fahrzeug/autokatalog/marken-modelle/audi/a1/8x/223714/,Typ,Ambition
AUDI,A,A1 8X,2010,2014,Audi A1 1.2 TFSI Ambition (07/10 - 11/14),ICE,https://www.adac.de/rund-ums-fahrzeug/autokatalog/marken-modelle/audi/a1/8x/223714/,Typklassen (KH/VK/TK),17/14/16
AUDI,A,A1 8X,2010,2014,Audi A1 1.2 TFSI Ambition (07/10 - 11/14),ICE,https://www.adac.de/rund-ums-fahrzeug/autokatalog/marken-modelle/audi/a1/8x/223714/,Türanzahl,3
AUDI,A,A1 8X,2010,2014,Audi A1 1.2 TFSI Ambition (07/10 - 11/14),ICE,https://www.adac.de/rund-ums-fahrzeug/autokatalog/marken-modelle/audi/a1/8x/223714/,Umwelt,"2,1"
AUDI,A,A1 8X,2010,2014,Audi A1 1.2 TFSI Ambition (07/10 - 11/14),ICE,https://www.adac.de/rund-ums-fahrzeug/autokatalog/marken-modelle/audi/a1/8x/223714/,Verbrauch,"5,1 / 5,5 l/100km
(Herstellerangaben/ ADAC Ecotest)"
AUDI,A,A1 8X,2010,2014,Audi A1 1.2 TFSI Ambition (07/10 - 11/14),ICE,https://www.adac.de/rund-ums-fahrzeug/autokatalog/marken-modelle/audi/a1/8x/223714/,Verbrauch Außerorts (NEFZ),"4,4 l/100 km"
AUDI,A,A1 8X,2010,2014,Audi A1 1.2 TFSI Ambition (07/10 - 11/14),ICE,https://www.adac.de/rund-ums-fahrzeug/autokatalog/marken-modelle/audi/a1/8x/223714/,Verbrauch Gesamt (NEFZ),"5,1 l/100 km"
AUDI,A,A1 8X,2010,2014,Audi A1 1.2 TFSI Ambition (07/10 - 11/14),ICE,https://www.adac.de/rund-ums-fahrzeug/autokatalog/marken-modelle/audi/a1/8x/223714/,Verbrauch Innerorts (NEFZ),"6,2 l/100 km"
AUDI,A,A1 8X,2010,2014,Audi A1 1.2 TFSI Ambition (07/10 - 11/14),ICE,https://www.adac.de/rund-ums-fahrzeug/autokatalog/marken-modelle/audi/a1/8x/223714/,Vollkaskobetrag 100% 500 € SB,908 €
AUDI,A,A1 8X,2010,2014,Audi A1 1.2 TFSI Ambition (07/10 - 11/14),ICE,https://www.adac.de/rund-ums-fahrzeug/autokatalog/marken-modelle/audi/a1/8x/223714/,WLAN Hotspot,Paket
AUDI,A,A1 8X,2010,2014,Audi A1 1.2 TFSI Ambition (07/10 - 11/14),ICE,https://www.adac.de/rund-ums-fahrzeug/autokatalog/marken-modelle/audi/a1/8x/223714/,Wendekreis,"10,6 m"
AUDI,A,A1 8X,2010,2014,Audi A1 1.2 TFSI Ambition (07/10 - 11/14),ICE,https://www.adac.de/rund-ums-fahrzeug/autokatalog/marken-modelle/audi/a1/8x/223714/,Werkstattkosten,98 €
AUDI,A,A1 8X,2010,2014,Audi A1 1.2 TFSI Ambition (07/10 - 11/14),ICE,https://www.adac.de/rund-ums-fahrzeug/autokatalog/marken-modelle/audi/a1/8x/223714/,Wertverlust,47 €
AUDI,A,A1 8X,2010,2014,Audi A1 1.2 TFSI Ambition (07/10 - 11/14),ICE,https://www.adac.de/rund-ums-fahrzeug/autokatalog/marken-modelle/audi/a1/8x/223714/,Xenon-Scheinwerfer,750 Euro
AUDI,A,A1 8X,2010,2014,Audi A1 1.2 TFSI Ambition (07/10 - 11/14),ICE,https://www.adac.de/rund-ums-fahrzeug/autokatalog/marken-modelle/audi/a1/8x/223714/,Zentralverriegelung,Serie
AUDI,A,A1 8X,2010,2014,Audi A1 1.2 TFSI Ambition (07/10 - 11/14),ICE,https://www.adac.de/rund-ums-fahrzeug/autokatalog/marken-modelle/audi/a1/8x/223714/,Zul. Gesamtgewicht,1490 kg
AUDI,A,A1 8X,2010,2014,Audi A1 1.2 TFSI Ambition (07/10 - 11/14),ICE,https://www.adac.de/rund-ums-fahrzeug/autokatalog/marken-modelle/audi/a1/8x/223714/,Zuladung,375 kg
AUDI,A,A1 8X,2010,2014,Audi A1 1.2 TFSI Ambition (07/10 - 11/14),ICE,https://www.adac.de/rund-ums-fahrzeug/autokatalog/marken-modelle/audi/a1/8x/223714/,Zusätzliche Garantien,"Mobilitätsgarantie: 2 Jahre europaweit, erweiterbar auf lebenslang unter Einhaltung aller Inspektionen;"
AUDI,A,A1 8X,2010,2014,Audi A1 1.2 TFSI Attraction (07/10 - 11/14),ICE,https://www.adac.de/rund-ums-fahrzeug/autokatalog/marken-modelle/audi/a1/8x/222371/,3-Punkt-Gurt hinten Mitte,Paket
AUDI,A,A1 8X,2010,2014,Audi A1 1.2 TFSI Attraction (07/10 - 11/14),ICE,https://www.adac.de/rund-ums-fahrzeug/autokatalog/marken-modelle/audi/a1/8x/222371/,3-Punkt-Gurt hinten Mitte - Bezeichnung,3-Punkt Gurt
AUDI,A,A1 8X,2010,2014,Audi A1 1.2 TFSI Attraction (07/10 - 11/14),ICE,https://www.adac.de/rund-ums-fahrzeug/autokatalog/marken-modelle/audi/a1/8x/222371/,ABS,Serie
AUDI,A,A1 8X,2010,2014,Audi A1 1.2 TFSI Attraction (07/10 - 11/14),ICE,https://www.adac.de/rund-ums-fahrzeug/autokatalog/marken-modelle/audi/a1/8x/222371/,Abgasreinigung (Verbrennungsmotor),geregelt
AUDI,A,A1 8X,2010,2014,Audi A1 1.2 TFSI Attraction (07/10 - 11/14),ICE,https://www.adac.de/rund-ums-fahrzeug/autokatalog/marken-modelle/audi/a1/8x/222371/,Airbag Beifahrer,Serie
AUDI,A,A1 8X,2010,2014,Audi A1 1.2 TFSI Attraction (07/10 - 11/14),ICE,https://www.adac.de/rund-ums-fahrzeug/autokatalog/marken-modelle/audi/a1/8x/222371/,Airbag Deaktivierung,40 Euro
AUDI,A,A1 8X,2010,2014,Audi A1 1.2 TFSI Attraction (07/10 - 11/14),ICE,https://www.adac.de/rund-ums-fahrzeug/autokatalog/marken-modelle/audi/a1/8x/222371/,Airbag Deaktivierung - Bezeichnung,Schlüsselschalter
AUDI,A,A1 8X,2010,2014,Audi A1 1.2 TFSI Attraction (07/10 - 11/14),ICE,https://www.adac.de/rund-ums-fahrzeug/autokatalog/marken-modelle/audi/a1/8x/222371/,Airbag Fahrer,Serie
AUDI,A,A1 8X,2010,2014,Audi A1 1.2 TFSI Attraction (07/10 - 11/14),ICE,https://www.adac.de/rund-ums-fahrzeug/autokatalog/marken-modelle/audi/a1/8x/222371/,Aktive Kopfstützen,Serie
AUDI,A,A1 8X,2010,2014,Audi A1 1.2 TFSI Attraction (07/10 - 11/14),ICE,https://www.adac.de/rund-ums-fahrzeug/autokatalog/marken-modelle/audi/a1/8x/222371/,Alufelgen,350 Euro
AUDI,A,A1 8X,2010,2014,Audi A1 1.2 TFSI Attraction (07/10 - 11/14),ICE,https://www.adac.de/rund-ums-fahrzeug/autokatalog/marken-modelle/audi/a1/8x/222371/,Anhängelast gebremst 12%,1000 kg
AUDI,A,A1 8X,2010,2014,Audi A1 1.2 TFSI Attraction (07/10 - 11/14),ICE,https://www.adac.de/rund-ums-fahrzeug/autokatalog/marken-modelle/audi/a1/8x/222371/,Anhängelast ungebremst,550 kg
AUDI,A,A1 8X,2010,2014,Audi A1 1.2 TFSI Attraction (07/10 - 11/14),ICE,https://www.adac.de/rund-ums-fahrzeug/autokatalog/marken-modelle/audi/a1/8x/222371/,Antriebsart,Vorderrad
AUDI,A,A1 8X,2010,2014,Audi A1 1.2 TFSI Attraction (07/10 - 11/14),ICE,https://www.adac.de/rund-ums-fahrzeug/autokatalog/marken-modelle/audi/a1/8x/222371/,Antriebsschlupfregelung,Serie
AUDI,A,A1 8X,2010,2014,Audi A1 1.2 TFSI Attraction (07/10 - 11/14),ICE,https://www.adac.de/rund-ums-fahrzeug/autokatalog/marken-modelle/audi/a1/8x/222371/,Antriebsschlupfregelung - Bezeichnung,Autom. Stabilitätskontrolle mit Traktion
AUDI,A,A1 8X,2010,2014,Audi A1 1.2 TFSI Attraction (07/10 - 11/14),ICE,https://www.adac.de/rund-ums-fahrzeug/autokatalog/marken-modelle/audi/a1/8x/222371/,Anzahl Gänge,5
AUDI,A,A1 8X,2010,2014,Audi A1 1.2 TFSI Attraction (07/10 - 11/14),ICE,https://www.adac.de/rund-ums-fahrzeug/autokatalog/marken-modelle/audi/a1/8x/222371/,Anzahl Ventile (Verbrennungsmotor),2
AUDI,A,A1 8X,2010,2014,Audi A1 1.2 TFSI Attraction (07/10 - 11/14),ICE,https://www.adac.de/rund-ums-fahrzeug/autokatalog/marken-modelle/audi/a1/8x/222371/,Anzahl Zylinder (Verbrennungsmotor),4
AUDI,A,A1 8X,2010,2014,Audi A1 1.2 TFSI Attraction (07/10 - 11/14),ICE,https://www.adac.de/rund-ums-fahrzeug/autokatalog/marken-modelle/audi/a1/8x/222371/,Aufladung (Verbrennungsmotor),Turbo
AUDI,A,A1 8X,2010,2014,Audi A1 1.2 TFSI Attraction (07/10 - 11/14),ICE,https://www.adac.de/rund-ums-fahrzeug/autokatalog/marken-modelle/audi/a1/8x/222371/,Baureihe,A1 (8X) (07/10 - 11/14)
AUDI,A,A1 8X,2010,2014,Audi A1 1.2 TFSI Attraction (07/10 - 11/14),ICE,https://www.adac.de/rund-ums-fahrzeug/autokatalog/marken-modelle/audi/a1/8x/222371/,Baureihenende,11/14
AUDI,A,A1 8X,2010,2014,Audi A1 1.2 TFSI Attraction (07/10 - 11/14),ICE,https://www.adac.de/rund-ums-fahrzeug/autokatalog/marken-modelle/audi/a1/8x/222371/,Baureihenstart,07/10
AUDI,A,A1 8X,2010,2014,Audi A1 1.2 TFSI Attraction (07/10 - 11/14),ICE,https://www.adac.de/rund-ums-fahrzeug/autokatalog/marken-modelle/audi/a1/8x/222371/,Bemerkung,keine Angaben
AUDI,A,A1 8X,2010,2014,Audi A1 1.2 TFSI Attraction (07/10 - 11/14),ICE,https://www.adac.de/rund-ums-fahrzeug/autokatalog/marken-modelle/audi/a1/8x/222371/,Berganfahrassistent,60 Euro
AUDI,A,A1 8X,2010,2014,Audi A1 1.2 TFSI Attraction (07/10 - 11/14),ICE,https://www.adac.de/rund-ums-fahrzeug/autokatalog/marken-modelle/audi/a1/8x/222371/,Beschleunigung 0-100km/h,"11,7 s"
AUDI,A,A1 8X,2010,2014,Audi A1 1.2 TFSI Attraction (07/10 - 11/14),ICE,https://www.adac.de/rund-ums-fahrzeug/autokatalog/marken-modelle/audi/a1/8x/222371/,Betriebskosten,152 €
AUDI,A,A1 8X,2010,2014,Audi A1 1.2 TFSI Attraction (07/10 - 11/14),ICE,https://www.adac.de/rund-ums-fahrzeug/autokatalog/marken-modelle/audi/a1/8x/222371/,Betroffene Baugruppe,Motor
AUDI,A,A1 8X,2010,2014,Audi A1 1.2 TFSI Attraction (07/10 - 11/14),ICE,https://www.adac.de/rund-ums-fahrzeug/autokatalog/marken-modelle/audi/a1/8x/222371/,Betroffenes Modell,"Audi A1, 2012"
AUDI,A,A1 8X,2010,2014,Audi A1 1.2 TFSI Attraction (07/10 - 11/14),ICE,https://www.adac.de/rund-ums-fahrzeug/autokatalog/marken-modelle/audi/a1/8x/222371/,Breite,1740 mm
AUDI,A,A1 8X,2010,2014,Audi A1 1.2 TFSI Attraction (07/10 - 11/14),ICE,https://www.adac.de/rund-ums-fahrzeug/autokatalog/marken-modelle/audi/a1/8x/222371/,Breite (inkl. Außenspiegel),1906 mm
AUDI,A,A1 8X,2010,2014,Audi A1 1.2 TFSI Attraction (07/10 - 11/14),ICE,https://www.adac.de/rund-ums-fahrzeug/autokatalog/marken-modelle/audi/a1/8x/222371/,Bremsassistent,Serie
AUDI,A,A1 8X,2010,2014,Audi A1 1.2 TFSI Attraction (07/10 - 11/14),ICE,https://www.adac.de/rund-ums-fahrzeug/autokatalog/marken-modelle/audi/a1/8x/222371/,Bremsassistent - Bezeichnung,Hydraulischer Bremsassistent
AUDI,A,A1 8X,2010,2014,Audi A1 1.2 TFSI Attraction (07/10 - 11/14),ICE,https://www.adac.de/rund-ums-fahrzeug/autokatalog/marken-modelle/audi/a1/8x/222371/,Bremse hinten,Scheibe
AUDI,A,A1 8X,2010,2014,Audi A1 1.2 TFSI Attraction (07/10 - 11/14),ICE,https://www.adac.de/rund-ums-fahrzeug/autokatalog/marken-modelle/audi/a1/8x/222371/,Bremse vorne,Scheibe
AUDI,A,A1 8X,2010,2014,Audi A1 1.2 TFSI Attraction (07/10 - 11/14),ICE,https://www.adac.de/rund-ums-fahrzeug/autokatalog/marken-modelle/audi/a1/8x/222371/,Bremslicht dynamisch,Serie
AUDI,A,A1 8X,2010,2014,Audi A1 1.2 TFSI Attraction (07/10 - 11/14),ICE,https://www.adac.de/rund-ums-fahrzeug/autokatalog/marken-modelle/audi/a1/8x/222371/,Bremslicht dynamisch - Bezeichnung,Flashing Brake Light und Aktivierung der Warnblinkanlage (kurz vor Stillstand)
AUDI,A,A1 8X,2010,2014,Audi A1 1.2 TFSI Attraction (07/10 - 11/14),ICE,https://www.adac.de/rund-ums-fahrzeug/autokatalog/marken-modelle/audi/a1/8x/222371/,CO2-Effizienzklasse,C
AUDI,A,A1 8X,2010,2014,Audi A1 1.2 TFSI Attraction (07/10 - 11/14),ICE,https://www.adac.de/rund-ums-fahrzeug/autokatalog/marken-modelle/audi/a1/8x/222371/,CO2-Wert (NEFZ),118 g/km
AUDI,A,A1 8X,2010,2014,Audi A1 1.2 TFSI Attraction (07/10 - 11/14),ICE,https://www.adac.de/rund-ums-fahrzeug/autokatalog/marken-modelle/audi/a1/8x/222371/,Dachlast,75 kg
AUDI,A,A1 8X,2010,2014,Audi A1 1.2 TFSI Attraction (07/10 - 11/14),ICE,https://www.adac.de/rund-ums-fahrzeug/autokatalog/marken-modelle/audi/a1/8x/222371/,Digitaler Radioempfang (DAB),300 Euro
AUDI,A,A1 8X,2010,2014,Audi A1 1.2 TFSI Attraction (07/10 - 11/14),ICE,https://www.adac.de/rund-ums-fahrzeug/autokatalog/marken-modelle/audi/a1/8x/222371/,Drehmoment (Systemleistung),160 Nm
AUDI,A,A1 8X,2010,2014,Audi A1 1.2 TFSI Attraction (07/10 - 11/14),ICE,https://www.adac.de/rund-ums-fahrzeug/autokatalog/marken-modelle/audi/a1/8x/222371/,Drehmoment maximal bei U/min. (Verbrennungsmotor),1500 U/min
AUDI,A,A1 8X,2010,2014,Audi A1 1.2 TFSI Attraction (07/10 - 11/14),ICE,https://www.adac.de/rund-ums-fahrzeug/autokatalog/marken-modelle/audi/a1/8x/222371/,Durchrostung,12 Jahre
AUDI,A,A1 8X,2010,2014,Audi A1 1.2 TFSI Attraction (07/10 - 11/14),ICE,https://www.adac.de/rund-ums-fahrzeug/autokatalog/marken-modelle/audi/a1/8x/222371/,Einbauposition / Motorbauart (Verbrennungsmotor),Frontmotor / Reihe
AUDI,A,A1 8X,2010,2014,Audi A1 1.2 TFSI Attraction (07/10 - 11/14),ICE,https://www.adac.de/rund-ums-fahrzeug/autokatalog/marken-modelle/audi/a1/8x/222371/,Einparkhilfe,330 Euro
AUDI,A,A1 8X,2010,2014,Audi A1 1.2 TFSI Attraction (07/10 - 11/14),ICE,https://www.adac.de/rund-ums-fahrzeug/autokatalog/marken-modelle/audi/a1/8x/222371/,Einparkhilfe - Bezeichnung,hinten
AUDI,A,A1 8X,2010,2014,Audi A1 1.2 TFSI Attraction (07/10 - 11/14),ICE,https://www.adac.de/rund-ums-fahrzeug/autokatalog/marken-modelle/audi/a1/8x/222371/,Fahrdynamikregelung,Serie
AUDI,A,A1 8X,2010,2014,Audi A1 1.2 TFSI Attraction (07/10 - 11/14),ICE,https://www.adac.de/rund-ums-fahrzeug/autokatalog/marken-modelle/audi/a1/8x/222371/,Fahrdynamikregelung - Bezeichnung,Elektronisches Stabilitätsprogramm
AUDI,A,A1 8X,2010,2014,Audi A1 1.2 TFSI Attraction (07/10 - 11/14),ICE,https://www.adac.de/rund-ums-fahrzeug/autokatalog/marken-modelle/audi/a1/8x/222371/,Fahrgeräusch,72 dB
AUDI,A,A1 8X,2010,2014,Audi A1 1.2 TFSI Attraction (07/10 - 11/14),ICE,https://www.adac.de/rund-ums-fahrzeug/autokatalog/marken-modelle/audi/a1/8x/222371/,Fahrzeugklasse,Kleinwagen (z.B. Polo)
AUDI,A,A1 8X,2010,2014,Audi A1 1.2 TFSI Attraction (07/10 - 11/14),ICE,https://www.adac.de/rund-ums-fahrzeug/autokatalog/marken-modelle/audi/a1/8x/222371/,Federung hinten,Schraube
AUDI,A,A1 8X,2010,2014,Audi A1 1.2 TFSI Attraction (07/10 - 11/14),ICE,https://www.adac.de/rund-ums-fahrzeug/autokatalog/marken-modelle/audi/a1/8x/222371/,Federung vorne,Schraube
AUDI,A,A1 8X,2010,2014,Audi A1 1.2 TFSI Attraction (07/10 - 11/14),ICE,https://www.adac.de/rund-ums-fahrzeug/autokatalog/marken-modelle/audi/a1/8x/222371/,Fensterheber elektr. vorne,Serie
AUDI,A,A1 8X,2010,2014,Audi A1 1.2 TFSI Attraction (07/10 - 11/14),ICE,https://www.adac.de/rund-ums-fahrzeug/autokatalog/marken-modelle/audi/a1/8x/222371/,Fernlichtassistent,135 Euro
AUDI,A,A1 8X,2010,2014,Audi A1 1.2 TFSI Attraction (07/10 - 11/14),ICE,https://www.adac.de/rund-ums-fahrzeug/autokatalog/marken-modelle/audi/a1/8x/222371/,Fixkosten,115 €
AUDI,A,A1 8X,2010,2014,Audi A1 1.2 TFSI Attraction (07/10 - 11/14),ICE,https://www.adac.de/rund-ums-fahrzeug/autokatalog/marken-modelle/audi/a1/8x/222371/,Freisprecheinrichtung,300 Euro
AUDI,A,A1 8X,2010,2014,Audi A1 1.2 TFSI Attraction (07/10 - 11/14),ICE,https://www.adac.de/rund-ums-fahrzeug/autokatalog/marken-modelle/audi/a1/8x/222371/,Garantie (Fahrzeug),2 Jahre
AUDI,A,A1 8X,2010,2014,Audi A1 1.2 TFSI Attraction (07/10 - 11/14),ICE,https://www.adac.de/rund-ums-fahrzeug/autokatalog/marken-modelle/audi/a1/8x/222371/,Gemischaufbereitung (Verbrennungsmotor),Direkteinspritzung
AUDI,A,A1 8X,2010,2014,Audi A1 1.2 TFSI Attraction (07/10 - 11/14),ICE,https://www.adac.de/rund-ums-fahrzeug/autokatalog/marken-modelle/audi/a1/8x/222371/,Getriebeart,Schaltgetriebe
AUDI,A,A1 8X,2010,2014,Audi A1 1.2 TFSI Attraction (07/10 - 11/14),ICE,https://www.adac.de/rund-ums-fahrzeug/autokatalog/marken-modelle/audi/a1/8x/222371/,Grundpreis,16750 Euro
AUDI,A,A1 8X,2010,2014,Audi A1 1.2 TFSI Attraction (07/10 - 11/14),ICE,https://www.adac.de/rund-ums-fahrzeug/autokatalog/marken-modelle/audi/a1/8x/222371/,HSN/TSN Schlüsselnummern,0588/ANW
AUDI,A,A1 8X,2010,2014,Audi A1 1.2 TFSI Attraction (07/10 - 11/14),ICE,https://www.adac.de/rund-ums-fahrzeug/autokatalog/marken-modelle/audi/a1/8x/222371/,Haftpflichtbeitrag 100%,1.320 €
AUDI,A,A1 8X,2010,2014,Audi A1 1.2 TFSI Attraction (07/10 - 11/14),ICE,https://www.adac.de/rund-ums-fahrzeug/autokatalog/marken-modelle/audi/a1/8x/222371/,Herstellerinterne Baureihenbezeichnung,8X
AUDI,A,A1 8X,2010,2014,Audi A1 1.2 TFSI Attraction (07/10 - 11/14),ICE,https://www.adac.de/rund-ums-fahrzeug/autokatalog/marken-modelle/audi/a1/8x/222371/,Hubraum,keine Angaben
AUDI,A,A1 8X,2010,2014,Audi A1 1.2 TFSI Attraction (07/10 - 11/14),ICE,https://www.adac.de/rund-ums-fahrzeug/autokatalog/marken-modelle/audi/a1/8x/222371/,Hubraum (Verbrennungsmotor),1197 ccm
AUDI,A,A1 8X,2010,2014,Audi A1 1.2 TFSI Attraction (07/10 - 11/14),ICE,https://www.adac.de/rund-ums-fahrzeug/autokatalog/marken-modelle/audi/a1/8x/222371/,Höchstgeschwindigkeit,180 km/h
AUDI,A,A1 8X,2010,2014,Audi A1 1.2 TFSI Attraction (07/10 - 11/14),ICE,https://www.adac.de/rund-ums-fahrzeug/autokatalog/marken-modelle/audi/a1/8x/222371/,Höhe,1417 mm
AUDI,A,A1 8X,2010,2014,Audi A1 1.2 TFSI Attraction (07/10 - 11/14),ICE,https://www.adac.de/rund-ums-fahrzeug/autokatalog/marken-modelle/audi/a1/8x/222371/,Isofix,Serie
AUDI,A,A1 8X,2010,2014,Audi A1 1.2 TFSI Attraction (07/10 - 11/14),ICE,https://www.adac.de/rund-ums-fahrzeug/autokatalog/marken-modelle/audi/a1/8x/222371/,Isofix - Bezeichnung,Nur hinten
AUDI,A,A1 8X,2010,2014,Audi A1 1.2 TFSI Attraction (07/10 - 11/14),ICE,https://www.adac.de/rund-ums-fahrzeug/autokatalog/marken-modelle/audi/a1/8x/222371/,KFZ-Steuer ohne Befreiung/Jahr (kann durch WLTP abweichen),70 Euro
AUDI,A,A1 8X,2010,2014,Audi A1 1.2 TFSI Attraction (07/10 - 11/14),ICE,https://www.adac.de/rund-ums-fahrzeug/autokatalog/marken-modelle/audi/a1/8x/222371/,KFZ-Steuer pro Jahr ohne Steuerbefreiung,70 €
AUDI,A,A1 8X,2010,2014,Audi A1 1.2 TFSI Attraction (07/10 - 11/14),ICE,https://www.adac.de/rund-ums-fahrzeug/autokatalog/marken-modelle/audi/a1/8x/222371/,Karosserie,Schrägheck
AUDI,A,A1 8X,2010,2014,Audi A1 1.2 TFSI Attraction (07/10 - 11/14),ICE,https://www.adac.de/rund-ums-fahrzeug/autokatalog/marken-modelle/audi/a1/8x/222371/,Klassenübliche Ausstattung nach ADAC-Vorgabe,1640 Euro
AUDI,A,A1 8X,2010,2014,Audi A1 1.2 TFSI Attraction (07/10 - 11/14),ICE,https://www.adac.de/rund-ums-fahrzeug/autokatalog/marken-modelle/audi/a1/8x/222371/,Klimaanlage,Serie
AUDI,A,A1 8X,2010,2014,Audi A1 1.2 TFSI Attraction (07/10 - 11/14),ICE,https://www.adac.de/rund-ums-fahrzeug/autokatalog/marken-modelle/audi/a1/8x/222371/,Km-Stand bei Mangel,143043
AUDI,A,A1 8X,2010,2014,Audi A1 1.2 TFSI Attraction (07/10 - 11/14),ICE,https://www.adac.de/rund-ums-fahrzeug/autokatalog/marken-modelle/audi/a1/8x/222371/,Kofferraumvolumen dachhoch mit umgeklappter Rücksitzbank,920 l
AUDI,A,A1 8X,2010,2014,Audi A1 1.2 TFSI Attraction (07/10 - 11/14),ICE,https://www.adac.de/rund-ums-fahrzeug/autokatalog/marken-modelle/audi/a1/8x/222371/,Kofferraumvolumen normal,270 l
AUDI,A,A1 8X,2010,2014,Audi A1 1.2 TFSI Attraction (07/10 - 11/14),ICE,https://www.adac.de/rund-ums-fahrzeug/autokatalog/marken-modelle/audi/a1/8x/222371/,Kopfairbag hinten,Serie
AUDI,A,A1 8X,2010,2014,Audi A1 1.2 TFSI Attraction (07/10 - 11/14),ICE,https://www.adac.de/rund-ums-fahrzeug/autokatalog/marken-modelle/audi/a1/8x/222371/,Kopfairbag hinten - Bezeichnung,Windowbag
AUDI,A,A1 8X,2010,2014,Audi A1 1.2 TFSI Attraction (07/10 - 11/14),ICE,https://www.adac.de/rund-ums-fahrzeug/autokatalog/marken-modelle/audi/a1/8x/222371/,Kopfairbag vorne,Serie
AUDI,A,A1 8X,2010,2014,Audi A1 1.2 TFSI Attraction (07/10 - 11/14),ICE,https://www.adac.de/rund-ums-fahrzeug/autokatalog/marken-modelle/audi/a1/8x/222371/,Kopfairbag vorne - Bezeichnung,Windowbag
AUDI,A,A1 8X,2010,2014,Audi A1 1.2 TFSI Attraction (07/10 - 11/14),ICE,https://www.adac.de/rund-ums-fahrzeug/autokatalog/marken-modelle/audi/a1/8x/222371/,Kopfstütze hinten Mitte,Paket
AUDI,A,A1 8X,2010,2014,Audi A1 1.2 TFSI Attraction (07/10 - 11/14),ICE,https://www.adac.de/rund-ums-fahrzeug/autokatalog/marken-modelle/audi/a1/8x/222371/,Kopfstützen hinten,Serie
AUDI,A,A1 8X,2010,2014,Audi A1 1.2 TFSI Attraction (07/10 - 11/14),ICE,https://www.adac.de/rund-ums-fahrzeug/autokatalog/marken-modelle/audi/a1/8x/222371/,Kraftstoffart,Super
AUDI,A,A1 8X,2010,2014,Audi A1 1.2 TFSI Attraction (07/10 - 11/14),ICE,https://www.adac.de/rund-ums-fahrzeug/autokatalog/marken-modelle/audi/a1/8x/222371/,Kulanz,Nein
AUDI,A,A1 8X,2010,2014,Audi A1 1.2 TFSI Attraction (07/10 - 11/14),ICE,https://www.adac.de/rund-ums-fahrzeug/autokatalog/marken-modelle/audi/a1/8x/222371/,Lackgarantie,3 Jahre
AUDI,A,A1 8X,2010,2014,Audi A1 1.2 TFSI Attraction (07/10 - 11/14),ICE,https://www.adac.de/rund-ums-fahrzeug/autokatalog/marken-modelle/audi/a1/8x/222371/,Lederausstattung,1200 Euro
AUDI,A,A1 8X,2010,2014,Audi A1 1.2 TFSI Attraction (07/10 - 11/14),ICE,https://www.adac.de/rund-ums-fahrzeug/autokatalog/marken-modelle/audi/a1/8x/222371/,Leergewicht (EU),1115 kg
AUDI,A,A1 8X,2010,2014,Audi A1 1.2 TFSI Attraction (07/10 - 11/14),ICE,https://www.adac.de/rund-ums-fahrzeug/autokatalog/marken-modelle/audi/a1/8x/222371/,Leistung / Drehmoment (Verbrennungsmotor),63 kW (86 PS) / 160 Nm
AUDI,A,A1 8X,2010,2014,Audi A1 1.2 TFSI Attraction (07/10 - 11/14),ICE,https://www.adac.de/rund-ums-fahrzeug/autokatalog/marken-modelle/audi/a1/8x/222371/,Leistung in kW,keine Angaben
AUDI,A,A1 8X,2010,2014,Audi A1 1.2 TFSI Attraction (07/10 - 11/14),ICE,https://www.adac.de/rund-ums-fahrzeug/autokatalog/marken-modelle/audi/a1/8x/222371/,Leistung maximal bei U/min. (Verbrennungsmotor),4800 U/min
AUDI,A,A1 8X,2010,2014,Audi A1 1.2 TFSI Attraction (07/10 - 11/14),ICE,https://www.adac.de/rund-ums-fahrzeug/autokatalog/marken-modelle/audi/a1/8x/222371/,Leistung maximal in PS (Systemleistung),86
AUDI,A,A1 8X,2010,2014,Audi A1 1.2 TFSI Attraction (07/10 - 11/14),ICE,https://www.adac.de/rund-ums-fahrzeug/autokatalog/marken-modelle/audi/a1/8x/222371/,Leistung maximal in kW (Systemleistung),63
AUDI,A,A1 8X,2010,2014,Audi A1 1.2 TFSI Attraction (07/10 - 11/14),ICE,https://www.adac.de/rund-ums-fahrzeug/autokatalog/marken-modelle/audi/a1/8x/222371/,Lichtsensor,Paket
AUDI,A,A1 8X,2010,2014,Audi A1 1.2 TFSI Attraction (07/10 - 11/14),ICE,https://www.adac.de/rund-ums-fahrzeug/autokatalog/marken-modelle/audi/a1/8x/222371/,Länge,3954 mm
AUDI,A,A1 8X,2010,2014,Audi A1 1.2 TFSI Attraction (07/10 - 11/14),ICE,https://www.adac.de/rund-ums-fahrzeug/autokatalog/marken-modelle/audi/a1/8x/222371/,Mangelbeschreibung,"Der Motor fängt an Öl zu verlieren. Zuerst wurde die Steuerkettendichtung erneuert, die Drosseklappe, die dichtung des Ladeluftkühlers, jetzt fängt die Ölpumpe an. Man macht ein Loch zu und das nächste geht auf. Nachhaltig ist das nicht, aber kostspielig."
AUDI,A,A1 8X,2010,2014,Audi A1 1.2 TFSI Attraction (07/10 - 11/14),ICE,https://www.adac.de/rund-ums-fahrzeug/autokatalog/marken-modelle/audi/a1/8x/222371/,Marke,Audi
AUDI,A,A1 8X,2010,2014,Audi A1 1.2 TFSI Attraction (07/10 - 11/14),ICE,https://www.adac.de/rund-ums-fahrzeug/autokatalog/marken-modelle/audi/a1/8x/222371/,Metallic-Lackierung,480 Euro
AUDI,A,A1 8X,2010,2014,Audi A1 1.2 TFSI Attraction (07/10 - 11/14),ICE,https://www.adac.de/rund-ums-fahrzeug/autokatalog/marken-modelle/audi/a1/8x/222371/,Modell,A1 1.2 TFSI
AUDI,A,A1 8X,2010,2014,Audi A1 1.2 TFSI Attraction (07/10 - 11/14),ICE,https://www.adac.de/rund-ums-fahrzeug/autokatalog/marken-modelle/audi/a1/8x/222371/,Modellende,11/14
AUDI,A,A1 8X,2010,2014,Audi A1 1.2 TFSI Attraction (07/10 - 11/14),ICE,https://www.adac.de/rund-ums-fahrzeug/autokatalog/marken-modelle/audi/a1/8x/222371/,Modellstart,07/10
AUDI,A,A1 8X,2010,2014,Audi A1 1.2 TFSI Attraction (07/10 - 11/14),ICE,https://www.adac.de/rund-ums-fahrzeug/autokatalog/marken-modelle/audi/a1/8x/222371/,Motorart,Otto
AUDI,A,A1 8X,2010,2014,Audi A1 1.2 TFSI Attraction (07/10 - 11/14),ICE,https://www.adac.de/rund-ums-fahrzeug/autokatalog/marken-modelle/audi/a1/8x/222371/,Motorcode,CBZ
AUDI,A,A1 8X,2010,2014,Audi A1 1.2 TFSI Attraction (07/10 - 11/14),ICE,https://www.adac.de/rund-ums-fahrzeug/autokatalog/marken-modelle/audi/a1/8x/222371/,Navigation,1160 Euro
AUDI,A,A1 8X,2010,2014,Audi A1 1.2 TFSI Attraction (07/10 - 11/14),ICE,https://www.adac.de/rund-ums-fahrzeug/autokatalog/marken-modelle/audi/a1/8x/222371/,Navigation - Bezeichnung,Farbdisplay
AUDI,A,A1 8X,2010,2014,Audi A1 1.2 TFSI Attraction (07/10 - 11/14),ICE,https://www.adac.de/rund-ums-fahrzeug/autokatalog/marken-modelle/audi/a1/8x/222371/,Nebelscheinwerfer,150 Euro
AUDI,A,A1 8X,2010,2014,Audi A1 1.2 TFSI Attraction (07/10 - 11/14),ICE,https://www.adac.de/rund-ums-fahrzeug/autokatalog/marken-modelle/audi/a1/8x/222371/,Nockenwellensteuerung,Steuerkette
AUDI,A,A1 8X,2010,2014,Audi A1 1.2 TFSI Attraction (07/10 - 11/14),ICE,https://www.adac.de/rund-ums-fahrzeug/autokatalog/marken-modelle/audi/a1/8x/222371/,Radio,Serie
AUDI,A,A1 8X,2010,2014,Audi A1 1.2 TFSI Attraction (07/10 - 11/14),ICE,https://www.adac.de/rund-ums-fahrzeug/autokatalog/marken-modelle/audi/a1/8x/222371/,Radio - Bezeichnung,chorus
AUDI,A,A1 8X,2010,2014,Audi A1 1.2 TFSI Attraction (07/10 - 11/14),ICE,https://www.adac.de/rund-ums-fahrzeug/autokatalog/marken-modelle/audi/a1/8x/222371/,Radstand,2469 mm
AUDI,A,A1 8X,2010,2014,Audi A1 1.2 TFSI Attraction (07/10 - 11/14),ICE,https://www.adac.de/rund-ums-fahrzeug/autokatalog/marken-modelle/audi/a1/8x/222371/,Regensensor,Paket
AUDI,A,A1 8X,2010,2014,Audi A1 1.2 TFSI Attraction (07/10 - 11/14),ICE,https://www.adac.de/rund-ums-fahrzeug/autokatalog/marken-modelle/audi/a1/8x/222371/,Reifendruckkontrolle,Serie
AUDI,A,A1 8X,2010,2014,Audi A1 1.2 TFSI Attraction (07/10 - 11/14),ICE,https://www.adac.de/rund-ums-fahrzeug/autokatalog/marken-modelle/audi/a1/8x/222371/,Reifendruckkontrolle - Bezeichnung,indirekte Messung (ABS)
AUDI,A,A1 8X,2010,2014,Audi A1 1.2 TFSI Attraction (07/10 - 11/14),ICE,https://www.adac.de/rund-ums-fahrzeug/autokatalog/marken-modelle/audi/a1/8x/222371/,Reifengröße,185/60R15
AUDI,A,A1 8X,2010,2014,Audi A1 1.2 TFSI Attraction (07/10 - 11/14),ICE,https://www.adac.de/rund-ums-fahrzeug/autokatalog/marken-modelle/audi/a1/8x/222371/,Reparatur,Ja
AUDI,A,A1 8X,2010,2014,Audi A1 1.2 TFSI Attraction (07/10 - 11/14),ICE,https://www.adac.de/rund-ums-fahrzeug/autokatalog/marken-modelle/audi/a1/8x/222371/,Reparaturkosten,11600
AUDI,A,A1 8X,2010,2014,Audi A1 1.2 TFSI Attraction (07/10 - 11/14),ICE,https://www.adac.de/rund-ums-fahrzeug/autokatalog/marken-modelle/audi/a1/8x/222371/,Runflat,Aufpreis
AUDI,A,A1 8X,2010,2014,Audi A1 1.2 TFSI Attraction (07/10 - 11/14),ICE,https://www.adac.de/rund-ums-fahrzeug/autokatalog/marken-modelle/audi/a1/8x/222371/,Rücksitzbank umklappbar,Serie
AUDI,A,A1 8X,2010,2014,Audi A1 1.2 TFSI Attraction (07/10 - 11/14),ICE,https://www.adac.de/rund-ums-fahrzeug/autokatalog/marken-modelle/audi/a1/8x/222371/,Schadstoffklasse,Euro 5
AUDI,A,A1 8X,2010,2014,Audi A1 1.2 TFSI Attraction (07/10 - 11/14),ICE,https://www.adac.de/rund-ums-fahrzeug/autokatalog/marken-modelle/audi/a1/8x/222371/,Schaltpunktanzeige,Paket
AUDI,A,A1 8X,2010,2014,Audi A1 1.2 TFSI Attraction (07/10 - 11/14),ICE,https://www.adac.de/rund-ums-fahrzeug/autokatalog/marken-modelle/audi/a1/8x/222371/,Seitenairbag vorne,Serie
AUDI,A,A1 8X,2010,2014,Audi A1 1.2 TFSI Attraction (07/10 - 11/14),ICE,https://www.adac.de/rund-ums-fahrzeug/autokatalog/marken-modelle/audi/a1/8x/222371/,Servolenkung,Serie
AUDI,A,A1 8X,2010,2014,Audi A1 1.2 TFSI Attraction (07/10 - 11/14),ICE,https://www.adac.de/rund-ums-fahrzeug/autokatalog/marken-modelle/audi/a1/8x/222371/,Sitzanzahl,4
AUDI,A,A1 8X,2010,2014,Audi A1 1.2 TFSI Attraction (07/10 - 11/14),ICE,https://www.adac.de/rund-ums-fahrzeug/autokatalog/marken-modelle/audi/a1/8x/222371/,Sitzanzahl maximal,5
AUDI,A,A1 8X,2010,2014,Audi A1 1.2 TFSI Attraction (07/10 - 11/14),ICE,https://www.adac.de/rund-ums-fahrzeug/autokatalog/marken-modelle/audi/a1/8x/222371/,Start-/Stopp-Automatik (Verbrennungsmotor),Serie
AUDI,A,A1 8X,2010,2014,Audi A1 1.2 TFSI Attraction (07/10 - 11/14),ICE,https://www.adac.de/rund-ums-fahrzeug/autokatalog/marken-modelle/audi/a1/8x/222371/,Stützlast,50 kg
AUDI,A,A1 8X,2010,2014,Audi A1 1.2 TFSI Attraction (07/10 - 11/14),ICE,https://www.adac.de/rund-ums-fahrzeug/autokatalog/marken-modelle/audi/a1/8x/222371/,Tankgröße,"45,0 l"
AUDI,A,A1 8X,2010,2014,Audi A1 1.2 TFSI Attraction (07/10 - 11/14),ICE,https://www.adac.de/rund-ums-fahrzeug/autokatalog/marken-modelle/audi/a1/8x/222371/,Teilkaskobeitrag 150 € SB,328 €
AUDI,A,A1 8X,2010,2014,Audi A1 1.2 TFSI Attraction (07/10 - 11/14),ICE,https://www.adac.de/rund-ums-fahrzeug/autokatalog/marken-modelle/audi/a1/8x/222371/,Typ,Attraction
AUDI,A,A1 8X,2010,2014,Audi A1 1.2 TFSI Attraction (07/10 - 11/14),ICE,https://www.adac.de/rund-ums-fahrzeug/autokatalog/marken-modelle/audi/a1/8x/222371/,Typklassen (KH/VK/TK),17/14/16
AUDI,A,A1 8X,2010,2014,Audi A1 1.2 TFSI Attraction (07/10 - 11/14),ICE,https://www.adac.de/rund-ums-fahrzeug/autokatalog/marken-modelle/audi/a1/8x/222371/,Türanzahl,3
AUDI,A,A1 8X,2010,2014,Audi A1 1.2 TFSI Attraction (07/10 - 11/14),ICE,https://www.adac.de/rund-ums-fahrzeug/autokatalog/marken-modelle/audi/a1/8x/222371/,Verbrauch Außerorts (NEFZ),"4,4 l/100 km"
AUDI,A,A1 8X,2010,2014,Audi A1 1.2 TFSI Attraction (07/10 - 11/14),ICE,https://www.adac.de/rund-ums-fahrzeug/autokatalog/marken-modelle/audi/a1/8x/222371/,Verbrauch Gesamt (NEFZ),"5,1 l/100 km"
AUDI,A,A1 8X,2010,2014,Audi A1 1.2 TFSI Attraction (07/10 - 11/14),ICE,https://www.adac.de/rund-ums-fahrzeug/autokatalog/marken-modelle/audi/a1/8x/222371/,Verbrauch Innerorts (NEFZ),"6,2 l/100 km"
AUDI,A,A1 8X,2010,2014,Audi A1 1.2 TFSI Attraction (07/10 - 11/14),ICE,https://www.adac.de/rund-ums-fahrzeug/autokatalog/marken-modelle/audi/a1/8x/222371/,Vollkaskobetrag 100% 500 € SB,908 €
AUDI,A,A1 8X,2010,2014,Audi A1 1.2 TFSI Attraction (07/10 - 11/14),ICE,https://www.adac.de/rund-ums-fahrzeug/autokatalog/marken-modelle/audi/a1/8x/222371/,WLAN Hotspot,Paket
AUDI,A,A1 8X,2010,2014,Audi A1 1.2 TFSI Attraction (07/10 - 11/14),ICE,https://www.adac.de/rund-ums-fahrzeug/autokatalog/marken-modelle/audi/a1/8x/222371/,Wendekreis,"10,6 m"
AUDI,A,A1 8X,2010,2014,Audi A1 1.2 TFSI Attraction (07/10 - 11/14),ICE,https://www.adac.de/rund-ums-fahrzeug/autokatalog/marken-modelle/audi/a1/8x/222371/,Werkstattkosten,90 €
AUDI,A,A1 8X,2010,2014,Audi A1 1.2 TFSI Attraction (07/10 - 11/14),ICE,https://www.adac.de/rund-ums-fahrzeug/autokatalog/marken-modelle/audi/a1/8x/222371/,Wertverlust,44 €
AUDI,A,A1 8X,2010,2014,Audi A1 1.2 TFSI Attraction (07/10 - 11/14),ICE,https://www.adac.de/rund-ums-fahrzeug/autokatalog/marken-modelle/audi/a1/8x/222371/,Xenon-Scheinwerfer,750 Euro
AUDI,A,A1 8X,2010,2014,Audi A1 1.2 TFSI Attraction (07/10 - 11/14),ICE,https://www.adac.de/rund-ums-fahrzeug/autokatalog/marken-modelle/audi/a1/8x/222371/,Zentralverriegelung,Serie
AUDI,A,A1 8X,2010,2014,Audi A1 1.2 TFSI Attraction (07/10 - 11/14),ICE,https://www.adac.de/rund-ums-fahrzeug/autokatalog/marken-modelle/audi/a1/8x/222371/,Zul. Gesamtgewicht,1490 kg
AUDI,A,A1 8X,2010,2014,Audi A1 1.2 TFSI Attraction (07/10 - 11/14),ICE,https://www.adac.de/rund-ums-fahrzeug/autokatalog/marken-modelle/audi/a1/8x/222371/,Zuladung,375 kg
AUDI,A,A1 8X,2010,2014,Audi A1 1.2 TFSI Attraction (07/10 - 11/14),ICE,https://www.adac.de/rund-ums-fahrzeug/autokatalog/marken-modelle/audi/a1/8x/222371/,Zusätzliche Garantien,"Mobilitätsgarantie: 2 Jahre europaweit, erweiterbar auf lebenslang unter Einhaltung aller Inspektionen;"
AUDI,A,A1 8X,2010,2014,Audi A1 1.4 TFSI Ambition (07/10 - 11/14),ICE,https://www.adac.de/rund-ums-fahrzeug/autokatalog/marken-modelle/audi/a1/8x/222372/,3-Punkt-Gurt hinten Mitte,Paket
AUDI,A,A1 8X,2010,2014,Audi A1 1.4 TFSI Ambition (07/10 - 11/14),ICE,https://www.adac.de/rund-ums-fahrzeug/autokatalog/marken-modelle/audi/a1/8x/222372/,3-Punkt-Gurt hinten Mitte - Bezeichnung,3-Punkt Gurt
AUDI,A,A1 8X,2010,2014,Audi A1 1.4 TFSI Ambition (07/10 - 11/14),ICE,https://www.adac.de/rund-ums-fahrzeug/autokatalog/marken-modelle/audi/a1/8x/222372/,ABS,Serie
AUDI,A,A1 8X,2010,2014,Audi A1 1.4 TFSI Ambition (07/10 - 11/14),ICE,https://www.adac.de/rund-ums-fahrzeug/autokatalog/marken-modelle/audi/a1/8x/222372/,ADAC Testverbrauch,"6,6 / 4,5 / 6,8 l/100km
(Innerorts / Außerorts / Autobahn)"
AUDI,A,A1 8X,2010,2014,Audi A1 1.4 TFSI Ambition (07/10 - 11/14),ICE,https://www.adac.de/rund-ums-fahrzeug/autokatalog/marken-modelle/audi/a1/8x/222372/,ADAC Urteil Autotest,"2,0"
AUDI,A,A1 8X,2010,2014,Audi A1 1.4 TFSI Ambition (07/10 - 11/14),ICE,https://www.adac.de/rund-ums-fahrzeug/autokatalog/marken-modelle/audi/a1/8x/222372/,Abgasreinigung (Verbrennungsmotor),geregelt
AUDI,A,A1 8X,2010,2014,Audi A1 1.4 TFSI Ambition (07/10 - 11/14),ICE,https://www.adac.de/rund-ums-fahrzeug/autokatalog/marken-modelle/audi/a1/8x/222372/,Airbag Beifahrer,Serie
AUDI,A,A1 8X,2010,2014,Audi A1 1.4 TFSI Ambition (07/10 - 11/14),ICE,https://www.adac.de/rund-ums-fahrzeug/autokatalog/marken-modelle/audi/a1/8x/222372/,Airbag Deaktivierung,40 Euro
AUDI,A,A1 8X,2010,2014,Audi A1 1.4 TFSI Ambition (07/10 - 11/14),ICE,https://www.adac.de/rund-ums-fahrzeug/autokatalog/marken-modelle/audi/a1/8x/222372/,Airbag Deaktivierung - Bezeichnung,Schlüsselschalter
AUDI,A,A1 8X,2010,2014,Audi A1 1.4 TFSI Ambition (07/10 - 11/14),ICE,https://www.adac.de/rund-ums-fahrzeug/autokatalog/marken-modelle/audi/a1/8x/222372/,Airbag Fahrer,Serie
AUDI,A,A1 8X,2010,2014,Audi A1 1.4 TFSI Ambition (07/10 - 11/14),ICE,https://www.adac.de/rund-ums-fahrzeug/autokatalog/marken-modelle/audi/a1/8x/222372/,Aktive Kopfstützen,Serie
AUDI,A,A1 8X,2010,2014,Audi A1 1.4 TFSI Ambition (07/10 - 11/14),ICE,https://www.adac.de/rund-ums-fahrzeug/autokatalog/marken-modelle/audi/a1/8x/222372/,Alufelgen,Serie
AUDI,A,A1 8X,2010,2014,Audi A1 1.4 TFSI Ambition (07/10 - 11/14),ICE,https://www.adac.de/rund-ums-fahrzeug/autokatalog/marken-modelle/audi/a1/8x/222372/,Anhängelast gebremst 12%,1200 kg
AUDI,A,A1 8X,2010,2014,Audi A1 1.4 TFSI Ambition (07/10 - 11/14),ICE,https://www.adac.de/rund-ums-fahrzeug/autokatalog/marken-modelle/audi/a1/8x/222372/,Anhängelast ungebremst,580 kg
AUDI,A,A1 8X,2010,2014,Audi A1 1.4 TFSI Ambition (07/10 - 11/14),ICE,https://www.adac.de/rund-ums-fahrzeug/autokatalog/marken-modelle/audi/a1/8x/222372/,Antrieb,"1,2"
AUDI,A,A1 8X,2010,2014,Audi A1 1.4 TFSI Ambition (07/10 - 11/14),ICE,https://www.adac.de/rund-ums-fahrzeug/autokatalog/marken-modelle/audi/a1/8x/222372/,Antriebsart,Vorderrad
AUDI,A,A1 8X,2010,2014,Audi A1 1.4 TFSI Ambition (07/10 - 11/14),ICE,https://www.adac.de/rund-ums-fahrzeug/autokatalog/marken-modelle/audi/a1/8x/222372/,Antriebsschlupfregelung,Serie
AUDI,A,A1 8X,2010,2014,Audi A1 1.4 TFSI Ambition (07/10 - 11/14),ICE,https://www.adac.de/rund-ums-fahrzeug/autokatalog/marken-modelle/audi/a1/8x/222372/,Antriebsschlupfregelung - Bezeichnung,Autom. Stabilitätskontrolle mit Traktion
AUDI,A,A1 8X,2010,2014,Audi A1 1.4 TFSI Ambition (07/10 - 11/14),ICE,https://www.adac.de/rund-ums-fahrzeug/autokatalog/marken-modelle/audi/a1/8x/222372/,Anzahl Gänge,6
AUDI,A,A1 8X,2010,2014,Audi A1 1.4 TFSI Ambition (07/10 - 11/14),ICE,https://www.adac.de/rund-ums-fahrzeug/autokatalog/marken-modelle/audi/a1/8x/222372/,Anzahl Ventile (Verbrennungsmotor),4
AUDI,A,A1 8X,2010,2014,Audi A1 1.4 TFSI Ambition (07/10 - 11/14),ICE,https://www.adac.de/rund-ums-fahrzeug/autokatalog/marken-modelle/audi/a1/8x/222372/,Anzahl Zylinder (Verbrennungsmotor),4
AUDI,A,A1 8X,2010,2014,Audi A1 1.4 TFSI Ambition (07/10 - 11/14),ICE,https://www.adac.de/rund-ums-fahrzeug/autokatalog/marken-modelle/audi/a1/8x/222372/,Aufladung (Verbrennungsmotor),Turbo
AUDI,A,A1 8X,2010,2014,Audi A1 1.4 TFSI Ambition (07/10 - 11/14),ICE,https://www.adac.de/rund-ums-fahrzeug/autokatalog/marken-modelle/audi/a1/8x/222372/,Autokosten,"3,6"
AUDI,A,A1 8X,2010,2014,Audi A1 1.4 TFSI Ambition (07/10 - 11/14),ICE,https://www.adac.de/rund-ums-fahrzeug/autokatalog/marken-modelle/audi/a1/8x/222372/,Baureihe,A1 (8X) (07/10 - 11/14)
AUDI,A,A1 8X,2010,2014,Audi A1 1.4 TFSI Ambition (07/10 - 11/14),ICE,https://www.adac.de/rund-ums-fahrzeug/autokatalog/marken-modelle/audi/a1/8x/222372/,Baureihenende,11/14
AUDI,A,A1 8X,2010,2014,Audi A1 1.4 TFSI Ambition (07/10 - 11/14),ICE,https://www.adac.de/rund-ums-fahrzeug/autokatalog/marken-modelle/audi/a1/8x/222372/,Baureihenstart,07/10
AUDI,A,A1 8X,2010,2014,Audi A1 1.4 TFSI Ambition (07/10 - 11/14),ICE,https://www.adac.de/rund-ums-fahrzeug/autokatalog/marken-modelle/audi/a1/8x/222372/,Bemerkung,keine Angaben
AUDI,A,A1 8X,2010,2014,Audi A1 1.4 TFSI Ambition (07/10 - 11/14),ICE,https://www.adac.de/rund-ums-fahrzeug/autokatalog/marken-modelle/audi/a1/8x/222372/,Berganfahrassistent,60 Euro
AUDI,A,A1 8X,2010,2014,Audi A1 1.4 TFSI Ambition (07/10 - 11/14),ICE,https://www.adac.de/rund-ums-fahrzeug/autokatalog/marken-modelle/audi/a1/8x/222372/,Beschleunigung 0-100km/h,"8,9 s"
AUDI,A,A1 8X,2010,2014,Audi A1 1.4 TFSI Ambition (07/10 - 11/14),ICE,https://www.adac.de/rund-ums-fahrzeug/autokatalog/marken-modelle/audi/a1/8x/222372/,Betriebskosten,157 €
AUDI,A,A1 8X,2010,2014,Audi A1 1.4 TFSI Ambition (07/10 - 11/14),ICE,https://www.adac.de/rund-ums-fahrzeug/autokatalog/marken-modelle/audi/a1/8x/222372/,Betroffene Baugruppe,Motormechanik
AUDI,A,A1 8X,2010,2014,Audi A1 1.4 TFSI Ambition (07/10 - 11/14),ICE,https://www.adac.de/rund-ums-fahrzeug/autokatalog/marken-modelle/audi/a1/8x/222372/,Betroffenes Modell,"Audi A1, 2010"
AUDI,A,A1 8X,2010,2014,Audi A1 1.4 TFSI Ambition (07/10 - 11/14),ICE,https://www.adac.de/rund-ums-fahrzeug/autokatalog/marken-modelle/audi/a1/8x/222372/,Breite,1740 mm
AUDI,A,A1 8X,2010,2014,Audi A1 1.4 TFSI Ambition (07/10 - 11/14),ICE,https://www.adac.de/rund-ums-fahrzeug/autokatalog/marken-modelle/audi/a1/8x/222372/,Breite (inkl. Außenspiegel),1906 mm
AUDI,A,A1 8X,2010,2014,Audi A1 1.4 TFSI Ambition (07/10 - 11/14),ICE,https://www.adac.de/rund-ums-fahrzeug/autokatalog/marken-modelle/audi/a1/8x/222372/,Bremsassistent,Serie
AUDI,A,A1 8X,2010,2014,Audi A1 1.4 TFSI Ambition (07/10 - 11/14),ICE,https://www.adac.de/rund-ums-fahrzeug/autokatalog/marken-modelle/audi/a1/8x/222372/,Bremsassistent - Bezeichnung,Hydraulischer Bremsassistent
AUDI,A,A1 8X,2010,2014,Audi A1 1.4 TFSI Ambition (07/10 - 11/14),ICE,https://www.adac.de/rund-ums-fahrzeug/autokatalog/marken-modelle/audi/a1/8x/222372/,Bremse hinten,Scheibe
AUDI,A,A1 8X,2010,2014,Audi A1 1.4 TFSI Ambition (07/10 - 11/14),ICE,https://www.adac.de/rund-ums-fahrzeug/autokatalog/marken-modelle/audi/a1/8x/222372/,Bremse vorne,Scheibe
AUDI,A,A1 8X,2010,2014,Audi A1 1.4 TFSI Ambition (07/10 - 11/14),ICE,https://www.adac.de/rund-ums-fahrzeug/autokatalog/marken-modelle/audi/a1/8x/222372/,Bremslicht dynamisch,Serie
AUDI,A,A1 8X,2010,2014,Audi A1 1.4 TFSI Ambition (07/10 - 11/14),ICE,https://www.adac.de/rund-ums-fahrzeug/autokatalog/marken-modelle/audi/a1/8x/222372/,Bremslicht dynamisch - Bezeichnung,Flashing Brake Light und Aktivierung der Warnblinkanlage (kurz vor Stillstand)
AUDI,A,A1 8X,2010,2014,Audi A1 1.4 TFSI Ambition (07/10 - 11/14),ICE,https://www.adac.de/rund-ums-fahrzeug/autokatalog/marken-modelle/audi/a1/8x/222372/,C02,27 Punkte
AUDI,A,A1 8X,2010,2014,Audi A1 1.4 TFSI Ambition (07/10 - 11/14),ICE,https://www.adac.de/rund-ums-fahrzeug/autokatalog/marken-modelle/audi/a1/8x/222372/,C02-Ausstoß,"124 / 149 g pro km
(Herstellerangaben/ ADAC Ecotest)"
AUDI,A,A1 8X,2010,2014,Audi A1 1.4 TFSI Ambition (07/10 - 11/14),ICE,https://www.adac.de/rund-ums-fahrzeug/autokatalog/marken-modelle/audi/a1/8x/222372/,CO2-Effizienzklasse,C
AUDI,A,A1 8X,2010,2014,Audi A1 1.4 TFSI Ambition (07/10 - 11/14),ICE,https://www.adac.de/rund-ums-fahrzeug/autokatalog/marken-modelle/audi/a1/8x/222372/,CO2-Wert (NEFZ),124 g/km
AUDI,A,A1 8X,2010,2014,Audi A1 1.4 TFSI Ambition (07/10 - 11/14),ICE,https://www.adac.de/rund-ums-fahrzeug/autokatalog/marken-modelle/audi/a1/8x/222372/,Dachlast,75 kg
AUDI,A,A1 8X,2010,2014,Audi A1 1.4 TFSI Ambition (07/10 - 11/14),ICE,https://www.adac.de/rund-ums-fahrzeug/autokatalog/marken-modelle/audi/a1/8x/222372/,Digitaler Radioempfang (DAB),300 Euro
AUDI,A,A1 8X,2010,2014,Audi A1 1.4 TFSI Ambition (07/10 - 11/14),ICE,https://www.adac.de/rund-ums-fahrzeug/autokatalog/marken-modelle/audi/a1/8x/222372/,Drehmoment (Systemleistung),200 Nm
AUDI,A,A1 8X,2010,2014,Audi A1 1.4 TFSI Ambition (07/10 - 11/14),ICE,https://www.adac.de/rund-ums-fahrzeug/autokatalog/marken-modelle/audi/a1/8x/222372/,Drehmoment maximal bei U/min. (Verbrennungsmotor),1500 U/min
AUDI,A,A1 8X,2010,2014,Audi A1 1.4 TFSI Ambition (07/10 - 11/14),ICE,https://www.adac.de/rund-ums-fahrzeug/autokatalog/marken-modelle/audi/a1/8x/222372/,Durchrostung,12 Jahre
AUDI,A,A1 8X,2010,2014,Audi A1 1.4 TFSI Ambition (07/10 - 11/14),ICE,https://www.adac.de/rund-ums-fahrzeug/autokatalog/marken-modelle/audi/a1/8x/222372/,Ecotest Urteil,Die Bewertung für dieses Produkt beträgt 4 von möglichen 5 Sternen.
AUDI,A,A1 8X,2010,2014,Audi A1 1.4 TFSI Ambition (07/10 - 11/14),ICE,https://www.adac.de/rund-ums-fahrzeug/autokatalog/marken-modelle/audi/a1/8x/222372/,Einbauposition / Motorbauart (Verbrennungsmotor),Frontmotor / Reihe
AUDI,A,A1 8X,2010,2014,Audi A1 1.4 TFSI Ambition (07/10 - 11/14),ICE,https://www.adac.de/rund-ums-fahrzeug/autokatalog/marken-modelle/audi/a1/8x/222372/,Einparkhilfe,330 Euro
AUDI,A,A1 8X,2010,2014,Audi A1 1.4 TFSI Ambition (07/10 - 11/14),ICE,https://www.adac.de/rund-ums-fahrzeug/autokatalog/marken-modelle/audi/a1/8x/222372/,Einparkhilfe - Bezeichnung,hinten
AUDI,A,A1 8X,2010,2014,Audi A1 1.4 TFSI Ambition (07/10 - 11/14),ICE,https://www.adac.de/rund-ums-fahrzeug/autokatalog/marken-modelle/audi/a1/8x/222372/,Fahrdynamikregelung,Serie
AUDI,A,A1 8X,2010,2014,Audi A1 1.4 TFSI Ambition (07/10 - 11/14),ICE,https://www.adac.de/rund-ums-fahrzeug/autokatalog/marken-modelle/audi/a1/8x/222372/,Fahrdynamikregelung - Bezeichnung,Elektronisches Stabilitätsprogramm
AUDI,A,A1 8X,2010,2014,Audi A1 1.4 TFSI Ambition (07/10 - 11/14),ICE,https://www.adac.de/rund-ums-fahrzeug/autokatalog/marken-modelle/audi/a1/8x/222372/,Fahreigenschaften,"1,5"
AUDI,A,A1 8X,2010,2014,Audi A1 1.4 TFSI Ambition (07/10 - 11/14),ICE,https://www.adac.de/rund-ums-fahrzeug/autokatalog/marken-modelle/audi/a1/8x/222372/,Fahrgeräusch,72 dB
AUDI,A,A1 8X,2010,2014,Audi A1 1.4 TFSI Ambition (07/10 - 11/14),ICE,https://www.adac.de/rund-ums-fahrzeug/autokatalog/marken-modelle/audi/a1/8x/222372/,Fahrzeugklasse,Kleinwagen (z.B. Polo)
AUDI,A,A1 8X,2010,2014,Audi A1 1.4 TFSI Ambition (07/10 - 11/14),ICE,https://www.adac.de/rund-ums-fahrzeug/autokatalog/marken-modelle/audi/a1/8x/222372/,Federung hinten,Schraube
AUDI,A,A1 8X,2010,2014,Audi A1 1.4 TFSI Ambition (07/10 - 11/14),ICE,https://www.adac.de/rund-ums-fahrzeug/autokatalog/marken-modelle/audi/a1/8x/222372/,Federung vorne,Schraube
AUDI,A,A1 8X,2010,2014,Audi A1 1.4 TFSI Ambition (07/10 - 11/14),ICE,https://www.adac.de/rund-ums-fahrzeug/autokatalog/marken-modelle/audi/a1/8x/222372/,Fensterheber elektr. vorne,Serie
AUDI,A,A1 8X,2010,2014,Audi A1 1.4 TFSI Ambition (07/10 - 11/14),ICE,https://www.adac.de/rund-ums-fahrzeug/autokatalog/marken-modelle/audi/a1/8x/222372/,Fernlichtassistent,135 Euro
AUDI,A,A1 8X,2010,2014,Audi A1 1.4 TFSI Ambition (07/10 - 11/14),ICE,https://www.adac.de/rund-ums-fahrzeug/autokatalog/marken-modelle/audi/a1/8x/222372/,Fixkosten,117 €
AUDI,A,A1 8X,2010,2014,Audi A1 1.4 TFSI Ambition (07/10 - 11/14),ICE,https://www.adac.de/rund-ums-fahrzeug/autokatalog/marken-modelle/audi/a1/8x/222372/,Freisprecheinrichtung,300 Euro
AUDI,A,A1 8X,2010,2014,Audi A1 1.4 TFSI Ambition (07/10 - 11/14),ICE,https://www.adac.de/rund-ums-fahrzeug/autokatalog/marken-modelle/audi/a1/8x/222372/,Garantie (Fahrzeug),2 Jahre
AUDI,A,A1 8X,2010,2014,Audi A1 1.4 TFSI Ambition (07/10 - 11/14),ICE,https://www.adac.de/rund-ums-fahrzeug/autokatalog/marken-modelle/audi/a1/8x/222372/,Gemischaufbereitung (Verbrennungsmotor),Direkteinspritzung
AUDI,A,A1 8X,2010,2014,Audi A1 1.4 TFSI Ambition (07/10 - 11/14),ICE,https://www.adac.de/rund-ums-fahrzeug/autokatalog/marken-modelle/audi/a1/8x/222372/,Gesamtpunktzahl,75 Punkte
AUDI,A,A1 8X,2010,2014,Audi A1 1.4 TFSI Ambition (07/10 - 11/14),ICE,https://www.adac.de/rund-ums-fahrzeug/autokatalog/marken-modelle/audi/a1/8x/222372/,Getriebeart,Schaltgetriebe
AUDI,A,A1 8X,2010,2014,Audi A1 1.4 TFSI Ambition (07/10 - 11/14),ICE,https://www.adac.de/rund-ums-fahrzeug/autokatalog/marken-modelle/audi/a1/8x/222372/,Grundpreis,20600 Euro
AUDI,A,A1 8X,2010,2014,Audi A1 1.4 TFSI Ambition (07/10 - 11/14),ICE,https://www.adac.de/rund-ums-fahrzeug/autokatalog/marken-modelle/audi/a1/8x/222372/,HSN/TSN Schlüsselnummern,0588/ANX
AUDI,A,A1 8X,2010,2014,Audi A1 1.4 TFSI Ambition (07/10 - 11/14),ICE,https://www.adac.de/rund-ums-fahrzeug/autokatalog/marken-modelle/audi/a1/8x/222372/,Haftpflichtbeitrag 100%,1.250 €
AUDI,A,A1 8X,2010,2014,Audi A1 1.4 TFSI Ambition (07/10 - 11/14),ICE,https://www.adac.de/rund-ums-fahrzeug/autokatalog/marken-modelle/audi/a1/8x/222372/,Herstellerinterne Baureihenbezeichnung,8X
AUDI,A,A1 8X,2010,2014,Audi A1 1.4 TFSI Ambition (07/10 - 11/14),ICE,https://www.adac.de/rund-ums-fahrzeug/autokatalog/marken-modelle/audi/a1/8x/222372/,Hubraum,1390 ccm
AUDI,A,A1 8X,2010,2014,Audi A1 1.4 TFSI Ambition (07/10 - 11/14),ICE,https://www.adac.de/rund-ums-fahrzeug/autokatalog/marken-modelle/audi/a1/8x/222372/,Hubraum (Verbrennungsmotor),1390 ccm
AUDI,A,A1 8X,2010,2014,Audi A1 1.4 TFSI Ambition (07/10 - 11/14),ICE,https://www.adac.de/rund-ums-fahrzeug/autokatalog/marken-modelle/audi/a1/8x/222372/,Höchstgeschwindigkeit,203 km/h
AUDI,A,A1 8X,2010,2014,Audi A1 1.4 TFSI Ambition (07/10 - 11/14),ICE,https://www.adac.de/rund-ums-fahrzeug/autokatalog/marken-modelle/audi/a1/8x/222372/,Höhe,1417 mm
AUDI,A,A1 8X,2010,2014,Audi A1 1.4 TFSI Ambition (07/10 - 11/14),ICE,https://www.adac.de/rund-ums-fahrzeug/autokatalog/marken-modelle/audi/a1/8x/222372/,Innenraum,"2,1"
AUDI,A,A1 8X,2010,2014,Audi A1 1.4 TFSI Ambition (07/10 - 11/14),ICE,https://www.adac.de/rund-ums-fahrzeug/autokatalog/marken-modelle/audi/a1/8x/222372/,Isofix,Serie
AUDI,A,A1 8X,2010,2014,Audi A1 1.4 TFSI Ambition (07/10 - 11/14),ICE,https://www.adac.de/rund-ums-fahrzeug/autokatalog/marken-modelle/audi/a1/8x/222372/,Isofix - Bezeichnung,Nur hinten
AUDI,A,A1 8X,2010,2014,Audi A1 1.4 TFSI Ambition (07/10 - 11/14),ICE,https://www.adac.de/rund-ums-fahrzeug/autokatalog/marken-modelle/audi/a1/8x/222372/,KFZ-Steuer ohne Befreiung/Jahr (kann durch WLTP abweichen),86 Euro
AUDI,A,A1 8X,2010,2014,Audi A1 1.4 TFSI Ambition (07/10 - 11/14),ICE,https://www.adac.de/rund-ums-fahrzeug/autokatalog/marken-modelle/audi/a1/8x/222372/,KFZ-Steuer pro Jahr ohne Steuerbefreiung,86 €
AUDI,A,A1 8X,2010,2014,Audi A1 1.4 TFSI Ambition (07/10 - 11/14),ICE,https://www.adac.de/rund-ums-fahrzeug/autokatalog/marken-modelle/audi/a1/8x/222372/,Karosserie,"2,7"
AUDI,A,A1 8X,2010,2014,Audi A1 1.4 TFSI Ambition (07/10 - 11/14),ICE,https://www.adac.de/rund-ums-fahrzeug/autokatalog/marken-modelle/audi/a1/8x/222372/,Klassenübliche Ausstattung nach ADAC-Vorgabe,1490 Euro
AUDI,A,A1 8X,2010,2014,Audi A1 1.4 TFSI Ambition (07/10 - 11/14),ICE,https://www.adac.de/rund-ums-fahrzeug/autokatalog/marken-modelle/audi/a1/8x/222372/,Klimaanlage,Serie
AUDI,A,A1 8X,2010,2014,Audi A1 1.4 TFSI Ambition (07/10 - 11/14),ICE,https://www.adac.de/rund-ums-fahrzeug/autokatalog/marken-modelle/audi/a1/8x/222372/,Km-Stand bei Mangel,25000
AUDI,A,A1 8X,2010,2014,Audi A1 1.4 TFSI Ambition (07/10 - 11/14),ICE,https://www.adac.de/rund-ums-fahrzeug/autokatalog/marken-modelle/audi/a1/8x/222372/,Kofferraumvolumen dachhoch mit umgeklappter Rücksitzbank,920 l
AUDI,A,A1 8X,2010,2014,Audi A1 1.4 TFSI Ambition (07/10 - 11/14),ICE,https://www.adac.de/rund-ums-fahrzeug/autokatalog/marken-modelle/audi/a1/8x/222372/,Kofferraumvolumen normal,270 l
AUDI,A,A1 8X,2010,2014,Audi A1 1.4 TFSI Ambition (07/10 - 11/14),ICE,https://www.adac.de/rund-ums-fahrzeug/autokatalog/marken-modelle/audi/a1/8x/222372/,Komfort,"2,3"
AUDI,A,A1 8X,2010,2014,Audi A1 1.4 TFSI Ambition (07/10 - 11/14),ICE,https://www.adac.de/rund-ums-fahrzeug/autokatalog/marken-modelle/audi/a1/8x/222372/,Kopfairbag hinten,Serie
AUDI,A,A1 8X,2010,2014,Audi A1 1.4 TFSI Ambition (07/10 - 11/14),ICE,https://www.adac.de/rund-ums-fahrzeug/autokatalog/marken-modelle/audi/a1/8x/222372/,Kopfairbag hinten - Bezeichnung,Windowbag
AUDI,A,A1 8X,2010,2014,Audi A1 1.4 TFSI Ambition (07/10 - 11/14),ICE,https://www.adac.de/rund-ums-fahrzeug/autokatalog/marken-modelle/audi/a1/8x/222372/,Kopfairbag vorne,Serie
AUDI,A,A1 8X,2010,2014,Audi A1 1.4 TFSI Ambition (07/10 - 11/14),ICE,https://www.adac.de/rund-ums-fahrzeug/autokatalog/marken-modelle/audi/a1/8x/222372/,Kopfairbag vorne - Bezeichnung,Windowbag
AUDI,A,A1 8X,2010,2014,Audi A1 1.4 TFSI Ambition (07/10 - 11/14),ICE,https://www.adac.de/rund-ums-fahrzeug/autokatalog/marken-modelle/audi/a1/8x/222372/,Kopfstütze hinten Mitte,Paket
AUDI,A,A1 8X,2010,2014,Audi A1 1.4 TFSI Ambition (07/10 - 11/14),ICE,https://www.adac.de/rund-ums-fahrzeug/autokatalog/marken-modelle/audi/a1/8x/222372/,Kopfstützen hinten,Serie
AUDI,A,A1 8X,2010,2014,Audi A1 1.4 TFSI Ambition (07/10 - 11/14),ICE,https://www.adac.de/rund-ums-fahrzeug/autokatalog/marken-modelle/audi/a1/8x/222372/,Kraftstoffart,Super
AUDI,A,A1 8X,2010,2014,Audi A1 1.4 TFSI Ambition (07/10 - 11/14),ICE,https://www.adac.de/rund-ums-fahrzeug/autokatalog/marken-modelle/audi/a1/8x/222372/,Kulanz,Ja
AUDI,A,A1 8X,2010,2014,Audi A1 1.4 TFSI Ambition (07/10 - 11/14),ICE,https://www.adac.de/rund-ums-fahrzeug/autokatalog/marken-modelle/audi/a1/8x/222372/,Lackgarantie,3 Jahre
AUDI,A,A1 8X,2010,2014,Audi A1 1.4 TFSI Ambition (07/10 - 11/14),ICE,https://www.adac.de/rund-ums-fahrzeug/autokatalog/marken-modelle/audi/a1/8x/222372/,Lederausstattung,1200 Euro
AUDI,A,A1 8X,2010,2014,Audi A1 1.4 TFSI Ambition (07/10 - 11/14),ICE,https://www.adac.de/rund-ums-fahrzeug/autokatalog/marken-modelle/audi/a1/8x/222372/,Leergewicht (EU),1175 kg
AUDI,A,A1 8X,2010,2014,Audi A1 1.4 TFSI Ambition (07/10 - 11/14),ICE,https://www.adac.de/rund-ums-fahrzeug/autokatalog/marken-modelle/audi/a1/8x/222372/,Leistung,90 kW
AUDI,A,A1 8X,2010,2014,Audi A1 1.4 TFSI Ambition (07/10 - 11/14),ICE,https://www.adac.de/rund-ums-fahrzeug/autokatalog/marken-modelle/audi/a1/8x/222372/,Leistung / Drehmoment (Verbrennungsmotor),90 kW (122 PS) / 200 Nm
AUDI,A,A1 8X,2010,2014,Audi A1 1.4 TFSI Ambition (07/10 - 11/14),ICE,https://www.adac.de/rund-ums-fahrzeug/autokatalog/marken-modelle/audi/a1/8x/222372/,Leistung in kW,90
AUDI,A,A1 8X,2010,2014,Audi A1 1.4 TFSI Ambition (07/10 - 11/14),ICE,https://www.adac.de/rund-ums-fahrzeug/autokatalog/marken-modelle/audi/a1/8x/222372/,Leistung maximal bei U/min. (Verbrennungsmotor),5000 U/min
AUDI,A,A1 8X,2010,2014,Audi A1 1.4 TFSI Ambition (07/10 - 11/14),ICE,https://www.adac.de/rund-ums-fahrzeug/autokatalog/marken-modelle/audi/a1/8x/222372/,Leistung maximal in PS (Systemleistung),122
AUDI,A,A1 8X,2010,2014,Audi A1 1.4 TFSI Ambition (07/10 - 11/14),ICE,https://www.adac.de/rund-ums-fahrzeug/autokatalog/marken-modelle/audi/a1/8x/222372/,Leistung maximal in kW (Systemleistung),90
AUDI,A,A1 8X,2010,2014,Audi A1 1.4 TFSI Ambition (07/10 - 11/14),ICE,https://www.adac.de/rund-ums-fahrzeug/autokatalog/marken-modelle/audi/a1/8x/222372/,Lichtsensor,Paket
AUDI,A,A1 8X,2010,2014,Audi A1 1.4 TFSI Ambition (07/10 - 11/14),ICE,https://www.adac.de/rund-ums-fahrzeug/autokatalog/marken-modelle/audi/a1/8x/222372/,Länge,3954 mm
AUDI,A,A1 8X,2010,2014,Audi A1 1.4 TFSI Ambition (07/10 - 11/14),ICE,https://www.adac.de/rund-ums-fahrzeug/autokatalog/marken-modelle/audi/a1/8x/222372/,Mangelbeschreibung,wellenartiges Beschleunigen - Turbolader wurde getauscht
AUDI,A,A1 8X,2010,2014,Audi A1 1.4 TFSI Ambition (07/10 - 11/14),ICE,https://www.adac.de/rund-ums-fahrzeug/autokatalog/marken-modelle/audi/a1/8x/222372/,Marke,Audi
AUDI,A,A1 8X,2010,2014,Audi A1 1.4 TFSI Ambition (07/10 - 11/14),ICE,https://www.adac.de/rund-ums-fahrzeug/autokatalog/marken-modelle/audi/a1/8x/222372/,Max.Drehmoment,200 Nm bei 1500 U/min
AUDI,A,A1 8X,2010,2014,Audi A1 1.4 TFSI Ambition (07/10 - 11/14),ICE,https://www.adac.de/rund-ums-fahrzeug/autokatalog/marken-modelle/audi/a1/8x/222372/,Metallic-Lackierung,480 Euro
AUDI,A,A1 8X,2010,2014,Audi A1 1.4 TFSI Ambition (07/10 - 11/14),ICE,https://www.adac.de/rund-ums-fahrzeug/autokatalog/marken-modelle/audi/a1/8x/222372/,Modell,A1 1.4 TFSI
AUDI,A,A1 8X,2010,2014,Audi A1 1.4 TFSI Ambition (07/10 - 11/14),ICE,https://www.adac.de/rund-ums-fahrzeug/autokatalog/marken-modelle/audi/a1/8x/222372/,Modellende,11/14
AUDI,A,A1 8X,2010,2014,Audi A1 1.4 TFSI Ambition (07/10 - 11/14),ICE,https://www.adac.de/rund-ums-fahrzeug/autokatalog/marken-modelle/audi/a1/8x/222372/,Modellstart,07/10
AUDI,A,A1 8X,2010,2014,Audi A1 1.4 TFSI Ambition (07/10 - 11/14),ICE,https://www.adac.de/rund-ums-fahrzeug/autokatalog/marken-modelle/audi/a1/8x/222372/,Motorart,Otto
AUDI,A,A1 8X,2010,2014,Audi A1 1.4 TFSI Ambition (07/10 - 11/14),ICE,https://www.adac.de/rund-ums-fahrzeug/autokatalog/marken-modelle/audi/a1/8x/222372/,Motorcode,CAX
AUDI,A,A1 8X,2010,2014,Audi A1 1.4 TFSI Ambition (07/10 - 11/14),ICE,https://www.adac.de/rund-ums-fahrzeug/autokatalog/marken-modelle/audi/a1/8x/222372/,Navigation,1160 Euro
AUDI,A,A1 8X,2010,2014,Audi A1 1.4 TFSI Ambition (07/10 - 11/14),ICE,https://www.adac.de/rund-ums-fahrzeug/autokatalog/marken-modelle/audi/a1/8x/222372/,Navigation - Bezeichnung,Farbdisplay
AUDI,A,A1 8X,2010,2014,Audi A1 1.4 TFSI Ambition (07/10 - 11/14),ICE,https://www.adac.de/rund-ums-fahrzeug/autokatalog/marken-modelle/audi/a1/8x/222372/,Nebelscheinwerfer,Serie
AUDI,A,A1 8X,2010,2014,Audi A1 1.4 TFSI Ambition (07/10 - 11/14),ICE,https://www.adac.de/rund-ums-fahrzeug/autokatalog/marken-modelle/audi/a1/8x/222372/,Nockenwellensteuerung,Steuerkette
AUDI,A,A1 8X,2010,2014,Audi A1 1.4 TFSI Ambition (07/10 - 11/14),ICE,https://www.adac.de/rund-ums-fahrzeug/autokatalog/marken-modelle/audi/a1/8x/222372/,Radio,Serie
AUDI,A,A1 8X,2010,2014,Audi A1 1.4 TFSI Ambition (07/10 - 11/14),ICE,https://www.adac.de/rund-ums-fahrzeug/autokatalog/marken-modelle/audi/a1/8x/222372/,Radio - Bezeichnung,chorus
AUDI,A,A1 8X,2010,2014,Audi A1 1.4 TFSI Ambition (07/10 - 11/14),ICE,https://www.adac.de/rund-ums-fahrzeug/autokatalog/marken-modelle/audi/a1/8x/222372/,Radstand,2469 mm
AUDI,A,A1 8X,2010,2014,Audi A1 1.4 TFSI Ambition (07/10 - 11/14),ICE,https://www.adac.de/rund-ums-fahrzeug/autokatalog/marken-modelle/audi/a1/8x/222372/,Regensensor,Paket
AUDI,A,A1 8X,2010,2014,Audi A1 1.4 TFSI Ambition (07/10 - 11/14),ICE,https://www.adac.de/rund-ums-fahrzeug/autokatalog/marken-modelle/audi/a1/8x/222372/,Reifendruckkontrolle,Serie
AUDI,A,A1 8X,2010,2014,Audi A1 1.4 TFSI Ambition (07/10 - 11/14),ICE,https://www.adac.de/rund-ums-fahrzeug/autokatalog/marken-modelle/audi/a1/8x/222372/,Reifendruckkontrolle - Bezeichnung,indirekte Messung (ABS)
AUDI,A,A1 8X,2010,2014,Audi A1 1.4 TFSI Ambition (07/10 - 11/14),ICE,https://www.adac.de/rund-ums-fahrzeug/autokatalog/marken-modelle/audi/a1/8x/222372/,Reifengröße,215/45R16
AUDI,A,A1 8X,2010,2014,Audi A1 1.4 TFSI Ambition (07/10 - 11/14),ICE,https://www.adac.de/rund-ums-fahrzeug/autokatalog/marken-modelle/audi/a1/8x/222372/,Reparatur,Ja
AUDI,A,A1 8X,2010,2014,Audi A1 1.4 TFSI Ambition (07/10 - 11/14),ICE,https://www.adac.de/rund-ums-fahrzeug/autokatalog/marken-modelle/audi/a1/8x/222372/,Reparaturkosten,0
AUDI,A,A1 8X,2010,2014,Audi A1 1.4 TFSI Ambition (07/10 - 11/14),ICE,https://www.adac.de/rund-ums-fahrzeug/autokatalog/marken-modelle/audi/a1/8x/222372/,Runflat,Aufpreis
AUDI,A,A1 8X,2010,2014,Audi A1 1.4 TFSI Ambition (07/10 - 11/14),ICE,https://www.adac.de/rund-ums-fahrzeug/autokatalog/marken-modelle/audi/a1/8x/222372/,Rücksitzbank umklappbar,Serie
AUDI,A,A1 8X,2010,2014,Audi A1 1.4 TFSI Ambition (07/10 - 11/14),ICE,https://www.adac.de/rund-ums-fahrzeug/autokatalog/marken-modelle/audi/a1/8x/222372/,Schadstoffe,48 Punkte
AUDI,A,A1 8X,2010,2014,Audi A1 1.4 TFSI Ambition (07/10 - 11/14),ICE,https://www.adac.de/rund-ums-fahrzeug/autokatalog/marken-modelle/audi/a1/8x/222372/,Schadstoffklasse,Euro 5
AUDI,A,A1 8X,2010,2014,Audi A1 1.4 TFSI Ambition (07/10 - 11/14),ICE,https://www.adac.de/rund-ums-fahrzeug/autokatalog/marken-modelle/audi/a1/8x/222372/,Schaltpunktanzeige,Serie
AUDI,A,A1 8X,2010,2014,Audi A1 1.4 TFSI Ambition (07/10 - 11/14),ICE,https://www.adac.de/rund-ums-fahrzeug/autokatalog/marken-modelle/audi/a1/8x/222372/,Seitenairbag vorne,Serie
AUDI,A,A1 8X,2010,2014,Audi A1 1.4 TFSI Ambition (07/10 - 11/14),ICE,https://www.adac.de/rund-ums-fahrzeug/autokatalog/marken-modelle/audi/a1/8x/222372/,Servolenkung,Serie
AUDI,A,A1 8X,2010,2014,Audi A1 1.4 TFSI Ambition (07/10 - 11/14),ICE,https://www.adac.de/rund-ums-fahrzeug/autokatalog/marken-modelle/audi/a1/8x/222372/,Sicherheit,"2,1"
AUDI,A,A1 8X,2010,2014,Audi A1 1.4 TFSI Ambition (07/10 - 11/14),ICE,https://www.adac.de/rund-ums-fahrzeug/autokatalog/marken-modelle/audi/a1/8x/222372/,Sitzanzahl,4
AUDI,A,A1 8X,2010,2014,Audi A1 1.4 TFSI Ambition (07/10 - 11/14),ICE,https://www.adac.de/rund-ums-fahrzeug/autokatalog/marken-modelle/audi/a1/8x/222372/,Sitzanzahl maximal,5
AUDI,A,A1 8X,2010,2014,Audi A1 1.4 TFSI Ambition (07/10 - 11/14),ICE,https://www.adac.de/rund-ums-fahrzeug/autokatalog/marken-modelle/audi/a1/8x/222372/,Start-/Stopp-Automatik (Verbrennungsmotor),Serie
AUDI,A,A1 8X,2010,2014,Audi A1 1.4 TFSI Ambition (07/10 - 11/14),ICE,https://www.adac.de/rund-ums-fahrzeug/autokatalog/marken-modelle/audi/a1/8x/222372/,Stützlast,50 kg
AUDI,A,A1 8X,2010,2014,Audi A1 1.4 TFSI Ambition (07/10 - 11/14),ICE,https://www.adac.de/rund-ums-fahrzeug/autokatalog/marken-modelle/audi/a1/8x/222372/,Tankgröße,"45,0 l"
AUDI,A,A1 8X,2010,2014,Audi A1 1.4 TFSI Ambition (07/10 - 11/14),ICE,https://www.adac.de/rund-ums-fahrzeug/autokatalog/marken-modelle/audi/a1/8x/222372/,Teilkaskobeitrag 150 € SB,328 €
AUDI,A,A1 8X,2010,2014,Audi A1 1.4 TFSI Ambition (07/10 - 11/14),ICE,https://www.adac.de/rund-ums-fahrzeug/autokatalog/marken-modelle/audi/a1/8x/222372/,Testdatum,09/2010
AUDI,A,A1 8X,2010,2014,Audi A1 1.4 TFSI Ambition (07/10 - 11/14),ICE,https://www.adac.de/rund-ums-fahrzeug/autokatalog/marken-modelle/audi/a1/8x/222372/,Typ,Ambition
AUDI,A,A1 8X,2010,2014,Audi A1 1.4 TFSI Ambition (07/10 - 11/14),ICE,https://www.adac.de/rund-ums-fahrzeug/autokatalog/marken-modelle/audi/a1/8x/222372/,Typklassen (KH/VK/TK),16/15/16
AUDI,A,A1 8X,2010,2014,Audi A1 1.4 TFSI Ambition (07/10 - 11/14),ICE,https://www.adac.de/rund-ums-fahrzeug/autokatalog/marken-modelle/audi/a1/8x/222372/,Türanzahl,3
AUDI,A,A1 8X,2010,2014,Audi A1 1.4 TFSI Ambition (07/10 - 11/14),ICE,https://www.adac.de/rund-ums-fahrzeug/autokatalog/marken-modelle/audi/a1/8x/222372/,Umwelt,"2,3"
AUDI,A,A1 8X,2010,2014,Audi A1 1.4 TFSI Ambition (07/10 - 11/14),ICE,https://www.adac.de/rund-ums-fahrzeug/autokatalog/marken-modelle/audi/a1/8x/222372/,Verbrauch,"5,3 / 5,7 l/100km
(Herstellerangaben/ ADAC Ecotest)"
AUDI,A,A1 8X,2010,2014,Audi A1 1.4 TFSI Ambition (07/10 - 11/14),ICE,https://www.adac.de/rund-ums-fahrzeug/autokatalog/marken-modelle/audi/a1/8x/222372/,Verbrauch Außerorts (NEFZ),"4,4 l/100 km"
AUDI,A,A1 8X,2010,2014,Audi A1 1.4 TFSI Ambition (07/10 - 11/14),ICE,https://www.adac.de/rund-ums-fahrzeug/autokatalog/marken-modelle/audi/a1/8x/222372/,Verbrauch Gesamt (NEFZ),"5,3 l/100 km"
AUDI,A,A1 8X,2010,2014,Audi A1 1.4 TFSI Ambition (07/10 - 11/14),ICE,https://www.adac.de/rund-ums-fahrzeug/autokatalog/marken-modelle/audi/a1/8x/222372/,Verbrauch Innerorts (NEFZ),"6,8 l/100 km"
AUDI,A,A1 8X,2010,2014,Audi A1 1.4 TFSI Ambition (07/10 - 11/14),ICE,https://www.adac.de/rund-ums-fahrzeug/autokatalog/marken-modelle/audi/a1/8x/222372/,Vollkaskobetrag 100% 500 € SB,998 €
AUDI,A,A1 8X,2010,2014,Audi A1 1.4 TFSI Ambition (07/10 - 11/14),ICE,https://www.adac.de/rund-ums-fahrzeug/autokatalog/marken-modelle/audi/a1/8x/222372/,WLAN Hotspot,Paket
AUDI,A,A1 8X,2010,2014,Audi A1 1.4 TFSI Ambition (07/10 - 11/14),ICE,https://www.adac.de/rund-ums-fahrzeug/autokatalog/marken-modelle/audi/a1/8x/222372/,Wendekreis,"10,6 m"
AUDI,A,A1 8X,2010,2014,Audi A1 1.4 TFSI Ambition (07/10 - 11/14),ICE,https://www.adac.de/rund-ums-fahrzeug/autokatalog/marken-modelle/audi/a1/8x/222372/,Werkstattkosten,103 €
AUDI,A,A1 8X,2010,2014,Audi A1 1.4 TFSI Ambition (07/10 - 11/14),ICE,https://www.adac.de/rund-ums-fahrzeug/autokatalog/marken-modelle/audi/a1/8x/222372/,Wertverlust,52 €
AUDI,A,A1 8X,2010,2014,Audi A1 1.4 TFSI Ambition (07/10 - 11/14),ICE,https://www.adac.de/rund-ums-fahrzeug/autokatalog/marken-modelle/audi/a1/8x/222372/,Xenon-Scheinwerfer,750 Euro
AUDI,A,A1 8X,2010,2014,Audi A1 1.4 TFSI Ambition (07/10 - 11/14),ICE,https://www.adac.de/rund-ums-fahrzeug/autokatalog/marken-modelle/audi/a1/8x/222372/,Zentralverriegelung,Serie
AUDI,A,A1 8X,2010,2014,Audi A1 1.4 TFSI Ambition (07/10 - 11/14),ICE,https://www.adac.de/rund-ums-fahrzeug/autokatalog/marken-modelle/audi/a1/8x/222372/,Zul. Gesamtgewicht,1550 kg
AUDI,A,A1 8X,2010,2014,Audi A1 1.4 TFSI Ambition (07/10 - 11/14),ICE,https://www.adac.de/rund-ums-fahrzeug/autokatalog/marken-modelle/audi/a1/8x/222372/,Zuladung,375 kg
AUDI,A,A1 8X,2010,2014,Audi A1 1.4 TFSI Ambition (07/10 - 11/14),ICE,https://www.adac.de/rund-ums-fahrzeug/autokatalog/marken-modelle/audi/a1/8x/222372/,Zusätzliche Garantien,"Mobilitätsgarantie: 2 Jahre europaweit, erweiterbar auf lebenslang unter Einhaltung aller Inspektionen;"
AUDI,A,A1 8X,2010,2014,Audi A1 1.4 TFSI Attraction (09/10 - 11/14),ICE,https://www.adac.de/rund-ums-fahrzeug/autokatalog/marken-modelle/audi/a1/8x/225289/,3-Punkt-Gurt hinten Mitte,Paket
AUDI,A,A1 8X,2010,2014,Audi A1 1.4 TFSI Attraction (09/10 - 11/14),ICE,https://www.adac.de/rund-ums-fahrzeug/autokatalog/marken-modelle/audi/a1/8x/225289/,3-Punkt-Gurt hinten Mitte - Bezeichnung,3-Punkt Gurt
AUDI,A,A1 8X,2010,2014,Audi A1 1.4 TFSI Attraction (09/10 - 11/14),ICE,https://www.adac.de/rund-ums-fahrzeug/autokatalog/marken-modelle/audi/a1/8x/225289/,ABS,Serie
AUDI,A,A1 8X,2010,2014,Audi A1 1.4 TFSI Attraction (09/10 - 11/14),ICE,https://www.adac.de/rund-ums-fahrzeug/autokatalog/marken-modelle/audi/a1/8x/225289/,Abgasreinigung (Verbrennungsmotor),geregelt
AUDI,A,A1 8X,2010,2014,Audi A1 1.4 TFSI Attraction (09/10 - 11/14),ICE,https://www.adac.de/rund-ums-fahrzeug/autokatalog/marken-modelle/audi/a1/8x/225289/,Airbag Beifahrer,Serie
AUDI,A,A1 8X,2010,2014,Audi A1 1.4 TFSI Attraction (09/10 - 11/14),ICE,https://www.adac.de/rund-ums-fahrzeug/autokatalog/marken-modelle/audi/a1/8x/225289/,Airbag Deaktivierung,40 Euro
AUDI,A,A1 8X,2010,2014,Audi A1 1.4 TFSI Attraction (09/10 - 11/14),ICE,https://www.adac.de/rund-ums-fahrzeug/autokatalog/marken-modelle/audi/a1/8x/225289/,Airbag Deaktivierung - Bezeichnung,Schlüsselschalter
AUDI,A,A1 8X,2010,2014,Audi A1 1.4 TFSI Attraction (09/10 - 11/14),ICE,https://www.adac.de/rund-ums-fahrzeug/autokatalog/marken-modelle/audi/a1/8x/225289/,Airbag Fahrer,Serie
AUDI,A,A1 8X,2010,2014,Audi A1 1.4 TFSI Attraction (09/10 - 11/14),ICE,https://www.adac.de/rund-ums-fahrzeug/autokatalog/marken-modelle/audi/a1/8x/225289/,Aktive Kopfstützen,Serie
AUDI,A,A1 8X,2010,2014,Audi A1 1.4 TFSI Attraction (09/10 - 11/14),ICE,https://www.adac.de/rund-ums-fahrzeug/autokatalog/marken-modelle/audi/a1/8x/225289/,Alufelgen,250 Euro
AUDI,A,A1 8X,2010,2014,Audi A1 1.4 TFSI Attraction (09/10 - 11/14),ICE,https://www.adac.de/rund-ums-fahrzeug/autokatalog/marken-modelle/audi/a1/8x/225289/,Anhängelast gebremst 12%,1200 kg
AUDI,A,A1 8X,2010,2014,Audi A1 1.4 TFSI Attraction (09/10 - 11/14),ICE,https://www.adac.de/rund-ums-fahrzeug/autokatalog/marken-modelle/audi/a1/8x/225289/,Anhängelast ungebremst,580 kg
AUDI,A,A1 8X,2010,2014,Audi A1 1.4 TFSI Attraction (09/10 - 11/14),ICE,https://www.adac.de/rund-ums-fahrzeug/autokatalog/marken-modelle/audi/a1/8x/225289/,Antriebsart,Vorderrad
AUDI,A,A1 8X,2010,2014,Audi A1 1.4 TFSI Attraction (09/10 - 11/14),ICE,https://www.adac.de/rund-ums-fahrzeug/autokatalog/marken-modelle/audi/a1/8x/225289/,Antriebsschlupfregelung,Serie
AUDI,A,A1 8X,2010,2014,Audi A1 1.4 TFSI Attraction (09/10 - 11/14),ICE,https://www.adac.de/rund-ums-fahrzeug/autokatalog/marken-modelle/audi/a1/8x/225289/,Antriebsschlupfregelung - Bezeichnung,Autom. Stabilitätskontrolle mit Traktion
AUDI,A,A1 8X,2010,2014,Audi A1 1.4 TFSI Attraction (09/10 - 11/14),ICE,https://www.adac.de/rund-ums-fahrzeug/autokatalog/marken-modelle/audi/a1/8x/225289/,Anzahl Gänge,6
AUDI,A,A1 8X,2010,2014,Audi A1 1.4 TFSI Attraction (09/10 - 11/14),ICE,https://www.adac.de/rund-ums-fahrzeug/autokatalog/marken-modelle/audi/a1/8x/225289/,Anzahl Ventile (Verbrennungsmotor),4
AUDI,A,A1 8X,2010,2014,Audi A1 1.4 TFSI Attraction (09/10 - 11/14),ICE,https://www.adac.de/rund-ums-fahrzeug/autokatalog/marken-modelle/audi/a1/8x/225289/,Anzahl Zylinder (Verbrennungsmotor),4
AUDI,A,A1 8X,2010,2014,Audi A1 1.4 TFSI Attraction (09/10 - 11/14),ICE,https://www.adac.de/rund-ums-fahrzeug/autokatalog/marken-modelle/audi/a1/8x/225289/,Aufladung (Verbrennungsmotor),Turbo
AUDI,A,A1 8X,2010,2014,Audi A1 1.4 TFSI Attraction (09/10 - 11/14),ICE,https://www.adac.de/rund-ums-fahrzeug/autokatalog/marken-modelle/audi/a1/8x/225289/,Baureihe,A1 (8X) (07/10 - 11/14)
AUDI,A,A1 8X,2010,2014,Audi A1 1.4 TFSI Attraction (09/10 - 11/14),ICE,https://www.adac.de/rund-ums-fahrzeug/autokatalog/marken-modelle/audi/a1/8x/225289/,Baureihenende,11/14
AUDI,A,A1 8X,2010,2014,Audi A1 1.4 TFSI Attraction (09/10 - 11/14),ICE,https://www.adac.de/rund-ums-fahrzeug/autokatalog/marken-modelle/audi/a1/8x/225289/,Baureihenstart,07/10
AUDI,A,A1 8X,2010,2014,Audi A1 1.4 TFSI Attraction (09/10 - 11/14),ICE,https://www.adac.de/rund-ums-fahrzeug/autokatalog/marken-modelle/audi/a1/8x/225289/,Berganfahrassistent,60 Euro
AUDI,A,A1 8X,2010,2014,Audi A1 1.4 TFSI Attraction (09/10 - 11/14),ICE,https://www.adac.de/rund-ums-fahrzeug/autokatalog/marken-modelle/audi/a1/8x/225289/,Beschleunigung 0-100km/h,"8,9 s"
AUDI,A,A1 8X,2010,2014,Audi A1 1.4 TFSI Attraction (09/10 - 11/14),ICE,https://www.adac.de/rund-ums-fahrzeug/autokatalog/marken-modelle/audi/a1/8x/225289/,Betriebskosten,157 €
AUDI,A,A1 8X,2010,2014,Audi A1 1.4 TFSI Attraction (09/10 - 11/14),ICE,https://www.adac.de/rund-ums-fahrzeug/autokatalog/marken-modelle/audi/a1/8x/225289/,Breite,1740 mm
AUDI,A,A1 8X,2010,2014,Audi A1 1.4 TFSI Attraction (09/10 - 11/14),ICE,https://www.adac.de/rund-ums-fahrzeug/autokatalog/marken-modelle/audi/a1/8x/225289/,Breite (inkl. Außenspiegel),1906 mm
AUDI,A,A1 8X,2010,2014,Audi A1 1.4 TFSI Attraction (09/10 - 11/14),ICE,https://www.adac.de/rund-ums-fahrzeug/autokatalog/marken-modelle/audi/a1/8x/225289/,Bremsassistent,Serie
AUDI,A,A1 8X,2010,2014,Audi A1 1.4 TFSI Attraction (09/10 - 11/14),ICE,https://www.adac.de/rund-ums-fahrzeug/autokatalog/marken-modelle/audi/a1/8x/225289/,Bremsassistent - Bezeichnung,Hydraulischer Bremsassistent
AUDI,A,A1 8X,2010,2014,Audi A1 1.4 TFSI Attraction (09/10 - 11/14),ICE,https://www.adac.de/rund-ums-fahrzeug/autokatalog/marken-modelle/audi/a1/8x/225289/,Bremse hinten,Scheibe
AUDI,A,A1 8X,2010,2014,Audi A1 1.4 TFSI Attraction (09/10 - 11/14),ICE,https://www.adac.de/rund-ums-fahrzeug/autokatalog/marken-modelle/audi/a1/8x/225289/,Bremse vorne,Scheibe
AUDI,A,A1 8X,2010,2014,Audi A1 1.4 TFSI Attraction (09/10 - 11/14),ICE,https://www.adac.de/rund-ums-fahrzeug/autokatalog/marken-modelle/audi/a1/8x/225289/,Bremslicht dynamisch,Serie
AUDI,A,A1 8X,2010,2014,Audi A1 1.4 TFSI Attraction (09/10 - 11/14),ICE,https://www.adac.de/rund-ums-fahrzeug/autokatalog/marken-modelle/audi/a1/8x/225289/,Bremslicht dynamisch - Bezeichnung,Flashing Brake Light und Aktivierung der Warnblinkanlage (kurz vor Stillstand)
AUDI,A,A1 8X,2010,2014,Audi A1 1.4 TFSI Attraction (09/10 - 11/14),ICE,https://www.adac.de/rund-ums-fahrzeug/autokatalog/marken-modelle/audi/a1/8x/225289/,CO2-Effizienzklasse,C
AUDI,A,A1 8X,2010,2014,Audi A1 1.4 TFSI Attraction (09/10 - 11/14),ICE,https://www.adac.de/rund-ums-fahrzeug/autokatalog/marken-modelle/audi/a1/8x/225289/,CO2-Wert (NEFZ),124 g/km
AUDI,A,A1 8X,2010,2014,Audi A1 1.4 TFSI Attraction (09/10 - 11/14),ICE,https://www.adac.de/rund-ums-fahrzeug/autokatalog/marken-modelle/audi/a1/8x/225289/,Dachlast,75 kg
AUDI,A,A1 8X,2010,2014,Audi A1 1.4 TFSI Attraction (09/10 - 11/14),ICE,https://www.adac.de/rund-ums-fahrzeug/autokatalog/marken-modelle/audi/a1/8x/225289/,Digitaler Radioempfang (DAB),300 Euro
AUDI,A,A1 8X,2010,2014,Audi A1 1.4 TFSI Attraction (09/10 - 11/14),ICE,https://www.adac.de/rund-ums-fahrzeug/autokatalog/marken-modelle/audi/a1/8x/225289/,Drehmoment (Systemleistung),200 Nm
AUDI,A,A1 8X,2010,2014,Audi A1 1.4 TFSI Attraction (09/10 - 11/14),ICE,https://www.adac.de/rund-ums-fahrzeug/autokatalog/marken-modelle/audi/a1/8x/225289/,Drehmoment maximal bei U/min. (Verbrennungsmotor),1500 U/min
AUDI,A,A1 8X,2010,2014,Audi A1 1.4 TFSI Attraction (09/10 - 11/14),ICE,https://www.adac.de/rund-ums-fahrzeug/autokatalog/marken-modelle/audi/a1/8x/225289/,Durchrostung,12 Jahre
AUDI,A,A1 8X,2010,2014,Audi A1 1.4 TFSI Attraction (09/10 - 11/14),ICE,https://www.adac.de/rund-ums-fahrzeug/autokatalog/marken-modelle/audi/a1/8x/225289/,Einbauposition / Motorbauart (Verbrennungsmotor),Frontmotor / Reihe
AUDI,A,A1 8X,2010,2014,Audi A1 1.4 TFSI Attraction (09/10 - 11/14),ICE,https://www.adac.de/rund-ums-fahrzeug/autokatalog/marken-modelle/audi/a1/8x/225289/,Einparkhilfe,330 Euro
AUDI,A,A1 8X,2010,2014,Audi A1 1.4 TFSI Attraction (09/10 - 11/14),ICE,https://www.adac.de/rund-ums-fahrzeug/autokatalog/marken-modelle/audi/a1/8x/225289/,Einparkhilfe - Bezeichnung,hinten
AUDI,A,A1 8X,2010,2014,Audi A1 1.4 TFSI Attraction (09/10 - 11/14),ICE,https://www.adac.de/rund-ums-fahrzeug/autokatalog/marken-modelle/audi/a1/8x/225289/,Fahrdynamikregelung,Serie
AUDI,A,A1 8X,2010,2014,Audi A1 1.4 TFSI Attraction (09/10 - 11/14),ICE,https://www.adac.de/rund-ums-fahrzeug/autokatalog/marken-modelle/audi/a1/8x/225289/,Fahrdynamikregelung - Bezeichnung,Elektronisches Stabilitätsprogramm
AUDI,A,A1 8X,2010,2014,Audi A1 1.4 TFSI Attraction (09/10 - 11/14),ICE,https://www.adac.de/rund-ums-fahrzeug/autokatalog/marken-modelle/audi/a1/8x/225289/,Fahrgeräusch,72 dB
AUDI,A,A1 8X,2010,2014,Audi A1 1.4 TFSI Attraction (09/10 - 11/14),ICE,https://www.adac.de/rund-ums-fahrzeug/autokatalog/marken-modelle/audi/a1/8x/225289/,Fahrzeugklasse,Kleinwagen (z.B. Polo)
AUDI,A,A1 8X,2010,2014,Audi A1 1.4 TFSI Attraction (09/10 - 11/14),ICE,https://www.adac.de/rund-ums-fahrzeug/autokatalog/marken-modelle/audi/a1/8x/225289/,Federung hinten,Schraube
AUDI,A,A1 8X,2010,2014,Audi A1 1.4 TFSI Attraction (09/10 - 11/14),ICE,https://www.adac.de/rund-ums-fahrzeug/autokatalog/marken-modelle/audi/a1/8x/225289/,Federung vorne,Schraube
AUDI,A,A1 8X,2010,2014,Audi A1 1.4 TFSI Attraction (09/10 - 11/14),ICE,https://www.adac.de/rund-ums-fahrzeug/autokatalog/marken-modelle/audi/a1/8x/225289/,Fensterheber elektr. vorne,Serie
AUDI,A,A1 8X,2010,2014,Audi A1 1.4 TFSI Attraction (09/10 - 11/14),ICE,https://www.adac.de/rund-ums-fahrzeug/autokatalog/marken-modelle/audi/a1/8x/225289/,Fernlichtassistent,135 Euro
AUDI,A,A1 8X,2010,2014,Audi A1 1.4 TFSI Attraction (09/10 - 11/14),ICE,https://www.adac.de/rund-ums-fahrzeug/autokatalog/marken-modelle/audi/a1/8x/225289/,Fixkosten,117 €
AUDI,A,A1 8X,2010,2014,Audi A1 1.4 TFSI Attraction (09/10 - 11/14),ICE,https://www.adac.de/rund-ums-fahrzeug/autokatalog/marken-modelle/audi/a1/8x/225289/,Freisprecheinrichtung,300 Euro
AUDI,A,A1 8X,2010,2014,Audi A1 1.4 TFSI Attraction (09/10 - 11/14),ICE,https://www.adac.de/rund-ums-fahrzeug/autokatalog/marken-modelle/audi/a1/8x/225289/,Garantie (Fahrzeug),2 Jahre
AUDI,A,A1 8X,2010,2014,Audi A1 1.4 TFSI Attraction (09/10 - 11/14),ICE,https://www.adac.de/rund-ums-fahrzeug/autokatalog/marken-modelle/audi/a1/8x/225289/,Gemischaufbereitung (Verbrennungsmotor),Direkteinspritzung
AUDI,A,A1 8X,2010,2014,Audi A1 1.4 TFSI Attraction (09/10 - 11/14),ICE,https://www.adac.de/rund-ums-fahrzeug/autokatalog/marken-modelle/audi/a1/8x/225289/,Getriebeart,Schaltgetriebe
AUDI,A,A1 8X,2010,2014,Audi A1 1.4 TFSI Attraction (09/10 - 11/14),ICE,https://www.adac.de/rund-ums-fahrzeug/autokatalog/marken-modelle/audi/a1/8x/225289/,Grundpreis,19200 Euro
AUDI,A,A1 8X,2010,2014,Audi A1 1.4 TFSI Attraction (09/10 - 11/14),ICE,https://www.adac.de/rund-ums-fahrzeug/autokatalog/marken-modelle/audi/a1/8x/225289/,HSN/TSN Schlüsselnummern,0588/ANX
AUDI,A,A1 8X,2010,2014,Audi A1 1.4 TFSI Attraction (09/10 - 11/14),ICE,https://www.adac.de/rund-ums-fahrzeug/autokatalog/marken-modelle/audi/a1/8x/225289/,Haftpflichtbeitrag 100%,1.250 €
AUDI,A,A1 8X,2010,2014,Audi A1 1.4 TFSI Attraction (09/10 - 11/14),ICE,https://www.adac.de/rund-ums-fahrzeug/autokatalog/marken-modelle/audi/a1/8x/225289/,Herstellerinterne Baureihenbezeichnung,8X
AUDI,A,A1 8X,2010,2014,Audi A1 1.4 TFSI Attraction (09/10 - 11/14),ICE,https://www.adac.de/rund-ums-fahrzeug/autokatalog/marken-modelle/audi/a1/8x/225289/,Hubraum (Verbrennungsmotor),1390 ccm
AUDI,A,A1 8X,2010,2014,Audi A1 1.4 TFSI Attraction (09/10 - 11/14),ICE,https://www.adac.de/rund-ums-fahrzeug/autokatalog/marken-modelle/audi/a1/8x/225289/,Höchstgeschwindigkeit,203 km/h
AUDI,A,A1 8X,2010,2014,Audi A1 1.4 TFSI Attraction (09/10 - 11/14),ICE,https://www.adac.de/rund-ums-fahrzeug/autokatalog/marken-modelle/audi/a1/8x/225289/,Höhe,1417 mm
AUDI,A,A1 8X,2010,2014,Audi A1 1.4 TFSI Attraction (09/10 - 11/14),ICE,https://www.adac.de/rund-ums-fahrzeug/autokatalog/marken-modelle/audi/a1/8x/225289/,Isofix,Serie
AUDI,A,A1 8X,2010,2014,Audi A1 1.4 TFSI Attraction (09/10 - 11/14),ICE,https://www.adac.de/rund-ums-fahrzeug/autokatalog/marken-modelle/audi/a1/8x/225289/,Isofix - Bezeichnung,Nur hinten
AUDI,A,A1 8X,2010,2014,Audi A1 1.4 TFSI Attraction (09/10 - 11/14),ICE,https://www.adac.de/rund-ums-fahrzeug/autokatalog/marken-modelle/audi/a1/8x/225289/,KFZ-Steuer ohne Befreiung/Jahr (kann durch WLTP abweichen),86 Euro
AUDI,A,A1 8X,2010,2014,Audi A1 1.4 TFSI Attraction (09/10 - 11/14),ICE,https://www.adac.de/rund-ums-fahrzeug/autokatalog/marken-modelle/audi/a1/8x/225289/,KFZ-Steuer pro Jahr ohne Steuerbefreiung,86 €
AUDI,A,A1 8X,2010,2014,Audi A1 1.4 TFSI Attraction (09/10 - 11/14),ICE,https://www.adac.de/rund-ums-fahrzeug/autokatalog/marken-modelle/audi/a1/8x/225289/,Karosserie,Schrägheck
AUDI,A,A1 8X,2010,2014,Audi A1 1.4 TFSI Attraction (09/10 - 11/14),ICE,https://www.adac.de/rund-ums-fahrzeug/autokatalog/marken-modelle/audi/a1/8x/225289/,Klassenübliche Ausstattung nach ADAC-Vorgabe,1640 Euro
AUDI,A,A1 8X,2010,2014,Audi A1 1.4 TFSI Attraction (09/10 - 11/14),ICE,https://www.adac.de/rund-ums-fahrzeug/autokatalog/marken-modelle/audi/a1/8x/225289/,Klimaanlage,Serie
AUDI,A,A1 8X,2010,2014,Audi A1 1.4 TFSI Attraction (09/10 - 11/14),ICE,https://www.adac.de/rund-ums-fahrzeug/autokatalog/marken-modelle/audi/a1/8x/225289/,Kofferraumvolumen dachhoch mit umgeklappter Rücksitzbank,920 l
AUDI,A,A1 8X,2010,2014,Audi A1 1.4 TFSI Attraction (09/10 - 11/14),ICE,https://www.adac.de/rund-ums-fahrzeug/autokatalog/marken-modelle/audi/a1/8x/225289/,Kofferraumvolumen normal,270 l
AUDI,A,A1 8X,2010,2014,Audi A1 1.4 TFSI Attraction (09/10 - 11/14),ICE,https://www.adac.de/rund-ums-fahrzeug/autokatalog/marken-modelle/audi/a1/8x/225289/,Kopfairbag hinten,Serie
AUDI,A,A1 8X,2010,2014,Audi A1 1.4 TFSI Attraction (09/10 - 11/14),ICE,https://www.adac.de/rund-ums-fahrzeug/autokatalog/marken-modelle/audi/a1/8x/225289/,Kopfairbag hinten - Bezeichnung,Windowbag
AUDI,A,A1 8X,2010,2014,Audi A1 1.4 TFSI Attraction (09/10 - 11/14),ICE,https://www.adac.de/rund-ums-fahrzeug/autokatalog/marken-modelle/audi/a1/8x/225289/,Kopfairbag vorne,Serie
AUDI,A,A1 8X,2010,2014,Audi A1 1.4 TFSI Attraction (09/10 - 11/14),ICE,https://www.adac.de/rund-ums-fahrzeug/autokatalog/marken-modelle/audi/a1/8x/225289/,Kopfairbag vorne - Bezeichnung,Windowbag
AUDI,A,A1 8X,2010,2014,Audi A1 1.4 TFSI Attraction (09/10 - 11/14),ICE,https://www.adac.de/rund-ums-fahrzeug/autokatalog/marken-modelle/audi/a1/8x/225289/,Kopfstütze hinten Mitte,Paket
AUDI,A,A1 8X,2010,2014,Audi A1 1.4 TFSI Attraction (09/10 - 11/14),ICE,https://www.adac.de/rund-ums-fahrzeug/autokatalog/marken-modelle/audi/a1/8x/225289/,Kopfstützen hinten,Serie
AUDI,A,A1 8X,2010,2014,Audi A1 1.4 TFSI Attraction (09/10 - 11/14),ICE,https://www.adac.de/rund-ums-fahrzeug/autokatalog/marken-modelle/audi/a1/8x/225289/,Kraftstoffart,Super
AUDI,A,A1 8X,2010,2014,Audi A1 1.4 TFSI Attraction (09/10 - 11/14),ICE,https://www.adac.de/rund-ums-fahrzeug/autokatalog/marken-modelle/audi/a1/8x/225289/,Lackgarantie,3 Jahre
AUDI,A,A1 8X,2010,2014,Audi A1 1.4 TFSI Attraction (09/10 - 11/14),ICE,https://www.adac.de/rund-ums-fahrzeug/autokatalog/marken-modelle/audi/a1/8x/225289/,Lederausstattung,1200 Euro
AUDI,A,A1 8X,2010,2014,Audi A1 1.4 TFSI Attraction (09/10 - 11/14),ICE,https://www.adac.de/rund-ums-fahrzeug/autokatalog/marken-modelle/audi/a1/8x/225289/,Leergewicht (EU),1175 kg
AUDI,A,A1 8X,2010,2014,Audi A1 1.4 TFSI Attraction (09/10 - 11/14),ICE,https://www.adac.de/rund-ums-fahrzeug/autokatalog/marken-modelle/audi/a1/8x/225289/,Leistung / Drehmoment (Verbrennungsmotor),90 kW (122 PS) / 200 Nm
AUDI,A,A1 8X,2010,2014,Audi A1 1.4 TFSI Attraction (09/10 - 11/14),ICE,https://www.adac.de/rund-ums-fahrzeug/autokatalog/marken-modelle/audi/a1/8x/225289/,Leistung maximal bei U/min. (Verbrennungsmotor),5000 U/min
AUDI,A,A1 8X,2010,2014,Audi A1 1.4 TFSI Attraction (09/10 - 11/14),ICE,https://www.adac.de/rund-ums-fahrzeug/autokatalog/marken-modelle/audi/a1/8x/225289/,Leistung maximal in PS (Systemleistung),122
AUDI,A,A1 8X,2010,2014,Audi A1 1.4 TFSI Attraction (09/10 - 11/14),ICE,https://www.adac.de/rund-ums-fahrzeug/autokatalog/marken-modelle/audi/a1/8x/225289/,Leistung maximal in kW (Systemleistung),90
AUDI,A,A1 8X,2010,2014,Audi A1 1.4 TFSI Attraction (09/10 - 11/14),ICE,https://www.adac.de/rund-ums-fahrzeug/autokatalog/marken-modelle/audi/a1/8x/225289/,Lichtsensor,Paket
AUDI,A,A1 8X,2010,2014,Audi A1 1.4 TFSI Attraction (09/10 - 11/14),ICE,https://www.adac.de/rund-ums-fahrzeug/autokatalog/marken-modelle/audi/a1/8x/225289/,Länge,3954 mm
AUDI,A,A1 8X,2010,2014,Audi A1 1.4 TFSI Attraction (09/10 - 11/14),ICE,https://www.adac.de/rund-ums-fahrzeug/autokatalog/marken-modelle/audi/a1/8x/225289/,Marke,Audi
AUDI,A,A1 8X,2010,2014,Audi A1 1.4 TFSI Attraction (09/10 - 11/14),ICE,https://www.adac.de/rund-ums-fahrzeug/autokatalog/marken-modelle/audi/a1/8x/225289/,Metallic-Lackierung,480 Euro
AUDI,A,A1 8X,2010,2014,Audi A1 1.4 TFSI Attraction (09/10 - 11/14),ICE,https://www.adac.de/rund-ums-fahrzeug/autokatalog/marken-modelle/audi/a1/8x/225289/,Modell,A1 1.4 TFSI
AUDI,A,A1 8X,2010,2014,Audi A1 1.4 TFSI Attraction (09/10 - 11/14),ICE,https://www.adac.de/rund-ums-fahrzeug/autokatalog/marken-modelle/audi/a1/8x/225289/,Modellende,11/14
AUDI,A,A1 8X,2010,2014,Audi A1 1.4 TFSI Attraction (09/10 - 11/14),ICE,https://www.adac.de/rund-ums-fahrzeug/autokatalog/marken-modelle/audi/a1/8x/225289/,Modellstart,09/10
AUDI,A,A1 8X,2010,2014,Audi A1 1.4 TFSI Attraction (09/10 - 11/14),ICE,https://www.adac.de/rund-ums-fahrzeug/autokatalog/marken-modelle/audi/a1/8x/225289/,Motorart,Otto
AUDI,A,A1 8X,2010,2014,Audi A1 1.4 TFSI Attraction (09/10 - 11/14),ICE,https://www.adac.de/rund-ums-fahrzeug/autokatalog/marken-modelle/audi/a1/8x/225289/,Motorcode,CAX
AUDI,A,A1 8X,2010,2014,Audi A1 1.4 TFSI Attraction (09/10 - 11/14),ICE,https://www.adac.de/rund-ums-fahrzeug/autokatalog/marken-modelle/audi/a1/8x/225289/,Navigation,1160 Euro
AUDI,A,A1 8X,2010,2014,Audi A1 1.4 TFSI Attraction (09/10 - 11/14),ICE,https://www.adac.de/rund-ums-fahrzeug/autokatalog/marken-modelle/audi/a1/8x/225289/,Navigation - Bezeichnung,Farbdisplay
AUDI,A,A1 8X,2010,2014,Audi A1 1.4 TFSI Attraction (09/10 - 11/14),ICE,https://www.adac.de/rund-ums-fahrzeug/autokatalog/marken-modelle/audi/a1/8x/225289/,Nebelscheinwerfer,150 Euro
AUDI,A,A1 8X,2010,2014,Audi A1 1.4 TFSI Attraction (09/10 - 11/14),ICE,https://www.adac.de/rund-ums-fahrzeug/autokatalog/marken-modelle/audi/a1/8x/225289/,Nockenwellensteuerung,Steuerkette
AUDI,A,A1 8X,2010,2014,Audi A1 1.4 TFSI Attraction (09/10 - 11/14),ICE,https://www.adac.de/rund-ums-fahrzeug/autokatalog/marken-modelle/audi/a1/8x/225289/,Radio,Serie
AUDI,A,A1 8X,2010,2014,Audi A1 1.4 TFSI Attraction (09/10 - 11/14),ICE,https://www.adac.de/rund-ums-fahrzeug/autokatalog/marken-modelle/audi/a1/8x/225289/,Radio - Bezeichnung,chorus
AUDI,A,A1 8X,2010,2014,Audi A1 1.4 TFSI Attraction (09/10 - 11/14),ICE,https://www.adac.de/rund-ums-fahrzeug/autokatalog/marken-modelle/audi/a1/8x/225289/,Radstand,2469 mm
AUDI,A,A1 8X,2010,2014,Audi A1 1.4 TFSI Attraction (09/10 - 11/14),ICE,https://www.adac.de/rund-ums-fahrzeug/autokatalog/marken-modelle/audi/a1/8x/225289/,Regensensor,Paket
AUDI,A,A1 8X,2010,2014,Audi A1 1.4 TFSI Attraction (09/10 - 11/14),ICE,https://www.adac.de/rund-ums-fahrzeug/autokatalog/marken-modelle/audi/a1/8x/225289/,Reifendruckkontrolle,Serie
AUDI,A,A1 8X,2010,2014,Audi A1 1.4 TFSI Attraction (09/10 - 11/14),ICE,https://www.adac.de/rund-ums-fahrzeug/autokatalog/marken-modelle/audi/a1/8x/225289/,Reifendruckkontrolle - Bezeichnung,indirekte Messung (ABS)
AUDI,A,A1 8X,2010,2014,Audi A1 1.4 TFSI Attraction (09/10 - 11/14),ICE,https://www.adac.de/rund-ums-fahrzeug/autokatalog/marken-modelle/audi/a1/8x/225289/,Reifengröße,205/55R15
AUDI,A,A1 8X,2010,2014,Audi A1 1.4 TFSI Attraction (09/10 - 11/14),ICE,https://www.adac.de/rund-ums-fahrzeug/autokatalog/marken-modelle/audi/a1/8x/225289/,Runflat,Aufpreis
AUDI,A,A1 8X,2010,2014,Audi A1 1.4 TFSI Attraction (09/10 - 11/14),ICE,https://www.adac.de/rund-ums-fahrzeug/autokatalog/marken-modelle/audi/a1/8x/225289/,Rücksitzbank umklappbar,Serie
AUDI,A,A1 8X,2010,2014,Audi A1 1.4 TFSI Attraction (09/10 - 11/14),ICE,https://www.adac.de/rund-ums-fahrzeug/autokatalog/marken-modelle/audi/a1/8x/225289/,Schadstoffklasse,Euro 5
AUDI,A,A1 8X,2010,2014,Audi A1 1.4 TFSI Attraction (09/10 - 11/14),ICE,https://www.adac.de/rund-ums-fahrzeug/autokatalog/marken-modelle/audi/a1/8x/225289/,Schaltpunktanzeige,Paket
AUDI,A,A1 8X,2010,2014,Audi A1 1.4 TFSI Attraction (09/10 - 11/14),ICE,https://www.adac.de/rund-ums-fahrzeug/autokatalog/marken-modelle/audi/a1/8x/225289/,Seitenairbag vorne,Serie
AUDI,A,A1 8X,2010,2014,Audi A1 1.4 TFSI Attraction (09/10 - 11/14),ICE,https://www.adac.de/rund-ums-fahrzeug/autokatalog/marken-modelle/audi/a1/8x/225289/,Servolenkung,Serie
AUDI,A,A1 8X,2010,2014,Audi A1 1.4 TFSI Attraction (09/10 - 11/14),ICE,https://www.adac.de/rund-ums-fahrzeug/autokatalog/marken-modelle/audi/a1/8x/225289/,Sitzanzahl,4
AUDI,A,A1 8X,2010,2014,Audi A1 1.4 TFSI Attraction (09/10 - 11/14),ICE,https://www.adac.de/rund-ums-fahrzeug/autokatalog/marken-modelle/audi/a1/8x/225289/,Sitzanzahl maximal,5
AUDI,A,A1 8X,2010,2014,Audi A1 1.4 TFSI Attraction (09/10 - 11/14),ICE,https://www.adac.de/rund-ums-fahrzeug/autokatalog/marken-modelle/audi/a1/8x/225289/,Start-/Stopp-Automatik (Verbrennungsmotor),Serie
AUDI,A,A1 8X,2010,2014,Audi A1 1.4 TFSI Attraction (09/10 - 11/14),ICE,https://www.adac.de/rund-ums-fahrzeug/autokatalog/marken-modelle/audi/a1/8x/225289/,Stützlast,50 kg
AUDI,A,A1 8X,2010,2014,Audi A1 1.4 TFSI Attraction (09/10 - 11/14),ICE,https://www.adac.de/rund-ums-fahrzeug/autokatalog/marken-modelle/audi/a1/8x/225289/,Tankgröße,"45,0 l"
AUDI,A,A1 8X,2010,2014,Audi A1 1.4 TFSI Attraction (09/10 - 11/14),ICE,https://www.adac.de/rund-ums-fahrzeug/autokatalog/marken-modelle/audi/a1/8x/225289/,Teilkaskobeitrag 150 € SB,328 €
AUDI,A,A1 8X,2010,2014,Audi A1 1.4 TFSI Attraction (09/10 - 11/14),ICE,https://www.adac.de/rund-ums-fahrzeug/autokatalog/marken-modelle/audi/a1/8x/225289/,Typ,Attraction
AUDI,A,A1 8X,2010,2014,Audi A1 1.4 TFSI Attraction (09/10 - 11/14),ICE,https://www.adac.de/rund-ums-fahrzeug/autokatalog/marken-modelle/audi/a1/8x/225289/,Typklassen (KH/VK/TK),16/15/16
AUDI,A,A1 8X,2010,2014,Audi A1 1.4 TFSI Attraction (09/10 - 11/14),ICE,https://www.adac.de/rund-ums-fahrzeug/autokatalog/marken-modelle/audi/a1/8x/225289/,Türanzahl,3
AUDI,A,A1 8X,2010,2014,Audi A1 1.4 TFSI Attraction (09/10 - 11/14),ICE,https://www.adac.de/rund-ums-fahrzeug/autokatalog/marken-modelle/audi/a1/8x/225289/,Verbrauch Außerorts (NEFZ),"4,4 l/100 km"
AUDI,A,A1 8X,2010,2014,Audi A1 1.4 TFSI Attraction (09/10 - 11/14),ICE,https://www.adac.de/rund-ums-fahrzeug/autokatalog/marken-modelle/audi/a1/8x/225289/,Verbrauch Gesamt (NEFZ),"5,3 l/100 km"
AUDI,A,A1 8X,2010,2014,Audi A1 1.4 TFSI Attraction (09/10 - 11/14),ICE,https://www.adac.de/rund-ums-fahrzeug/autokatalog/marken-modelle/audi/a1/8x/225289/,Verbrauch Innerorts (NEFZ),"6,8 l/100 km"
AUDI,A,A1 8X,2010,2014,Audi A1 1.4 TFSI Attraction (09/10 - 11/14),ICE,https://www.adac.de/rund-ums-fahrzeug/autokatalog/marken-modelle/audi/a1/8x/225289/,Vollkaskobetrag 100% 500 € SB,998 €
AUDI,A,A1 8X,2010,2014,Audi A1 1.4 TFSI Attraction (09/10 - 11/14),ICE,https://www.adac.de/rund-ums-fahrzeug/autokatalog/marken-modelle/audi/a1/8x/225289/,WLAN Hotspot,Paket
AUDI,A,A1 8X,2010,2014,Audi A1 1.4 TFSI Attraction (09/10 - 11/14),ICE,https://www.adac.de/rund-ums-fahrzeug/autokatalog/marken-modelle/audi/a1/8x/225289/,Wendekreis,"10,6 m"
AUDI,A,A1 8X,2010,2014,Audi A1 1.4 TFSI Attraction (09/10 - 11/14),ICE,https://www.adac.de/rund-ums-fahrzeug/autokatalog/marken-modelle/audi/a1/8x/225289/,Werkstattkosten,99 €
AUDI,A,A1 8X,2010,2014,Audi A1 1.4 TFSI Attraction (09/10 - 11/14),ICE,https://www.adac.de/rund-ums-fahrzeug/autokatalog/marken-modelle/audi/a1/8x/225289/,Wertverlust,50 €
AUDI,A,A1 8X,2010,2014,Audi A1 1.4 TFSI Attraction (09/10 - 11/14),ICE,https://www.adac.de/rund-ums-fahrzeug/autokatalog/marken-modelle/audi/a1/8x/225289/,Xenon-Scheinwerfer,750 Euro
AUDI,A,A1 8X,2010,2014,Audi A1 1.4 TFSI Attraction (09/10 - 11/14),ICE,https://www.adac.de/rund-ums-fahrzeug/autokatalog/marken-modelle/audi/a1/8x/225289/,Zentralverriegelung,Serie
AUDI,A,A1 8X,2010,2014,Audi A1 1.4 TFSI Attraction (09/10 - 11/14),ICE,https://www.adac.de/rund-ums-fahrzeug/autokatalog/marken-modelle/audi/a1/8x/225289/,Zul. Gesamtgewicht,1550 kg
AUDI,A,A1 8X,2010,2014,Audi A1 1.4 TFSI Attraction (09/10 - 11/14),ICE,https://www.adac.de/rund-ums-fahrzeug/autokatalog/marken-modelle/audi/a1/8x/225289/,Zuladung,375 kg
AUDI,A,A1 8X,2010,2014,Audi A1 1.4 TFSI Attraction (09/10 - 11/14),ICE,https://www.adac.de/rund-ums-fahrzeug/autokatalog/marken-modelle/audi/a1/8x/225289/,Zusätzliche Garantien,"Mobilitätsgarantie: 2 Jahre europaweit, erweiterbar auf lebenslang unter Einhaltung aller Inspektionen;"
AUDI,A,A1 8X,2010,2014,Audi A1 1.4 TFSI Attraction S tronic (7-Gang) (07/10 - 11/14),ICE,https://www.adac.de/rund-ums-fahrzeug/autokatalog/marken-modelle/audi/a1/8x/222375/,3-Punkt-Gurt hinten Mitte,Paket
AUDI,A,A1 8X,2010,2014,Audi A1 1.4 TFSI Attraction S tronic (7-Gang) (07/10 - 11/14),ICE,https://www.adac.de/rund-ums-fahrzeug/autokatalog/marken-modelle/audi/a1/8x/222375/,3-Punkt-Gurt hinten Mitte - Bezeichnung,3-Punkt Gurt
AUDI,A,A1 8X,2010,2014,Audi A1 1.4 TFSI Attraction S tronic (7-Gang) (07/10 - 11/14),ICE,https://www.adac.de/rund-ums-fahrzeug/autokatalog/marken-modelle/audi/a1/8x/222375/,ABS,Serie
AUDI,A,A1 8X,2010,2014,Audi A1 1.4 TFSI Attraction S tronic (7-Gang) (07/10 - 11/14),ICE,https://www.adac.de/rund-ums-fahrzeug/autokatalog/marken-modelle/audi/a1/8x/222375/,Abgasreinigung (Verbrennungsmotor),geregelt
AUDI,A,A1 8X,2010,2014,Audi A1 1.4 TFSI Attraction S tronic (7-Gang) (07/10 - 11/14),ICE,https://www.adac.de/rund-ums-fahrzeug/autokatalog/marken-modelle/audi/a1/8x/222375/,Airbag Beifahrer,Serie
AUDI,A,A1 8X,2010,2014,Audi A1 1.4 TFSI Attraction S tronic (7-Gang) (07/10 - 11/14),ICE,https://www.adac.de/rund-ums-fahrzeug/autokatalog/marken-modelle/audi/a1/8x/222375/,Airbag Deaktivierung,40 Euro
AUDI,A,A1 8X,2010,2014,Audi A1 1.4 TFSI Attraction S tronic (7-Gang) (07/10 - 11/14),ICE,https://www.adac.de/rund-ums-fahrzeug/autokatalog/marken-modelle/audi/a1/8x/222375/,Airbag Deaktivierung - Bezeichnung,Schlüsselschalter
AUDI,A,A1 8X,2010,2014,Audi A1 1.4 TFSI Attraction S tronic (7-Gang) (07/10 - 11/14),ICE,https://www.adac.de/rund-ums-fahrzeug/autokatalog/marken-modelle/audi/a1/8x/222375/,Airbag Fahrer,Serie
AUDI,A,A1 8X,2010,2014,Audi A1 1.4 TFSI Attraction S tronic (7-Gang) (07/10 - 11/14),ICE,https://www.adac.de/rund-ums-fahrzeug/autokatalog/marken-modelle/audi/a1/8x/222375/,Aktive Kopfstützen,Serie
AUDI,A,A1 8X,2010,2014,Audi A1 1.4 TFSI Attraction S tronic (7-Gang) (07/10 - 11/14),ICE,https://www.adac.de/rund-ums-fahrzeug/autokatalog/marken-modelle/audi/a1/8x/222375/,Alufelgen,250 Euro
AUDI,A,A1 8X,2010,2014,Audi A1 1.4 TFSI Attraction S tronic (7-Gang) (07/10 - 11/14),ICE,https://www.adac.de/rund-ums-fahrzeug/autokatalog/marken-modelle/audi/a1/8x/222375/,Anhängelast gebremst 12%,1200 kg
AUDI,A,A1 8X,2010,2014,Audi A1 1.4 TFSI Attraction S tronic (7-Gang) (07/10 - 11/14),ICE,https://www.adac.de/rund-ums-fahrzeug/autokatalog/marken-modelle/audi/a1/8x/222375/,Anhängelast ungebremst,600 kg
AUDI,A,A1 8X,2010,2014,Audi A1 1.4 TFSI Attraction S tronic (7-Gang) (07/10 - 11/14),ICE,https://www.adac.de/rund-ums-fahrzeug/autokatalog/marken-modelle/audi/a1/8x/222375/,Antriebsart,Vorderrad
AUDI,A,A1 8X,2010,2014,Audi A1 1.4 TFSI Attraction S tronic (7-Gang) (07/10 - 11/14),ICE,https://www.adac.de/rund-ums-fahrzeug/autokatalog/marken-modelle/audi/a1/8x/222375/,Antriebsschlupfregelung,Serie
AUDI,A,A1 8X,2010,2014,Audi A1 1.4 TFSI Attraction S tronic (7-Gang) (07/10 - 11/14),ICE,https://www.adac.de/rund-ums-fahrzeug/autokatalog/marken-modelle/audi/a1/8x/222375/,Antriebsschlupfregelung - Bezeichnung,Autom. Stabilitätskontrolle mit Traktion
AUDI,A,A1 8X,2010,2014,Audi A1 1.4 TFSI Attraction S tronic (7-Gang) (07/10 - 11/14),ICE,https://www.adac.de/rund-ums-fahrzeug/autokatalog/marken-modelle/audi/a1/8x/222375/,Anzahl Gänge,7
AUDI,A,A1 8X,2010,2014,Audi A1 1.4 TFSI Attraction S tronic (7-Gang) (07/10 - 11/14),ICE,https://www.adac.de/rund-ums-fahrzeug/autokatalog/marken-modelle/audi/a1/8x/222375/,Anzahl Ventile (Verbrennungsmotor),4
AUDI,A,A1 8X,2010,2014,Audi A1 1.4 TFSI Attraction S tronic (7-Gang) (07/10 - 11/14),ICE,https://www.adac.de/rund-ums-fahrzeug/autokatalog/marken-modelle/audi/a1/8x/222375/,Anzahl Zylinder (Verbrennungsmotor),4
AUDI,A,A1 8X,2010,2014,Audi A1 1.4 TFSI Attraction S tronic (7-Gang) (07/10 - 11/14),ICE,https://www.adac.de/rund-ums-fahrzeug/autokatalog/marken-modelle/audi/a1/8x/222375/,Aufladung (Verbrennungsmotor),Turbo
AUDI,A,A1 8X,2010,2014,Audi A1 1.4 TFSI Attraction S tronic (7-Gang) (07/10 - 11/14),ICE,https://www.adac.de/rund-ums-fahrzeug/autokatalog/marken-modelle/audi/a1/8x/222375/,Baureihe,A1 (8X) (07/10 - 11/14)
AUDI,A,A1 8X,2010,2014,Audi A1 1.4 TFSI Attraction S tronic (7-Gang) (07/10 - 11/14),ICE,https://www.adac.de/rund-ums-fahrzeug/autokatalog/marken-modelle/audi/a1/8x/222375/,Baureihenende,11/14
AUDI,A,A1 8X,2010,2014,Audi A1 1.4 TFSI Attraction S tronic (7-Gang) (07/10 - 11/14),ICE,https://www.adac.de/rund-ums-fahrzeug/autokatalog/marken-modelle/audi/a1/8x/222375/,Baureihenstart,07/10
AUDI,A,A1 8X,2010,2014,Audi A1 1.4 TFSI Attraction S tronic (7-Gang) (07/10 - 11/14),ICE,https://www.adac.de/rund-ums-fahrzeug/autokatalog/marken-modelle/audi/a1/8x/222375/,Berganfahrassistent,Serie
AUDI,A,A1 8X,2010,2014,Audi A1 1.4 TFSI Attraction S tronic (7-Gang) (07/10 - 11/14),ICE,https://www.adac.de/rund-ums-fahrzeug/autokatalog/marken-modelle/audi/a1/8x/222375/,Beschleunigung 0-100km/h,"8,9 s"
AUDI,A,A1 8X,2010,2014,Audi A1 1.4 TFSI Attraction S tronic (7-Gang) (07/10 - 11/14),ICE,https://www.adac.de/rund-ums-fahrzeug/autokatalog/marken-modelle/audi/a1/8x/222375/,Betriebskosten,157 €
AUDI,A,A1 8X,2010,2014,Audi A1 1.4 TFSI Attraction S tronic (7-Gang) (07/10 - 11/14),ICE,https://www.adac.de/rund-ums-fahrzeug/autokatalog/marken-modelle/audi/a1/8x/222375/,Breite,1740 mm
AUDI,A,A1 8X,2010,2014,Audi A1 1.4 TFSI Attraction S tronic (7-Gang) (07/10 - 11/14),ICE,https://www.adac.de/rund-ums-fahrzeug/autokatalog/marken-modelle/audi/a1/8x/222375/,Breite (inkl. Außenspiegel),1906 mm
AUDI,A,A1 8X,2010,2014,Audi A1 1.4 TFSI Attraction S tronic (7-Gang) (07/10 - 11/14),ICE,https://www.adac.de/rund-ums-fahrzeug/autokatalog/marken-modelle/audi/a1/8x/222375/,Bremsassistent,Serie
AUDI,A,A1 8X,2010,2014,Audi A1 1.4 TFSI Attraction S tronic (7-Gang) (07/10 - 11/14),ICE,https://www.adac.de/rund-ums-fahrzeug/autokatalog/marken-modelle/audi/a1/8x/222375/,Bremsassistent - Bezeichnung,Hydraulischer Bremsassistent
AUDI,A,A1 8X,2010,2014,Audi A1 1.4 TFSI Attraction S tronic (7-Gang) (07/10 - 11/14),ICE,https://www.adac.de/rund-ums-fahrzeug/autokatalog/marken-modelle/audi/a1/8x/222375/,Bremse hinten,Scheibe
AUDI,A,A1 8X,2010,2014,Audi A1 1.4 TFSI Attraction S tronic (7-Gang) (07/10 - 11/14),ICE,https://www.adac.de/rund-ums-fahrzeug/autokatalog/marken-modelle/audi/a1/8x/222375/,Bremse vorne,Scheibe
AUDI,A,A1 8X,2010,2014,Audi A1 1.4 TFSI Attraction S tronic (7-Gang) (07/10 - 11/14),ICE,https://www.adac.de/rund-ums-fahrzeug/autokatalog/marken-modelle/audi/a1/8x/222375/,Bremslicht dynamisch,Serie
AUDI,A,A1 8X,2010,2014,Audi A1 1.4 TFSI Attraction S tronic (7-Gang) (07/10 - 11/14),ICE,https://www.adac.de/rund-ums-fahrzeug/autokatalog/marken-modelle/audi/a1/8x/222375/,Bremslicht dynamisch - Bezeichnung,Flashing Brake Light und Aktivierung der Warnblinkanlage (kurz vor Stillstand)
AUDI,A,A1 8X,2010,2014,Audi A1 1.4 TFSI Attraction S tronic (7-Gang) (07/10 - 11/14),ICE,https://www.adac.de/rund-ums-fahrzeug/autokatalog/marken-modelle/audi/a1/8x/222375/,CO2-Effizienzklasse,C
AUDI,A,A1 8X,2010,2014,Audi A1 1.4 TFSI Attraction S tronic (7-Gang) (07/10 - 11/14),ICE,https://www.adac.de/rund-ums-fahrzeug/autokatalog/marken-modelle/audi/a1/8x/222375/,CO2-Wert (NEFZ),122 g/km
AUDI,A,A1 8X,2010,2014,Audi A1 1.4 TFSI Attraction S tronic (7-Gang) (07/10 - 11/14),ICE,https://www.adac.de/rund-ums-fahrzeug/autokatalog/marken-modelle/audi/a1/8x/222375/,Dachlast,75 kg
AUDI,A,A1 8X,2010,2014,Audi A1 1.4 TFSI Attraction S tronic (7-Gang) (07/10 - 11/14),ICE,https://www.adac.de/rund-ums-fahrzeug/autokatalog/marken-modelle/audi/a1/8x/222375/,Digitaler Radioempfang (DAB),300 Euro
AUDI,A,A1 8X,2010,2014,Audi A1 1.4 TFSI Attraction S tronic (7-Gang) (07/10 - 11/14),ICE,https://www.adac.de/rund-ums-fahrzeug/autokatalog/marken-modelle/audi/a1/8x/222375/,Drehmoment (Systemleistung),200 Nm
AUDI,A,A1 8X,2010,2014,Audi A1 1.4 TFSI Attraction S tronic (7-Gang) (07/10 - 11/14),ICE,https://www.adac.de/rund-ums-fahrzeug/autokatalog/marken-modelle/audi/a1/8x/222375/,Drehmoment maximal bei U/min. (Verbrennungsmotor),1500 U/min
AUDI,A,A1 8X,2010,2014,Audi A1 1.4 TFSI Attraction S tronic (7-Gang) (07/10 - 11/14),ICE,https://www.adac.de/rund-ums-fahrzeug/autokatalog/marken-modelle/audi/a1/8x/222375/,Durchrostung,12 Jahre
AUDI,A,A1 8X,2010,2014,Audi A1 1.4 TFSI Attraction S tronic (7-Gang) (07/10 - 11/14),ICE,https://www.adac.de/rund-ums-fahrzeug/autokatalog/marken-modelle/audi/a1/8x/222375/,Einbauposition / Motorbauart (Verbrennungsmotor),Frontmotor / Reihe
AUDI,A,A1 8X,2010,2014,Audi A1 1.4 TFSI Attraction S tronic (7-Gang) (07/10 - 11/14),ICE,https://www.adac.de/rund-ums-fahrzeug/autokatalog/marken-modelle/audi/a1/8x/222375/,Einparkhilfe,330 Euro
AUDI,A,A1 8X,2010,2014,Audi A1 1.4 TFSI Attraction S tronic (7-Gang) (07/10 - 11/14),ICE,https://www.adac.de/rund-ums-fahrzeug/autokatalog/marken-modelle/audi/a1/8x/222375/,Einparkhilfe - Bezeichnung,hinten
AUDI,A,A1 8X,2010,2014,Audi A1 1.4 TFSI Attraction S tronic (7-Gang) (07/10 - 11/14),ICE,https://www.adac.de/rund-ums-fahrzeug/autokatalog/marken-modelle/audi/a1/8x/222375/,Fahrdynamikregelung,Serie
AUDI,A,A1 8X,2010,2014,Audi A1 1.4 TFSI Attraction S tronic (7-Gang) (07/10 - 11/14),ICE,https://www.adac.de/rund-ums-fahrzeug/autokatalog/marken-modelle/audi/a1/8x/222375/,Fahrdynamikregelung - Bezeichnung,Elektronisches Stabilitätsprogramm
AUDI,A,A1 8X,2010,2014,Audi A1 1.4 TFSI Attraction S tronic (7-Gang) (07/10 - 11/14),ICE,https://www.adac.de/rund-ums-fahrzeug/autokatalog/marken-modelle/audi/a1/8x/222375/,Fahrgeräusch,72 dB
AUDI,A,A1 8X,2010,2014,Audi A1 1.4 TFSI Attraction S tronic (7-Gang) (07/10 - 11/14),ICE,https://www.adac.de/rund-ums-fahrzeug/autokatalog/marken-modelle/audi/a1/8x/222375/,Fahrzeugklasse,Kleinwagen (z.B. Polo)
AUDI,A,A1 8X,2010,2014,Audi A1 1.4 TFSI Attraction S tronic (7-Gang) (07/10 - 11/14),ICE,https://www.adac.de/rund-ums-fahrzeug/autokatalog/marken-modelle/audi/a1/8x/222375/,Federung hinten,Schraube
AUDI,A,A1 8X,2010,2014,Audi A1 1.4 TFSI Attraction S tronic (7-Gang) (07/10 - 11/14),ICE,https://www.adac.de/rund-ums-fahrzeug/autokatalog/marken-modelle/audi/a1/8x/222375/,Federung vorne,Schraube
AUDI,A,A1 8X,2010,2014,Audi A1 1.4 TFSI Attraction S tronic (7-Gang) (07/10 - 11/14),ICE,https://www.adac.de/rund-ums-fahrzeug/autokatalog/marken-modelle/audi/a1/8x/222375/,Fensterheber elektr. vorne,Serie
AUDI,A,A1 8X,2010,2014,Audi A1 1.4 TFSI Attraction S tronic (7-Gang) (07/10 - 11/14),ICE,https://www.adac.de/rund-ums-fahrzeug/autokatalog/marken-modelle/audi/a1/8x/222375/,Fernlichtassistent,135 Euro
AUDI,A,A1 8X,2010,2014,Audi A1 1.4 TFSI Attraction S tronic (7-Gang) (07/10 - 11/14),ICE,https://www.adac.de/rund-ums-fahrzeug/autokatalog/marken-modelle/audi/a1/8x/222375/,Fixkosten,117 €
AUDI,A,A1 8X,2010,2014,Audi A1 1.4 TFSI Attraction S tronic (7-Gang) (07/10 - 11/14),ICE,https://www.adac.de/rund-ums-fahrzeug/autokatalog/marken-modelle/audi/a1/8x/222375/,Freisprecheinrichtung,300 Euro
AUDI,A,A1 8X,2010,2014,Audi A1 1.4 TFSI Attraction S tronic (7-Gang) (07/10 - 11/14),ICE,https://www.adac.de/rund-ums-fahrzeug/autokatalog/marken-modelle/audi/a1/8x/222375/,Garantie (Fahrzeug),2 Jahre
AUDI,A,A1 8X,2010,2014,Audi A1 1.4 TFSI Attraction S tronic (7-Gang) (07/10 - 11/14),ICE,https://www.adac.de/rund-ums-fahrzeug/autokatalog/marken-modelle/audi/a1/8x/222375/,Gemischaufbereitung (Verbrennungsmotor),Direkteinspritzung
AUDI,A,A1 8X,2010,2014,Audi A1 1.4 TFSI Attraction S tronic (7-Gang) (07/10 - 11/14),ICE,https://www.adac.de/rund-ums-fahrzeug/autokatalog/marken-modelle/audi/a1/8x/222375/,Getriebeart,Automat. Schaltgetriebe (Doppelkupplung)
AUDI,A,A1 8X,2010,2014,Audi A1 1.4 TFSI Attraction S tronic (7-Gang) (07/10 - 11/14),ICE,https://www.adac.de/rund-ums-fahrzeug/autokatalog/marken-modelle/audi/a1/8x/222375/,Grundpreis,20800 Euro
AUDI,A,A1 8X,2010,2014,Audi A1 1.4 TFSI Attraction S tronic (7-Gang) (07/10 - 11/14),ICE,https://www.adac.de/rund-ums-fahrzeug/autokatalog/marken-modelle/audi/a1/8x/222375/,HSN/TSN Schlüsselnummern,0588/ANX
AUDI,A,A1 8X,2010,2014,Audi A1 1.4 TFSI Attraction S tronic (7-Gang) (07/10 - 11/14),ICE,https://www.adac.de/rund-ums-fahrzeug/autokatalog/marken-modelle/audi/a1/8x/222375/,Haftpflichtbeitrag 100%,1.250 €
AUDI,A,A1 8X,2010,2014,Audi A1 1.4 TFSI Attraction S tronic (7-Gang) (07/10 - 11/14),ICE,https://www.adac.de/rund-ums-fahrzeug/autokatalog/marken-modelle/audi/a1/8x/222375/,Herstellerinterne Baureihenbezeichnung,8X
AUDI,A,A1 8X,2010,2014,Audi A1 1.4 TFSI Attraction S tronic (7-Gang) (07/10 - 11/14),ICE,https://www.adac.de/rund-ums-fahrzeug/autokatalog/marken-modelle/audi/a1/8x/222375/,Hubraum (Verbrennungsmotor),1390 ccm
AUDI,A,A1 8X,2010,2014,Audi A1 1.4 TFSI Attraction S tronic (7-Gang) (07/10 - 11/14),ICE,https://www.adac.de/rund-ums-fahrzeug/autokatalog/marken-modelle/audi/a1/8x/222375/,Höchstgeschwindigkeit,203 km/h
AUDI,A,A1 8X,2010,2014,Audi A1 1.4 TFSI Attraction S tronic (7-Gang) (07/10 - 11/14),ICE,https://www.adac.de/rund-ums-fahrzeug/autokatalog/marken-modelle/audi/a1/8x/222375/,Höhe,1417 mm
AUDI,A,A1 8X,2010,2014,Audi A1 1.4 TFSI Attraction S tronic (7-Gang) (07/10 - 11/14),ICE,https://www.adac.de/rund-ums-fahrzeug/autokatalog/marken-modelle/audi/a1/8x/222375/,Isofix,Serie
AUDI,A,A1 8X,2010,2014,Audi A1 1.4 TFSI Attraction S tronic (7-Gang) (07/10 - 11/14),ICE,https://www.adac.de/rund-ums-fahrzeug/autokatalog/marken-modelle/audi/a1/8x/222375/,Isofix - Bezeichnung,Nur hinten
AUDI,A,A1 8X,2010,2014,Audi A1 1.4 TFSI Attraction S tronic (7-Gang) (07/10 - 11/14),ICE,https://www.adac.de/rund-ums-fahrzeug/autokatalog/marken-modelle/audi/a1/8x/222375/,KFZ-Steuer ohne Befreiung/Jahr (kann durch WLTP abweichen),82 Euro
AUDI,A,A1 8X,2010,2014,Audi A1 1.4 TFSI Attraction S tronic (7-Gang) (07/10 - 11/14),ICE,https://www.adac.de/rund-ums-fahrzeug/autokatalog/marken-modelle/audi/a1/8x/222375/,KFZ-Steuer pro Jahr ohne Steuerbefreiung,82 €
AUDI,A,A1 8X,2010,2014,Audi A1 1.4 TFSI Attraction S tronic (7-Gang) (07/10 - 11/14),ICE,https://www.adac.de/rund-ums-fahrzeug/autokatalog/marken-modelle/audi/a1/8x/222375/,Karosserie,Schrägheck
AUDI,A,A1 8X,2010,2014,Audi A1 1.4 TFSI Attraction S tronic (7-Gang) (07/10 - 11/14),ICE,https://www.adac.de/rund-ums-fahrzeug/autokatalog/marken-modelle/audi/a1/8x/222375/,Klassenübliche Ausstattung nach ADAC-Vorgabe,1640 Euro
AUDI,A,A1 8X,2010,2014,Audi A1 1.4 TFSI Attraction S tronic (7-Gang) (07/10 - 11/14),ICE,https://www.adac.de/rund-ums-fahrzeug/autokatalog/marken-modelle/audi/a1/8x/222375/,Klimaanlage,Serie
AUDI,A,A1 8X,2010,2014,Audi A1 1.4 TFSI Attraction S tronic (7-Gang) (07/10 - 11/14),ICE,https://www.adac.de/rund-ums-fahrzeug/autokatalog/marken-modelle/audi/a1/8x/222375/,Kofferraumvolumen dachhoch mit umgeklappter Rücksitzbank,920 l
AUDI,A,A1 8X,2010,2014,Audi A1 1.4 TFSI Attraction S tronic (7-Gang) (07/10 - 11/14),ICE,https://www.adac.de/rund-ums-fahrzeug/autokatalog/marken-modelle/audi/a1/8x/222375/,Kofferraumvolumen normal,270 l
AUDI,A,A1 8X,2010,2014,Audi A1 1.4 TFSI Attraction S tronic (7-Gang) (07/10 - 11/14),ICE,https://www.adac.de/rund-ums-fahrzeug/autokatalog/marken-modelle/audi/a1/8x/222375/,Kopfairbag hinten,Serie
AUDI,A,A1 8X,2010,2014,Audi A1 1.4 TFSI Attraction S tronic (7-Gang) (07/10 - 11/14),ICE,https://www.adac.de/rund-ums-fahrzeug/autokatalog/marken-modelle/audi/a1/8x/222375/,Kopfairbag hinten - Bezeichnung,Windowbag
AUDI,A,A1 8X,2010,2014,Audi A1 1.4 TFSI Attraction S tronic (7-Gang) (07/10 - 11/14),ICE,https://www.adac.de/rund-ums-fahrzeug/autokatalog/marken-modelle/audi/a1/8x/222375/,Kopfairbag vorne,Serie
AUDI,A,A1 8X,2010,2014,Audi A1 1.4 TFSI Attraction S tronic (7-Gang) (07/10 - 11/14),ICE,https://www.adac.de/rund-ums-fahrzeug/autokatalog/marken-modelle/audi/a1/8x/222375/,Kopfairbag vorne - Bezeichnung,Windowbag
AUDI,A,A1 8X,2010,2014,Audi A1 1.4 TFSI Attraction S tronic (7-Gang) (07/10 - 11/14),ICE,https://www.adac.de/rund-ums-fahrzeug/autokatalog/marken-modelle/audi/a1/8x/222375/,Kopfstütze hinten Mitte,Paket
AUDI,A,A1 8X,2010,2014,Audi A1 1.4 TFSI Attraction S tronic (7-Gang) (07/10 - 11/14),ICE,https://www.adac.de/rund-ums-fahrzeug/autokatalog/marken-modelle/audi/a1/8x/222375/,Kopfstützen hinten,Serie
AUDI,A,A1 8X,2010,2014,Audi A1 1.4 TFSI Attraction S tronic (7-Gang) (07/10 - 11/14),ICE,https://www.adac.de/rund-ums-fahrzeug/autokatalog/marken-modelle/audi/a1/8x/222375/,Kraftstoffart,Super
AUDI,A,A1 8X,2010,2014,Audi A1 1.4 TFSI Attraction S tronic (7-Gang) (07/10 - 11/14),ICE,https://www.adac.de/rund-ums-fahrzeug/autokatalog/marken-modelle/audi/a1/8x/222375/,Lackgarantie,3 Jahre
AUDI,A,A1 8X,2010,2014,Audi A1 1.4 TFSI Attraction S tronic (7-Gang) (07/10 - 11/14),ICE,https://www.adac.de/rund-ums-fahrzeug/autokatalog/marken-modelle/audi/a1/8x/222375/,Lederausstattung,1200 Euro
AUDI,A,A1 8X,2010,2014,Audi A1 1.4 TFSI Attraction S tronic (7-Gang) (07/10 - 11/14),ICE,https://www.adac.de/rund-ums-fahrzeug/autokatalog/marken-modelle/audi/a1/8x/222375/,Leergewicht (EU),1200 kg
AUDI,A,A1 8X,2010,2014,Audi A1 1.4 TFSI Attraction S tronic (7-Gang) (07/10 - 11/14),ICE,https://www.adac.de/rund-ums-fahrzeug/autokatalog/marken-modelle/audi/a1/8x/222375/,Leistung / Drehmoment (Verbrennungsmotor),90 kW (122 PS) / 200 Nm
AUDI,A,A1 8X,2010,2014,Audi A1 1.4 TFSI Attraction S tronic (7-Gang) (07/10 - 11/14),ICE,https://www.adac.de/rund-ums-fahrzeug/autokatalog/marken-modelle/audi/a1/8x/222375/,Leistung maximal bei U/min. (Verbrennungsmotor),5000 U/min
AUDI,A,A1 8X,2010,2014,Audi A1 1.4 TFSI Attraction S tronic (7-Gang) (07/10 - 11/14),ICE,https://www.adac.de/rund-ums-fahrzeug/autokatalog/marken-modelle/audi/a1/8x/222375/,Leistung maximal in PS (Systemleistung),122
AUDI,A,A1 8X,2010,2014,Audi A1 1.4 TFSI Attraction S tronic (7-Gang) (07/10 - 11/14),ICE,https://www.adac.de/rund-ums-fahrzeug/autokatalog/marken-modelle/audi/a1/8x/222375/,Leistung maximal in kW (Systemleistung),90
AUDI,A,A1 8X,2010,2014,Audi A1 1.4 TFSI Attraction S tronic (7-Gang) (07/10 - 11/14),ICE,https://www.adac.de/rund-ums-fahrzeug/autokatalog/marken-modelle/audi/a1/8x/222375/,Lichtsensor,Paket
AUDI,A,A1 8X,2010,2014,Audi A1 1.4 TFSI Attraction S tronic (7-Gang) (07/10 - 11/14),ICE,https://www.adac.de/rund-ums-fahrzeug/autokatalog/marken-modelle/audi/a1/8x/222375/,Länge,3954 mm
AUDI,A,A1 8X,2010,2014,Audi A1 1.4 TFSI Attraction S tronic (7-Gang) (07/10 - 11/14),ICE,https://www.adac.de/rund-ums-fahrzeug/autokatalog/marken-modelle/audi/a1/8x/222375/,Marke,Audi
AUDI,A,A1 8X,2010,2014,Audi A1 1.4 TFSI Attraction S tronic (7-Gang) (07/10 - 11/14),ICE,https://www.adac.de/rund-ums-fahrzeug/autokatalog/marken-modelle/audi/a1/8x/222375/,Metallic-Lackierung,480 Euro
AUDI,A,A1 8X,2010,2014,Audi A1 1.4 TFSI Attraction S tronic (7-Gang) (07/10 - 11/14),ICE,https://www.adac.de/rund-ums-fahrzeug/autokatalog/marken-modelle/audi/a1/8x/222375/,Modell,A1 1.4 TFSI
AUDI,A,A1 8X,2010,2014,Audi A1 1.4 TFSI Attraction S tronic (7-Gang) (07/10 - 11/14),ICE,https://www.adac.de/rund-ums-fahrzeug/autokatalog/marken-modelle/audi/a1/8x/222375/,Modellende,11/14
AUDI,A,A1 8X,2010,2014,Audi A1 1.4 TFSI Attraction S tronic (7-Gang) (07/10 - 11/14),ICE,https://www.adac.de/rund-ums-fahrzeug/autokatalog/marken-modelle/audi/a1/8x/222375/,Modellstart,07/10
AUDI,A,A1 8X,2010,2014,Audi A1 1.4 TFSI Attraction S tronic (7-Gang) (07/10 - 11/14),ICE,https://www.adac.de/rund-ums-fahrzeug/autokatalog/marken-modelle/audi/a1/8x/222375/,Motorart,Otto
AUDI,A,A1 8X,2010,2014,Audi A1 1.4 TFSI Attraction S tronic (7-Gang) (07/10 - 11/14),ICE,https://www.adac.de/rund-ums-fahrzeug/autokatalog/marken-modelle/audi/a1/8x/222375/,Motorcode,CAX
AUDI,A,A1 8X,2010,2014,Audi A1 1.4 TFSI Attraction S tronic (7-Gang) (07/10 - 11/14),ICE,https://www.adac.de/rund-ums-fahrzeug/autokatalog/marken-modelle/audi/a1/8x/222375/,Navigation,1160 Euro
AUDI,A,A1 8X,2010,2014,Audi A1 1.4 TFSI Attraction S tronic (7-Gang) (07/10 - 11/14),ICE,https://www.adac.de/rund-ums-fahrzeug/autokatalog/marken-modelle/audi/a1/8x/222375/,Navigation - Bezeichnung,Farbdisplay
AUDI,A,A1 8X,2010,2014,Audi A1 1.4 TFSI Attraction S tronic (7-Gang) (07/10 - 11/14),ICE,https://www.adac.de/rund-ums-fahrzeug/autokatalog/marken-modelle/audi/a1/8x/222375/,Nebelscheinwerfer,150 Euro
AUDI,A,A1 8X,2010,2014,Audi A1 1.4 TFSI Attraction S tronic (7-Gang) (07/10 - 11/14),ICE,https://www.adac.de/rund-ums-fahrzeug/autokatalog/marken-modelle/audi/a1/8x/222375/,Nockenwellensteuerung,Steuerkette
AUDI,A,A1 8X,2010,2014,Audi A1 1.4 TFSI Attraction S tronic (7-Gang) (07/10 - 11/14),ICE,https://www.adac.de/rund-ums-fahrzeug/autokatalog/marken-modelle/audi/a1/8x/222375/,Radio,Serie
AUDI,A,A1 8X,2010,2014,Audi A1 1.4 TFSI Attraction S tronic (7-Gang) (07/10 - 11/14),ICE,https://www.adac.de/rund-ums-fahrzeug/autokatalog/marken-modelle/audi/a1/8x/222375/,Radio - Bezeichnung,chorus
AUDI,A,A1 8X,2010,2014,Audi A1 1.4 TFSI Attraction S tronic (7-Gang) (07/10 - 11/14),ICE,https://www.adac.de/rund-ums-fahrzeug/autokatalog/marken-modelle/audi/a1/8x/222375/,Radstand,2469 mm
AUDI,A,A1 8X,2010,2014,Audi A1 1.4 TFSI Attraction S tronic (7-Gang) (07/10 - 11/14),ICE,https://www.adac.de/rund-ums-fahrzeug/autokatalog/marken-modelle/audi/a1/8x/222375/,Regensensor,Paket
AUDI,A,A1 8X,2010,2014,Audi A1 1.4 TFSI Attraction S tronic (7-Gang) (07/10 - 11/14),ICE,https://www.adac.de/rund-ums-fahrzeug/autokatalog/marken-modelle/audi/a1/8x/222375/,Reifendruckkontrolle,Serie
AUDI,A,A1 8X,2010,2014,Audi A1 1.4 TFSI Attraction S tronic (7-Gang) (07/10 - 11/14),ICE,https://www.adac.de/rund-ums-fahrzeug/autokatalog/marken-modelle/audi/a1/8x/222375/,Reifendruckkontrolle - Bezeichnung,indirekte Messung (ABS)
AUDI,A,A1 8X,2010,2014,Audi A1 1.4 TFSI Attraction S tronic (7-Gang) (07/10 - 11/14),ICE,https://www.adac.de/rund-ums-fahrzeug/autokatalog/marken-modelle/audi/a1/8x/222375/,Reifengröße,205/55R15
AUDI,A,A1 8X,2010,2014,Audi A1 1.4 TFSI Attraction S tronic (7-Gang) (07/10 - 11/14),ICE,https://www.adac.de/rund-ums-fahrzeug/autokatalog/marken-modelle/audi/a1/8x/222375/,Runflat,Aufpreis
AUDI,A,A1 8X,2010,2014,Audi A1 1.4 TFSI Attraction S tronic (7-Gang) (07/10 - 11/14),ICE,https://www.adac.de/rund-ums-fahrzeug/autokatalog/marken-modelle/audi/a1/8x/222375/,Rücksitzbank umklappbar,Serie
AUDI,A,A1 8X,2010,2014,Audi A1 1.4 TFSI Attraction S tronic (7-Gang) (07/10 - 11/14),ICE,https://www.adac.de/rund-ums-fahrzeug/autokatalog/marken-modelle/audi/a1/8x/222375/,Schadstoffklasse,Euro 5
AUDI,A,A1 8X,2010,2014,Audi A1 1.4 TFSI Attraction S tronic (7-Gang) (07/10 - 11/14),ICE,https://www.adac.de/rund-ums-fahrzeug/autokatalog/marken-modelle/audi/a1/8x/222375/,Seitenairbag vorne,Serie
AUDI,A,A1 8X,2010,2014,Audi A1 1.4 TFSI Attraction S tronic (7-Gang) (07/10 - 11/14),ICE,https://www.adac.de/rund-ums-fahrzeug/autokatalog/marken-modelle/audi/a1/8x/222375/,Servolenkung,Serie
AUDI,A,A1 8X,2010,2014,Audi A1 1.4 TFSI Attraction S tronic (7-Gang) (07/10 - 11/14),ICE,https://www.adac.de/rund-ums-fahrzeug/autokatalog/marken-modelle/audi/a1/8x/222375/,Sitzanzahl,4
AUDI,A,A1 8X,2010,2014,Audi A1 1.4 TFSI Attraction S tronic (7-Gang) (07/10 - 11/14),ICE,https://www.adac.de/rund-ums-fahrzeug/autokatalog/marken-modelle/audi/a1/8x/222375/,Sitzanzahl maximal,5
AUDI,A,A1 8X,2010,2014,Audi A1 1.4 TFSI Attraction S tronic (7-Gang) (07/10 - 11/14),ICE,https://www.adac.de/rund-ums-fahrzeug/autokatalog/marken-modelle/audi/a1/8x/222375/,Start-/Stopp-Automatik (Verbrennungsmotor),Serie
AUDI,A,A1 8X,2010,2014,Audi A1 1.4 TFSI Attraction S tronic (7-Gang) (07/10 - 11/14),ICE,https://www.adac.de/rund-ums-fahrzeug/autokatalog/marken-modelle/audi/a1/8x/222375/,Stützlast,50 kg
AUDI,A,A1 8X,2010,2014,Audi A1 1.4 TFSI Attraction S tronic (7-Gang) (07/10 - 11/14),ICE,https://www.adac.de/rund-ums-fahrzeug/autokatalog/marken-modelle/audi/a1/8x/222375/,Tankgröße,"45,0 l"
AUDI,A,A1 8X,2010,2014,Audi A1 1.4 TFSI Attraction S tronic (7-Gang) (07/10 - 11/14),ICE,https://www.adac.de/rund-ums-fahrzeug/autokatalog/marken-modelle/audi/a1/8x/222375/,Teilkaskobeitrag 150 € SB,328 €
AUDI,A,A1 8X,2010,2014,Audi A1 1.4 TFSI Attraction S tronic (7-Gang) (07/10 - 11/14),ICE,https://www.adac.de/rund-ums-fahrzeug/autokatalog/marken-modelle/audi/a1/8x/222375/,Typ,Attraction S tronic (7-Gang)
AUDI,A,A1 8X,2010,2014,Audi A1 1.4 TFSI Attraction S tronic (7-Gang) (07/10 - 11/14),ICE,https://www.adac.de/rund-ums-fahrzeug/autokatalog/marken-modelle/audi/a1/8x/222375/,Typklassen (KH/VK/TK),16/15/16
AUDI,A,A1 8X,2010,2014,Audi A1 1.4 TFSI Attraction S tronic (7-Gang) (07/10 - 11/14),ICE,https://www.adac.de/rund-ums-fahrzeug/autokatalog/marken-modelle/audi/a1/8x/222375/,Türanzahl,3
AUDI,A,A1 8X,2010,2014,Audi A1 1.4 TFSI Attraction S tronic (7-Gang) (07/10 - 11/14),ICE,https://www.adac.de/rund-ums-fahrzeug/autokatalog/marken-modelle/audi/a1/8x/222375/,Verbrauch Außerorts (NEFZ),"4,6 l/100 km"
AUDI,A,A1 8X,2010,2014,Audi A1 1.4 TFSI Attraction S tronic (7-Gang) (07/10 - 11/14),ICE,https://www.adac.de/rund-ums-fahrzeug/autokatalog/marken-modelle/audi/a1/8x/222375/,Verbrauch Gesamt (NEFZ),"5,3 l/100 km"
AUDI,A,A1 8X,2010,2014,Audi A1 1.4 TFSI Attraction S tronic (7-Gang) (07/10 - 11/14),ICE,https://www.adac.de/rund-ums-fahrzeug/autokatalog/marken-modelle/audi/a1/8x/222375/,Verbrauch Innerorts (NEFZ),"6,5 l/100 km"
AUDI,A,A1 8X,2010,2014,Audi A1 1.4 TFSI Attraction S tronic (7-Gang) (07/10 - 11/14),ICE,https://www.adac.de/rund-ums-fahrzeug/autokatalog/marken-modelle/audi/a1/8x/222375/,Vollkaskobetrag 100% 500 € SB,998 €
AUDI,A,A1 8X,2010,2014,Audi A1 1.4 TFSI Attraction S tronic (7-Gang) (07/10 - 11/14),ICE,https://www.adac.de/rund-ums-fahrzeug/autokatalog/marken-modelle/audi/a1/8x/222375/,WLAN Hotspot,Paket
AUDI,A,A1 8X,2010,2014,Audi A1 1.4 TFSI Attraction S tronic (7-Gang) (07/10 - 11/14),ICE,https://www.adac.de/rund-ums-fahrzeug/autokatalog/marken-modelle/audi/a1/8x/222375/,Wendekreis,"10,6 m"
AUDI,A,A1 8X,2010,2014,Audi A1 1.4 TFSI Attraction S tronic (7-Gang) (07/10 - 11/14),ICE,https://www.adac.de/rund-ums-fahrzeug/autokatalog/marken-modelle/audi/a1/8x/222375/,Werkstattkosten,99 €
AUDI,A,A1 8X,2010,2014,Audi A1 1.4 TFSI Attraction S tronic (7-Gang) (07/10 - 11/14),ICE,https://www.adac.de/rund-ums-fahrzeug/autokatalog/marken-modelle/audi/a1/8x/222375/,Wertverlust,53 €
AUDI,A,A1 8X,2010,2014,Audi A1 1.4 TFSI Attraction S tronic (7-Gang) (07/10 - 11/14),ICE,https://www.adac.de/rund-ums-fahrzeug/autokatalog/marken-modelle/audi/a1/8x/222375/,Xenon-Scheinwerfer,750 Euro
AUDI,A,A1 8X,2010,2014,Audi A1 1.4 TFSI Attraction S tronic (7-Gang) (07/10 - 11/14),ICE,https://www.adac.de/rund-ums-fahrzeug/autokatalog/marken-modelle/audi/a1/8x/222375/,Zentralverriegelung,Serie
AUDI,A,A1 8X,2010,2014,Audi A1 1.4 TFSI Attraction S tronic (7-Gang) (07/10 - 11/14),ICE,https://www.adac.de/rund-ums-fahrzeug/autokatalog/marken-modelle/audi/a1/8x/222375/,Zul. Gesamtgewicht,1575 kg
AUDI,A,A1 8X,2010,2014,Audi A1 1.4 TFSI Attraction S tronic (7-Gang) (07/10 - 11/14),ICE,https://www.adac.de/rund-ums-fahrzeug/autokatalog/marken-modelle/audi/a1/8x/222375/,Zuladung,375 kg
AUDI,A,A1 8X,2010,2014,Audi A1 1.4 TFSI Attraction S tronic (7-Gang) (07/10 - 11/14),ICE,https://www.adac.de/rund-ums-fahrzeug/autokatalog/marken-modelle/audi/a1/8x/222375/,Zusätzliche Garantien,"Mobilitätsgarantie: 2 Jahre europaweit, erweiterbar auf lebenslang unter Einhaltung aller Inspektionen;"
AUDI,A,A1 8X (1. Facelift),2014,2018,Audi A1 1.0 TFSI ultra (02/15 - 04/18),ICE,https://www.adac.de/rund-ums-fahrzeug/autokatalog/marken-modelle/audi/a1/8x-facelift/245341/,2016,5.8
AUDI,A,A1 8X (1. Facelift),2014,2018,Audi A1 1.0 TFSI ultra (02/15 - 04/18),ICE,https://www.adac.de/rund-ums-fahrzeug/autokatalog/marken-modelle/audi/a1/8x-facelift/245341/,2017,4.2
AUDI,A,A1 8X (1. Facelift),2014,2018,Audi A1 1.0 TFSI ultra (02/15 - 04/18),ICE,https://www.adac.de/rund-ums-fahrzeug/autokatalog/marken-modelle/audi/a1/8x-facelift/245341/,2018,3.7
AUDI,A,A1 8X (1. Facelift),2014,2018,Audi A1 1.0 TFSI ultra (02/15 - 04/18),ICE,https://www.adac.de/rund-ums-fahrzeug/autokatalog/marken-modelle/audi/a1/8x-facelift/245341/,2019,5
AUDI,A,A1 8X (1. Facelift),2014,2018,Audi A1 1.0 TFSI ultra (02/15 - 04/18),ICE,https://www.adac.de/rund-ums-fahrzeug/autokatalog/marken-modelle/audi/a1/8x-facelift/245341/,2020,4.7
AUDI,A,A1 8X (1. Facelift),2014,2018,Audi A1 1.0 TFSI ultra (02/15 - 04/18),ICE,https://www.adac.de/rund-ums-fahrzeug/autokatalog/marken-modelle/audi/a1/8x-facelift/245341/,2021,6.8
AUDI,A,A1 8X (1. Facelift),2014,2018,Audi A1 1.0 TFSI ultra (02/15 - 04/18),ICE,https://www.adac.de/rund-ums-fahrzeug/autokatalog/marken-modelle/audi/a1/8x-facelift/245341/,2022,2.2
AUDI,A,A1 8X (1. Facelift),2014,2018,Audi A1 1.0 TFSI ultra (02/15 - 04/18),ICE,https://www.adac.de/rund-ums-fahrzeug/autokatalog/marken-modelle/audi/a1/8x-facelift/245341/,2023,1.3
AUDI,A,A1 8X (1. Facelift),2014,2018,Audi A1 1.0 TFSI ultra (02/15 - 04/18),ICE,https://www.adac.de/rund-ums-fahrzeug/autokatalog/marken-modelle/audi/a1/8x-facelift/245341/,3-Punkt-Gurt hinten Mitte,Paket
AUDI,A,A1 8X (1. Facelift),2014,2018,Audi A1 1.0 TFSI ultra (02/15 - 04/18),ICE,https://www.adac.de/rund-ums-fahrzeug/autokatalog/marken-modelle/audi/a1/8x-facelift/245341/,3-Punkt-Gurt hinten Mitte - Bezeichnung,3-Punkt Gurt
AUDI,A,A1 8X (1. Facelift),2014,2018,Audi A1 1.0 TFSI ultra (02/15 - 04/18),ICE,https://www.adac.de/rund-ums-fahrzeug/autokatalog/marken-modelle/audi/a1/8x-facelift/245341/,ABS,Serie
AUDI,A,A1 8X (1. Facelift),2014,2018,Audi A1 1.0 TFSI ultra (02/15 - 04/18),ICE,https://www.adac.de/rund-ums-fahrzeug/autokatalog/marken-modelle/audi/a1/8x-facelift/245341/,Abgasreinigung (Verbrennungsmotor),geregelt
AUDI,A,A1 8X (1. Facelift),2014,2018,Audi A1 1.0 TFSI ultra (02/15 - 04/18),ICE,https://www.adac.de/rund-ums-fahrzeug/autokatalog/marken-modelle/audi/a1/8x-facelift/245341/,Airbag Beifahrer,Serie
AUDI,A,A1 8X (1. Facelift),2014,2018,Audi A1 1.0 TFSI ultra (02/15 - 04/18),ICE,https://www.adac.de/rund-ums-fahrzeug/autokatalog/marken-modelle/audi/a1/8x-facelift/245341/,Airbag Deaktivierung,40 Euro
AUDI,A,A1 8X (1. Facelift),2014,2018,Audi A1 1.0 TFSI ultra (02/15 - 04/18),ICE,https://www.adac.de/rund-ums-fahrzeug/autokatalog/marken-modelle/audi/a1/8x-facelift/245341/,Airbag Deaktivierung - Bezeichnung,Schlüsselschalter
AUDI,A,A1 8X (1. Facelift),2014,2018,Audi A1 1.0 TFSI ultra (02/15 - 04/18),ICE,https://www.adac.de/rund-ums-fahrzeug/autokatalog/marken-modelle/audi/a1/8x-facelift/245341/,Airbag Fahrer,Serie
AUDI,A,A1 8X (1. Facelift),2014,2018,Audi A1 1.0 TFSI ultra (02/15 - 04/18),ICE,https://www.adac.de/rund-ums-fahrzeug/autokatalog/marken-modelle/audi/a1/8x-facelift/245341/,Aktive Kopfstützen,Serie
AUDI,A,A1 8X (1. Facelift),2014,2018,Audi A1 1.0 TFSI ultra (02/15 - 04/18),ICE,https://www.adac.de/rund-ums-fahrzeug/autokatalog/marken-modelle/audi/a1/8x-facelift/245341/,Alufelgen,450 Euro
AUDI,A,A1 8X (1. Facelift),2014,2018,Audi A1 1.0 TFSI ultra (02/15 - 04/18),ICE,https://www.adac.de/rund-ums-fahrzeug/autokatalog/marken-modelle/audi/a1/8x-facelift/245341/,Anhängelast gebremst 12%,1000 kg
AUDI,A,A1 8X (1. Facelift),2014,2018,Audi A1 1.0 TFSI ultra (02/15 - 04/18),ICE,https://www.adac.de/rund-ums-fahrzeug/autokatalog/marken-modelle/audi/a1/8x-facelift/245341/,Anhängelast ungebremst,550 kg
AUDI,A,A1 8X (1. Facelift),2014,2018,Audi A1 1.0 TFSI ultra (02/15 - 04/18),ICE,https://www.adac.de/rund-ums-fahrzeug/autokatalog/marken-modelle/audi/a1/8x-facelift/245341/,Anlass,Airbag- und Gurtstraffer-Zündgemisch
AUDI,A,A1 8X (1. Facelift),2014,2018,Audi A1 1.0 TFSI ultra (02/15 - 04/18),ICE,https://www.adac.de/rund-ums-fahrzeug/autokatalog/marken-modelle/audi/a1/8x-facelift/245341/,Antriebsart,Vorderrad
AUDI,A,A1 8X (1. Facelift),2014,2018,Audi A1 1.0 TFSI ultra (02/15 - 04/18),ICE,https://www.adac.de/rund-ums-fahrzeug/autokatalog/marken-modelle/audi/a1/8x-facelift/245341/,Antriebsschlupfregelung,Serie
AUDI,A,A1 8X (1. Facelift),2014,2018,Audi A1 1.0 TFSI ultra (02/15 - 04/18),ICE,https://www.adac.de/rund-ums-fahrzeug/autokatalog/marken-modelle/audi/a1/8x-facelift/245341/,Antriebsschlupfregelung - Bezeichnung,Autom. Stabilitätskontrolle mit Traktion
AUDI,A,A1 8X (1. Facelift),2014,2018,Audi A1 1.0 TFSI ultra (02/15 - 04/18),ICE,https://www.adac.de/rund-ums-fahrzeug/autokatalog/marken-modelle/audi/a1/8x-facelift/245341/,Anzahl Gänge,5
AUDI,A,A1 8X (1. Facelift),2014,2018,Audi A1 1.0 TFSI ultra (02/15 - 04/18),ICE,https://www.adac.de/rund-ums-fahrzeug/autokatalog/marken-modelle/audi/a1/8x-facelift/245341/,Anzahl Ventile (Verbrennungsmotor),4
AUDI,A,A1 8X (1. Facelift),2014,2018,Audi A1 1.0 TFSI ultra (02/15 - 04/18),ICE,https://www.adac.de/rund-ums-fahrzeug/autokatalog/marken-modelle/audi/a1/8x-facelift/245341/,Anzahl Zylinder (Verbrennungsmotor),3
AUDI,A,A1 8X (1. Facelift),2014,2018,Audi A1 1.0 TFSI ultra (02/15 - 04/18),ICE,https://www.adac.de/rund-ums-fahrzeug/autokatalog/marken-modelle/audi/a1/8x-facelift/245341/,Anzahl betroffener Fahrzeuge,2.850 (Deutschland) 17.000 (weltweit)
AUDI,A,A1 8X (1. Facelift),2014,2018,Audi A1 1.0 TFSI ultra (02/15 - 04/18),ICE,https://www.adac.de/rund-ums-fahrzeug/autokatalog/marken-modelle/audi/a1/8x-facelift/245341/,Aufladung (Verbrennungsmotor),Turbo
AUDI,A,A1 8X (1. Facelift),2014,2018,Audi A1 1.0 TFSI ultra (02/15 - 04/18),ICE,https://www.adac.de/rund-ums-fahrzeug/autokatalog/marken-modelle/audi/a1/8x-facelift/245341/,Baureihe,A1 (8X) (11/14 - 04/18)
AUDI,A,A1 8X (1. Facelift),2014,2018,Audi A1 1.0 TFSI ultra (02/15 - 04/18),ICE,https://www.adac.de/rund-ums-fahrzeug/autokatalog/marken-modelle/audi/a1/8x-facelift/245341/,Baureihenende,04/18
AUDI,A,A1 8X (1. Facelift),2014,2018,Audi A1 1.0 TFSI ultra (02/15 - 04/18),ICE,https://www.adac.de/rund-ums-fahrzeug/autokatalog/marken-modelle/audi/a1/8x-facelift/245341/,Baureihenstart,11/14
AUDI,A,A1 8X (1. Facelift),2014,2018,Audi A1 1.0 TFSI ultra (02/15 - 04/18),ICE,https://www.adac.de/rund-ums-fahrzeug/autokatalog/marken-modelle/audi/a1/8x-facelift/245341/,Bauzeitraum betroffener Fahrzeuge,2016
AUDI,A,A1 8X (1. Facelift),2014,2018,Audi A1 1.0 TFSI ultra (02/15 - 04/18),ICE,https://www.adac.de/rund-ums-fahrzeug/autokatalog/marken-modelle/audi/a1/8x-facelift/245341/,Berganfahrassistent,60 Euro
AUDI,A,A1 8X (1. Facelift),2014,2018,Audi A1 1.0 TFSI ultra (02/15 - 04/18),ICE,https://www.adac.de/rund-ums-fahrzeug/autokatalog/marken-modelle/audi/a1/8x-facelift/245341/,Beschleunigung 0-100km/h,"10,9 s"
AUDI,A,A1 8X (1. Facelift),2014,2018,Audi A1 1.0 TFSI ultra (02/15 - 04/18),ICE,https://www.adac.de/rund-ums-fahrzeug/autokatalog/marken-modelle/audi/a1/8x-facelift/245341/,Betriebskosten,129 €
AUDI,A,A1 8X (1. Facelift),2014,2018,Audi A1 1.0 TFSI ultra (02/15 - 04/18),ICE,https://www.adac.de/rund-ums-fahrzeug/autokatalog/marken-modelle/audi/a1/8x-facelift/245341/,Betroffene Modelle,"A1 Sportback 8X (11/14 - 04/18), A18X (11/14 - 04/18), A4 allroad B9 (03/16 - 08/18), A4 Avant B9 (10/15 - 08/18), A4 Limousine B9 (10/15 - 08/18), A5 Cabriolet 8F/8T (10/11 - 11/16), A5 Cabriolet F5 (11/16 - 08/19), A5 Coupé 8F/8T (10/11 - 07/16), A5 Coupé F5 (10/16 - 10/19), A5 Sportback 8F/8T (10/11 - 08/16), A5 Sportback F5 (10/16 - 10/19), A6 allroad C7 (10/14 - 05/18), A6 Avant C7 (10/14 - 05/18), A6 Limousine C7 (10/14 - 04/18), A7 Sportback 4G (08/14 - 12/17), A8D4 (10/13 - 10/17), Q58R (09/12 - 10/16), Q5FY (01/17 - 08/20), Q7 e-tron 4M (03/16 - 03/18), Q74M (06/15 - 06/19)"
AUDI,A,A1 8X (1. Facelift),2014,2018,Audi A1 1.0 TFSI ultra (02/15 - 04/18),ICE,https://www.adac.de/rund-ums-fahrzeug/autokatalog/marken-modelle/audi/a1/8x-facelift/245341/,Breite,1740 mm
AUDI,A,A1 8X (1. Facelift),2014,2018,Audi A1 1.0 TFSI ultra (02/15 - 04/18),ICE,https://www.adac.de/rund-ums-fahrzeug/autokatalog/marken-modelle/audi/a1/8x-facelift/245341/,Breite (inkl. Außenspiegel),1906 mm
AUDI,A,A1 8X (1. Facelift),2014,2018,Audi A1 1.0 TFSI ultra (02/15 - 04/18),ICE,https://www.adac.de/rund-ums-fahrzeug/autokatalog/marken-modelle/audi/a1/8x-facelift/245341/,Bremsassistent,Serie
AUDI,A,A1 8X (1. Facelift),2014,2018,Audi A1 1.0 TFSI ultra (02/15 - 04/18),ICE,https://www.adac.de/rund-ums-fahrzeug/autokatalog/marken-modelle/audi/a1/8x-facelift/245341/,Bremsassistent - Bezeichnung,Multikollisionsbremse
AUDI,A,A1 8X (1. Facelift),2014,2018,Audi A1 1.0 TFSI ultra (02/15 - 04/18),ICE,https://www.adac.de/rund-ums-fahrzeug/autokatalog/marken-modelle/audi/a1/8x-facelift/245341/,Bremse hinten,Scheibe
AUDI,A,A1 8X (1. Facelift),2014,2018,Audi A1 1.0 TFSI ultra (02/15 - 04/18),ICE,https://www.adac.de/rund-ums-fahrzeug/autokatalog/marken-modelle/audi/a1/8x-facelift/245341/,Bremse vorne,Scheibe
AUDI,A,A1 8X (1. Facelift),2014,2018,Audi A1 1.0 TFSI ultra (02/15 - 04/18),ICE,https://www.adac.de/rund-ums-fahrzeug/autokatalog/marken-modelle/audi/a1/8x-facelift/245341/,Bremslicht dynamisch,Serie
AUDI,A,A1 8X (1. Facelift),2014,2018,Audi A1 1.0 TFSI ultra (02/15 - 04/18),ICE,https://www.adac.de/rund-ums-fahrzeug/autokatalog/marken-modelle/audi/a1/8x-facelift/245341/,Bremslicht dynamisch - Bezeichnung,Flashing Brake Light und Aktivierung der Warnblinkanlage (kurz vor Stillstand)
AUDI,A,A1 8X (1. Facelift),2014,2018,Audi A1 1.0 TFSI ultra (02/15 - 04/18),ICE,https://www.adac.de/rund-ums-fahrzeug/autokatalog/marken-modelle/audi/a1/8x-facelift/245341/,CO2-Effizienzklasse,A
AUDI,A,A1 8X (1. Facelift),2014,2018,Audi A1 1.0 TFSI ultra (02/15 - 04/18),ICE,https://www.adac.de/rund-ums-fahrzeug/autokatalog/marken-modelle/audi/a1/8x-facelift/245341/,CO2-Wert (NEFZ),97 g/km
AUDI,A,A1 8X (1. Facelift),2014,2018,Audi A1 1.0 TFSI ultra (02/15 - 04/18),ICE,https://www.adac.de/rund-ums-fahrzeug/autokatalog/marken-modelle/audi/a1/8x-facelift/245341/,Dachlast,75 kg
AUDI,A,A1 8X (1. Facelift),2014,2018,Audi A1 1.0 TFSI ultra (02/15 - 04/18),ICE,https://www.adac.de/rund-ums-fahrzeug/autokatalog/marken-modelle/audi/a1/8x-facelift/245341/,Dauer,je nach Aufwand unterschiedlich
AUDI,A,A1 8X (1. Facelift),2014,2018,Audi A1 1.0 TFSI ultra (02/15 - 04/18),ICE,https://www.adac.de/rund-ums-fahrzeug/autokatalog/marken-modelle/audi/a1/8x-facelift/245341/,Digitaler Radioempfang (DAB),300 Euro
AUDI,A,A1 8X (1. Facelift),2014,2018,Audi A1 1.0 TFSI ultra (02/15 - 04/18),ICE,https://www.adac.de/rund-ums-fahrzeug/autokatalog/marken-modelle/audi/a1/8x-facelift/245341/,Drehmoment (Systemleistung),160 Nm
AUDI,A,A1 8X (1. Facelift),2014,2018,Audi A1 1.0 TFSI ultra (02/15 - 04/18),ICE,https://www.adac.de/rund-ums-fahrzeug/autokatalog/marken-modelle/audi/a1/8x-facelift/245341/,Drehmoment maximal bei U/min. (Verbrennungsmotor),1500 U/min
AUDI,A,A1 8X (1. Facelift),2014,2018,Audi A1 1.0 TFSI ultra (02/15 - 04/18),ICE,https://www.adac.de/rund-ums-fahrzeug/autokatalog/marken-modelle/audi/a1/8x-facelift/245341/,Durchrostung,12 Jahre
AUDI,A,A1 8X (1. Facelift),2014,2018,Audi A1 1.0 TFSI ultra (02/15 - 04/18),ICE,https://www.adac.de/rund-ums-fahrzeug/autokatalog/marken-modelle/audi/a1/8x-facelift/245341/,Einbauposition / Motorbauart (Verbrennungsmotor),Frontmotor / Reihe
AUDI,A,A1 8X (1. Facelift),2014,2018,Audi A1 1.0 TFSI ultra (02/15 - 04/18),ICE,https://www.adac.de/rund-ums-fahrzeug/autokatalog/marken-modelle/audi/a1/8x-facelift/245341/,Einparkhilfe,350 Euro
AUDI,A,A1 8X (1. Facelift),2014,2018,Audi A1 1.0 TFSI ultra (02/15 - 04/18),ICE,https://www.adac.de/rund-ums-fahrzeug/autokatalog/marken-modelle/audi/a1/8x-facelift/245341/,Einparkhilfe - Bezeichnung,hinten
AUDI,A,A1 8X (1. Facelift),2014,2018,Audi A1 1.0 TFSI ultra (02/15 - 04/18),ICE,https://www.adac.de/rund-ums-fahrzeug/autokatalog/marken-modelle/audi/a1/8x-facelift/245341/,Fahrdynamikregelung,Serie
AUDI,A,A1 8X (1. Facelift),2014,2018,Audi A1 1.0 TFSI ultra (02/15 - 04/18),ICE,https://www.adac.de/rund-ums-fahrzeug/autokatalog/marken-modelle/audi/a1/8x-facelift/245341/,Fahrdynamikregelung - Bezeichnung,Elektronisches Stabilitätsprogramm
AUDI,A,A1 8X (1. Facelift),2014,2018,Audi A1 1.0 TFSI ultra (02/15 - 04/18),ICE,https://www.adac.de/rund-ums-fahrzeug/autokatalog/marken-modelle/audi/a1/8x-facelift/245341/,Fahrgeräusch,70 dB
AUDI,A,A1 8X (1. Facelift),2014,2018,Audi A1 1.0 TFSI ultra (02/15 - 04/18),ICE,https://www.adac.de/rund-ums-fahrzeug/autokatalog/marken-modelle/audi/a1/8x-facelift/245341/,Fahrzeugklasse,Kleinwagen (z.B. Polo)
AUDI,A,A1 8X (1. Facelift),2014,2018,Audi A1 1.0 TFSI ultra (02/15 - 04/18),ICE,https://www.adac.de/rund-ums-fahrzeug/autokatalog/marken-modelle/audi/a1/8x-facelift/245341/,Federung hinten,Schraube
AUDI,A,A1 8X (1. Facelift),2014,2018,Audi A1 1.0 TFSI ultra (02/15 - 04/18),ICE,https://www.adac.de/rund-ums-fahrzeug/autokatalog/marken-modelle/audi/a1/8x-facelift/245341/,Federung vorne,Schraube
AUDI,A,A1 8X (1. Facelift),2014,2018,Audi A1 1.0 TFSI ultra (02/15 - 04/18),ICE,https://www.adac.de/rund-ums-fahrzeug/autokatalog/marken-modelle/audi/a1/8x-facelift/245341/,Fensterheber elektr. vorne,Serie
AUDI,A,A1 8X (1. Facelift),2014,2018,Audi A1 1.0 TFSI ultra (02/15 - 04/18),ICE,https://www.adac.de/rund-ums-fahrzeug/autokatalog/marken-modelle/audi/a1/8x-facelift/245341/,Fernlichtassistent,135 Euro
AUDI,A,A1 8X (1. Facelift),2014,2018,Audi A1 1.0 TFSI ultra (02/15 - 04/18),ICE,https://www.adac.de/rund-ums-fahrzeug/autokatalog/marken-modelle/audi/a1/8x-facelift/245341/,Fixkosten,111 €
AUDI,A,A1 8X (1. Facelift),2014,2018,Audi A1 1.0 TFSI ultra (02/15 - 04/18),ICE,https://www.adac.de/rund-ums-fahrzeug/autokatalog/marken-modelle/audi/a1/8x-facelift/245341/,Freisprecheinrichtung,300 Euro
AUDI,A,A1 8X (1. Facelift),2014,2018,Audi A1 1.0 TFSI ultra (02/15 - 04/18),ICE,https://www.adac.de/rund-ums-fahrzeug/autokatalog/marken-modelle/audi/a1/8x-facelift/245341/,Garantie (Fahrzeug),2 Jahre
AUDI,A,A1 8X (1. Facelift),2014,2018,Audi A1 1.0 TFSI ultra (02/15 - 04/18),ICE,https://www.adac.de/rund-ums-fahrzeug/autokatalog/marken-modelle/audi/a1/8x-facelift/245341/,Gemischaufbereitung (Verbrennungsmotor),Direkteinspritzung
AUDI,A,A1 8X (1. Facelift),2014,2018,Audi A1 1.0 TFSI ultra (02/15 - 04/18),ICE,https://www.adac.de/rund-ums-fahrzeug/autokatalog/marken-modelle/audi/a1/8x-facelift/245341/,Getriebeart,Schaltgetriebe
AUDI,A,A1 8X (1. Facelift),2014,2018,Audi A1 1.0 TFSI ultra (02/15 - 04/18),ICE,https://www.adac.de/rund-ums-fahrzeug/autokatalog/marken-modelle/audi/a1/8x-facelift/245341/,Grundpreis,17750 Euro
AUDI,A,A1 8X (1. Facelift),2014,2018,Audi A1 1.0 TFSI ultra (02/15 - 04/18),ICE,https://www.adac.de/rund-ums-fahrzeug/autokatalog/marken-modelle/audi/a1/8x-facelift/245341/,HSN/TSN Schlüsselnummern,0588/BCV
AUDI,A,A1 8X (1. Facelift),2014,2018,Audi A1 1.0 TFSI ultra (02/15 - 04/18),ICE,https://www.adac.de/rund-ums-fahrzeug/autokatalog/marken-modelle/audi/a1/8x-facelift/245341/,Haftpflichtbeitrag 100%,1.320 €
AUDI,A,A1 8X (1. Facelift),2014,2018,Audi A1 1.0 TFSI ultra (02/15 - 04/18),ICE,https://www.adac.de/rund-ums-fahrzeug/autokatalog/marken-modelle/audi/a1/8x-facelift/245341/,Halterbenachrichtigung durch,Anschreiben durch Hersteller
AUDI,A,A1 8X (1. Facelift),2014,2018,Audi A1 1.0 TFSI ultra (02/15 - 04/18),ICE,https://www.adac.de/rund-ums-fahrzeug/autokatalog/marken-modelle/audi/a1/8x-facelift/245341/,Herstellerinterne Baureihenbezeichnung,8X
AUDI,A,A1 8X (1. Facelift),2014,2018,Audi A1 1.0 TFSI ultra (02/15 - 04/18),ICE,https://www.adac.de/rund-ums-fahrzeug/autokatalog/marken-modelle/audi/a1/8x-facelift/245341/,Hubraum (Verbrennungsmotor),999 ccm
AUDI,A,A1 8X (1. Facelift),2014,2018,Audi A1 1.0 TFSI ultra (02/15 - 04/18),ICE,https://www.adac.de/rund-ums-fahrzeug/autokatalog/marken-modelle/audi/a1/8x-facelift/245341/,Höchstgeschwindigkeit,186 km/h
AUDI,A,A1 8X (1. Facelift),2014,2018,Audi A1 1.0 TFSI ultra (02/15 - 04/18),ICE,https://www.adac.de/rund-ums-fahrzeug/autokatalog/marken-modelle/audi/a1/8x-facelift/245341/,Höhe,1416 mm
AUDI,A,A1 8X (1. Facelift),2014,2018,Audi A1 1.0 TFSI ultra (02/15 - 04/18),ICE,https://www.adac.de/rund-ums-fahrzeug/autokatalog/marken-modelle/audi/a1/8x-facelift/245341/,Isofix,Serie
AUDI,A,A1 8X (1. Facelift),2014,2018,Audi A1 1.0 TFSI ultra (02/15 - 04/18),ICE,https://www.adac.de/rund-ums-fahrzeug/autokatalog/marken-modelle/audi/a1/8x-facelift/245341/,Isofix - Bezeichnung,Nur hinten mit Top-Tether
AUDI,A,A1 8X (1. Facelift),2014,2018,Audi A1 1.0 TFSI ultra (02/15 - 04/18),ICE,https://www.adac.de/rund-ums-fahrzeug/autokatalog/marken-modelle/audi/a1/8x-facelift/245341/,Jahr der Zulassung des betroffenen Fahrzeugs,Pannen pro 1000 Fahrzeuge
AUDI,A,A1 8X (1. Facelift),2014,2018,Audi A1 1.0 TFSI ultra (02/15 - 04/18),ICE,https://www.adac.de/rund-ums-fahrzeug/autokatalog/marken-modelle/audi/a1/8x-facelift/245341/,KFZ-Steuer ohne Befreiung/Jahr (kann durch WLTP abweichen),24 Euro
AUDI,A,A1 8X (1. Facelift),2014,2018,Audi A1 1.0 TFSI ultra (02/15 - 04/18),ICE,https://www.adac.de/rund-ums-fahrzeug/autokatalog/marken-modelle/audi/a1/8x-facelift/245341/,KFZ-Steuer pro Jahr ohne Steuerbefreiung,24 €
AUDI,A,A1 8X (1. Facelift),2014,2018,Audi A1 1.0 TFSI ultra (02/15 - 04/18),ICE,https://www.adac.de/rund-ums-fahrzeug/autokatalog/marken-modelle/audi/a1/8x-facelift/245341/,Karosserie,Schrägheck
AUDI,A,A1 8X (1. Facelift),2014,2018,Audi A1 1.0 TFSI ultra (02/15 - 04/18),ICE,https://www.adac.de/rund-ums-fahrzeug/autokatalog/marken-modelle/audi/a1/8x-facelift/245341/,Klassenübliche Ausstattung nach ADAC-Vorgabe,1660 Euro
AUDI,A,A1 8X (1. Facelift),2014,2018,Audi A1 1.0 TFSI ultra (02/15 - 04/18),ICE,https://www.adac.de/rund-ums-fahrzeug/autokatalog/marken-modelle/audi/a1/8x-facelift/245341/,Klimaanlage,Serie
AUDI,A,A1 8X (1. Facelift),2014,2018,Audi A1 1.0 TFSI ultra (02/15 - 04/18),ICE,https://www.adac.de/rund-ums-fahrzeug/autokatalog/marken-modelle/audi/a1/8x-facelift/245341/,Kofferraumvolumen dachhoch mit umgeklappter Rücksitzbank,920 l
AUDI,A,A1 8X (1. Facelift),2014,2018,Audi A1 1.0 TFSI ultra (02/15 - 04/18),ICE,https://www.adac.de/rund-ums-fahrzeug/autokatalog/marken-modelle/audi/a1/8x-facelift/245341/,Kofferraumvolumen normal,270 l
AUDI,A,A1 8X (1. Facelift),2014,2018,Audi A1 1.0 TFSI ultra (02/15 - 04/18),ICE,https://www.adac.de/rund-ums-fahrzeug/autokatalog/marken-modelle/audi/a1/8x-facelift/245341/,Kopfairbag hinten,Serie
AUDI,A,A1 8X (1. Facelift),2014,2018,Audi A1 1.0 TFSI ultra (02/15 - 04/18),ICE,https://www.adac.de/rund-ums-fahrzeug/autokatalog/marken-modelle/audi/a1/8x-facelift/245341/,Kopfairbag hinten - Bezeichnung,Windowbag
AUDI,A,A1 8X (1. Facelift),2014,2018,Audi A1 1.0 TFSI ultra (02/15 - 04/18),ICE,https://www.adac.de/rund-ums-fahrzeug/autokatalog/marken-modelle/audi/a1/8x-facelift/245341/,Kopfairbag vorne,Serie
AUDI,A,A1 8X (1. Facelift),2014,2018,Audi A1 1.0 TFSI ultra (02/15 - 04/18),ICE,https://www.adac.de/rund-ums-fahrzeug/autokatalog/marken-modelle/audi/a1/8x-facelift/245341/,Kopfairbag vorne - Bezeichnung,Windowbag
AUDI,A,A1 8X (1. Facelift),2014,2018,Audi A1 1.0 TFSI ultra (02/15 - 04/18),ICE,https://www.adac.de/rund-ums-fahrzeug/autokatalog/marken-modelle/audi/a1/8x-facelift/245341/,Kopfstütze hinten Mitte,Paket
AUDI,A,A1 8X (1. Facelift),2014,2018,Audi A1 1.0 TFSI ultra (02/15 - 04/18),ICE,https://www.adac.de/rund-ums-fahrzeug/autokatalog/marken-modelle/audi/a1/8x-facelift/245341/,Kopfstützen hinten,Serie
AUDI,A,A1 8X (1. Facelift),2014,2018,Audi A1 1.0 TFSI ultra (02/15 - 04/18),ICE,https://www.adac.de/rund-ums-fahrzeug/autokatalog/marken-modelle/audi/a1/8x-facelift/245341/,Kraftstoffart,Super
AUDI,A,A1 8X (1. Facelift),2014,2018,Audi A1 1.0 TFSI ultra (02/15 - 04/18),ICE,https://www.adac.de/rund-ums-fahrzeug/autokatalog/marken-modelle/audi/a1/8x-facelift/245341/,Lackgarantie,3 Jahre
AUDI,A,A1 8X (1. Facelift),2014,2018,Audi A1 1.0 TFSI ultra (02/15 - 04/18),ICE,https://www.adac.de/rund-ums-fahrzeug/autokatalog/marken-modelle/audi/a1/8x-facelift/245341/,Lederausstattung,1200 Euro
AUDI,A,A1 8X (1. Facelift),2014,2018,Audi A1 1.0 TFSI ultra (02/15 - 04/18),ICE,https://www.adac.de/rund-ums-fahrzeug/autokatalog/marken-modelle/audi/a1/8x-facelift/245341/,Leergewicht (EU),1110 kg
AUDI,A,A1 8X (1. Facelift),2014,2018,Audi A1 1.0 TFSI ultra (02/15 - 04/18),ICE,https://www.adac.de/rund-ums-fahrzeug/autokatalog/marken-modelle/audi/a1/8x-facelift/245341/,Leistung / Drehmoment (Verbrennungsmotor),70 kW (95 PS) / 160 Nm
AUDI,A,A1 8X (1. Facelift),2014,2018,Audi A1 1.0 TFSI ultra (02/15 - 04/18),ICE,https://www.adac.de/rund-ums-fahrzeug/autokatalog/marken-modelle/audi/a1/8x-facelift/245341/,Leistung maximal bei U/min. (Verbrennungsmotor),5000 U/min
AUDI,A,A1 8X (1. Facelift),2014,2018,Audi A1 1.0 TFSI ultra (02/15 - 04/18),ICE,https://www.adac.de/rund-ums-fahrzeug/autokatalog/marken-modelle/audi/a1/8x-facelift/245341/,Leistung maximal in PS (Systemleistung),95
AUDI,A,A1 8X (1. Facelift),2014,2018,Audi A1 1.0 TFSI ultra (02/15 - 04/18),ICE,https://www.adac.de/rund-ums-fahrzeug/autokatalog/marken-modelle/audi/a1/8x-facelift/245341/,Leistung maximal in kW (Systemleistung),70
AUDI,A,A1 8X (1. Facelift),2014,2018,Audi A1 1.0 TFSI ultra (02/15 - 04/18),ICE,https://www.adac.de/rund-ums-fahrzeug/autokatalog/marken-modelle/audi/a1/8x-facelift/245341/,Lichtsensor,Paket
AUDI,A,A1 8X (1. Facelift),2014,2018,Audi A1 1.0 TFSI ultra (02/15 - 04/18),ICE,https://www.adac.de/rund-ums-fahrzeug/autokatalog/marken-modelle/audi/a1/8x-facelift/245341/,Länge,3973 mm
AUDI,A,A1 8X (1. Facelift),2014,2018,Audi A1 1.0 TFSI ultra (02/15 - 04/18),ICE,https://www.adac.de/rund-ums-fahrzeug/autokatalog/marken-modelle/audi/a1/8x-facelift/245341/,Marke,Audi
AUDI,A,A1 8X (1. Facelift),2014,2018,Audi A1 1.0 TFSI ultra (02/15 - 04/18),ICE,https://www.adac.de/rund-ums-fahrzeug/autokatalog/marken-modelle/audi/a1/8x-facelift/245341/,Metallic-Lackierung,510 Euro
AUDI,A,A1 8X (1. Facelift),2014,2018,Audi A1 1.0 TFSI ultra (02/15 - 04/18),ICE,https://www.adac.de/rund-ums-fahrzeug/autokatalog/marken-modelle/audi/a1/8x-facelift/245341/,Modell,A1 1.0 TFSI ultra
AUDI,A,A1 8X (1. Facelift),2014,2018,Audi A1 1.0 TFSI ultra (02/15 - 04/18),ICE,https://www.adac.de/rund-ums-fahrzeug/autokatalog/marken-modelle/audi/a1/8x-facelift/245341/,Modellende,04/18
AUDI,A,A1 8X (1. Facelift),2014,2018,Audi A1 1.0 TFSI ultra (02/15 - 04/18),ICE,https://www.adac.de/rund-ums-fahrzeug/autokatalog/marken-modelle/audi/a1/8x-facelift/245341/,Modellstart,02/15
AUDI,A,A1 8X (1. Facelift),2014,2018,Audi A1 1.0 TFSI ultra (02/15 - 04/18),ICE,https://www.adac.de/rund-ums-fahrzeug/autokatalog/marken-modelle/audi/a1/8x-facelift/245341/,Motorart,Otto
AUDI,A,A1 8X (1. Facelift),2014,2018,Audi A1 1.0 TFSI ultra (02/15 - 04/18),ICE,https://www.adac.de/rund-ums-fahrzeug/autokatalog/marken-modelle/audi/a1/8x-facelift/245341/,Motorcode,DKL
AUDI,A,A1 8X (1. Facelift),2014,2018,Audi A1 1.0 TFSI ultra (02/15 - 04/18),ICE,https://www.adac.de/rund-ums-fahrzeug/autokatalog/marken-modelle/audi/a1/8x-facelift/245341/,Navigation,1160 Euro
AUDI,A,A1 8X (1. Facelift),2014,2018,Audi A1 1.0 TFSI ultra (02/15 - 04/18),ICE,https://www.adac.de/rund-ums-fahrzeug/autokatalog/marken-modelle/audi/a1/8x-facelift/245341/,Navigation - Bezeichnung,Farbdisplay
AUDI,A,A1 8X (1. Facelift),2014,2018,Audi A1 1.0 TFSI ultra (02/15 - 04/18),ICE,https://www.adac.de/rund-ums-fahrzeug/autokatalog/marken-modelle/audi/a1/8x-facelift/245341/,Nebelscheinwerfer,150 Euro
AUDI,A,A1 8X (1. Facelift),2014,2018,Audi A1 1.0 TFSI ultra (02/15 - 04/18),ICE,https://www.adac.de/rund-ums-fahrzeug/autokatalog/marken-modelle/audi/a1/8x-facelift/245341/,Nockenwellensteuerung,Zahnriemen
AUDI,A,A1 8X (1. Facelift),2014,2018,Audi A1 1.0 TFSI ultra (02/15 - 04/18),ICE,https://www.adac.de/rund-ums-fahrzeug/autokatalog/marken-modelle/audi/a1/8x-facelift/245341/,Radio,Serie
AUDI,A,A1 8X (1. Facelift),2014,2018,Audi A1 1.0 TFSI ultra (02/15 - 04/18),ICE,https://www.adac.de/rund-ums-fahrzeug/autokatalog/marken-modelle/audi/a1/8x-facelift/245341/,Radio - Bezeichnung,Audi Radio
AUDI,A,A1 8X (1. Facelift),2014,2018,Audi A1 1.0 TFSI ultra (02/15 - 04/18),ICE,https://www.adac.de/rund-ums-fahrzeug/autokatalog/marken-modelle/audi/a1/8x-facelift/245341/,Radstand,2469 mm
AUDI,A,A1 8X (1. Facelift),2014,2018,Audi A1 1.0 TFSI ultra (02/15 - 04/18),ICE,https://www.adac.de/rund-ums-fahrzeug/autokatalog/marken-modelle/audi/a1/8x-facelift/245341/,Regensensor,Paket
AUDI,A,A1 8X (1. Facelift),2014,2018,Audi A1 1.0 TFSI ultra (02/15 - 04/18),ICE,https://www.adac.de/rund-ums-fahrzeug/autokatalog/marken-modelle/audi/a1/8x-facelift/245341/,Reifendruckkontrolle,Serie
AUDI,A,A1 8X (1. Facelift),2014,2018,Audi A1 1.0 TFSI ultra (02/15 - 04/18),ICE,https://www.adac.de/rund-ums-fahrzeug/autokatalog/marken-modelle/audi/a1/8x-facelift/245341/,Reifendruckkontrolle - Bezeichnung,indirekte Messung (ABS)
AUDI,A,A1 8X (1. Facelift),2014,2018,Audi A1 1.0 TFSI ultra (02/15 - 04/18),ICE,https://www.adac.de/rund-ums-fahrzeug/autokatalog/marken-modelle/audi/a1/8x-facelift/245341/,Reifengröße,205/55R15
AUDI,A,A1 8X (1. Facelift),2014,2018,Audi A1 1.0 TFSI ultra (02/15 - 04/18),ICE,https://www.adac.de/rund-ums-fahrzeug/autokatalog/marken-modelle/audi/a1/8x-facelift/245341/,Runflat,Aufpreis
AUDI,A,A1 8X (1. Facelift),2014,2018,Audi A1 1.0 TFSI ultra (02/15 - 04/18),ICE,https://www.adac.de/rund-ums-fahrzeug/autokatalog/marken-modelle/audi/a1/8x-facelift/245341/,Rückrufdatum,März 2017
AUDI,A,A1 8X (1. Facelift),2014,2018,Audi A1 1.0 TFSI ultra (02/15 - 04/18),ICE,https://www.adac.de/rund-ums-fahrzeug/autokatalog/marken-modelle/audi/a1/8x-facelift/245341/,Rücksitzbank umklappbar,Serie
AUDI,A,A1 8X (1. Facelift),2014,2018,Audi A1 1.0 TFSI ultra (02/15 - 04/18),ICE,https://www.adac.de/rund-ums-fahrzeug/autokatalog/marken-modelle/audi/a1/8x-facelift/245341/,Schadstoffklasse,Euro 6b (NEFZ)
AUDI,A,A1 8X (1. Facelift),2014,2018,Audi A1 1.0 TFSI ultra (02/15 - 04/18),ICE,https://www.adac.de/rund-ums-fahrzeug/autokatalog/marken-modelle/audi/a1/8x-facelift/245341/,Schaltpunktanzeige,Paket
AUDI,A,A1 8X (1. Facelift),2014,2018,Audi A1 1.0 TFSI ultra (02/15 - 04/18),ICE,https://www.adac.de/rund-ums-fahrzeug/autokatalog/marken-modelle/audi/a1/8x-facelift/245341/,Seitenairbag vorne,Serie
AUDI,A,A1 8X (1. Facelift),2014,2018,Audi A1 1.0 TFSI ultra (02/15 - 04/18),ICE,https://www.adac.de/rund-ums-fahrzeug/autokatalog/marken-modelle/audi/a1/8x-facelift/245341/,Servolenkung,Serie
AUDI,A,A1 8X (1. Facelift),2014,2018,Audi A1 1.0 TFSI ultra (02/15 - 04/18),ICE,https://www.adac.de/rund-ums-fahrzeug/autokatalog/marken-modelle/audi/a1/8x-facelift/245341/,Sitzanzahl,4
AUDI,A,A1 8X (1. Facelift),2014,2018,Audi A1 1.0 TFSI ultra (02/15 - 04/18),ICE,https://www.adac.de/rund-ums-fahrzeug/autokatalog/marken-modelle/audi/a1/8x-facelift/245341/,Sitzanzahl maximal,5
AUDI,A,A1 8X (1. Facelift),2014,2018,Audi A1 1.0 TFSI ultra (02/15 - 04/18),ICE,https://www.adac.de/rund-ums-fahrzeug/autokatalog/marken-modelle/audi/a1/8x-facelift/245341/,Start-/Stopp-Automatik (Verbrennungsmotor),Serie
AUDI,A,A1 8X (1. Facelift),2014,2018,Audi A1 1.0 TFSI ultra (02/15 - 04/18),ICE,https://www.adac.de/rund-ums-fahrzeug/autokatalog/marken-modelle/audi/a1/8x-facelift/245341/,Stützlast,50 kg
AUDI,A,A1 8X (1. Facelift),2014,2018,Audi A1 1.0 TFSI ultra (02/15 - 04/18),ICE,https://www.adac.de/rund-ums-fahrzeug/autokatalog/marken-modelle/audi/a1/8x-facelift/245341/,Tankgröße,"45,0 l"
AUDI,A,A1 8X (1. Facelift),2014,2018,Audi A1 1.0 TFSI ultra (02/15 - 04/18),ICE,https://www.adac.de/rund-ums-fahrzeug/autokatalog/marken-modelle/audi/a1/8x-facelift/245341/,Teilkaskobeitrag 150 € SB,328 €
AUDI,A,A1 8X (1. Facelift),2014,2018,Audi A1 1.0 TFSI ultra (02/15 - 04/18),ICE,https://www.adac.de/rund-ums-fahrzeug/autokatalog/marken-modelle/audi/a1/8x-facelift/245341/,Typklassen (KH/VK/TK),17/14/16
AUDI,A,A1 8X (1. Facelift),2014,2018,Audi A1 1.0 TFSI ultra (02/15 - 04/18),ICE,https://www.adac.de/rund-ums-fahrzeug/autokatalog/marken-modelle/audi/a1/8x-facelift/245341/,Türanzahl,3
AUDI,A,A1 8X (1. Facelift),2014,2018,Audi A1 1.0 TFSI ultra (02/15 - 04/18),ICE,https://www.adac.de/rund-ums-fahrzeug/autokatalog/marken-modelle/audi/a1/8x-facelift/245341/,Variante,keine Angaben
AUDI,A,A1 8X (1. Facelift),2014,2018,Audi A1 1.0 TFSI ultra (02/15 - 04/18),ICE,https://www.adac.de/rund-ums-fahrzeug/autokatalog/marken-modelle/audi/a1/8x-facelift/245341/,Verbrauch Außerorts (NEFZ),"3,7 l/100 km"
AUDI,A,A1 8X (1. Facelift),2014,2018,Audi A1 1.0 TFSI ultra (02/15 - 04/18),ICE,https://www.adac.de/rund-ums-fahrzeug/autokatalog/marken-modelle/audi/a1/8x-facelift/245341/,Verbrauch Gesamt (NEFZ),"4,2 l/100 km"
AUDI,A,A1 8X (1. Facelift),2014,2018,Audi A1 1.0 TFSI ultra (02/15 - 04/18),ICE,https://www.adac.de/rund-ums-fahrzeug/autokatalog/marken-modelle/audi/a1/8x-facelift/245341/,Verbrauch Innerorts (NEFZ),"5,0 l/100 km"
AUDI,A,A1 8X (1. Facelift),2014,2018,Audi A1 1.0 TFSI ultra (02/15 - 04/18),ICE,https://www.adac.de/rund-ums-fahrzeug/autokatalog/marken-modelle/audi/a1/8x-facelift/245341/,Vollkaskobetrag 100% 500 € SB,908 €
AUDI,A,A1 8X (1. Facelift),2014,2018,Audi A1 1.0 TFSI ultra (02/15 - 04/18),ICE,https://www.adac.de/rund-ums-fahrzeug/autokatalog/marken-modelle/audi/a1/8x-facelift/245341/,WLAN Hotspot,Paket
AUDI,A,A1 8X (1. Facelift),2014,2018,Audi A1 1.0 TFSI ultra (02/15 - 04/18),ICE,https://www.adac.de/rund-ums-fahrzeug/autokatalog/marken-modelle/audi/a1/8x-facelift/245341/,Wendekreis,"10,6 m"
AUDI,A,A1 8X (1. Facelift),2014,2018,Audi A1 1.0 TFSI ultra (02/15 - 04/18),ICE,https://www.adac.de/rund-ums-fahrzeug/autokatalog/marken-modelle/audi/a1/8x-facelift/245341/,Werkstattkosten,96 €
AUDI,A,A1 8X (1. Facelift),2014,2018,Audi A1 1.0 TFSI ultra (02/15 - 04/18),ICE,https://www.adac.de/rund-ums-fahrzeug/autokatalog/marken-modelle/audi/a1/8x-facelift/245341/,Wertverlust,46 €
AUDI,A,A1 8X (1. Facelift),2014,2018,Audi A1 1.0 TFSI ultra (02/15 - 04/18),ICE,https://www.adac.de/rund-ums-fahrzeug/autokatalog/marken-modelle/audi/a1/8x-facelift/245341/,Xenon-Scheinwerfer,900 Euro
AUDI,A,A1 8X (1. Facelift),2014,2018,Audi A1 1.0 TFSI ultra (02/15 - 04/18),ICE,https://www.adac.de/rund-ums-fahrzeug/autokatalog/marken-modelle/audi/a1/8x-facelift/245341/,Zentralverriegelung,Serie
AUDI,A,A1 8X (1. Facelift),2014,2018,Audi A1 1.0 TFSI ultra (02/15 - 04/18),ICE,https://www.adac.de/rund-ums-fahrzeug/autokatalog/marken-modelle/audi/a1/8x-facelift/245341/,Zul. Gesamtgewicht,1485 kg
AUDI,A,A1 8X (1. Facelift),2014,2018,Audi A1 1.0 TFSI ultra (02/15 - 04/18),ICE,https://www.adac.de/rund-ums-fahrzeug/autokatalog/marken-modelle/audi/a1/8x-facelift/245341/,Zuladung,375 kg
AUDI,A,A1 8X (1. Facelift),2014,2018,Audi A1 1.0 TFSI ultra (02/15 - 04/18),ICE,https://www.adac.de/rund-ums-fahrzeug/autokatalog/marken-modelle/audi/a1/8x-facelift/245341/,Zusätzliche Garantien,"Mobilitätsgarantie: 2 Jahre europaweit, erweiterbar auf lebenslang unter Einhaltung aller Inspektionen;"
AUDI,A,A1 8X (1. Facelift),2014,2018,Audi A1 1.0 TFSI ultra (02/15 - 04/18),ICE,https://www.adac.de/rund-ums-fahrzeug/autokatalog/marken-modelle/audi/a1/8x-facelift/245341/,Zusätzliche Information,"Zündpillen für Airbags und Gurtstraffer wurden nicht richtig befüllt und könnten daher beim Auslösen nicht richtig zünden, was die Verletzungsgefahr bei einem Unfall erhöht. Die betroffenen Airbags und Gurtstraffer werden ausgetauscht. Die Aktion ist für die Kunden kostenlos."
AUDI,A,A1 8X (1. Facelift),2014,2018,Audi A1 1.0 TFSI ultra (02/16 - 02/18),ICE,https://www.adac.de/rund-ums-fahrzeug/autokatalog/marken-modelle/audi/a1/8x-facelift/252588/,2016,5.8
AUDI,A,A1 8X (1. Facelift),2014,2018,Audi A1 1.0 TFSI ultra (02/16 - 02/18),ICE,https://www.adac.de/rund-ums-fahrzeug/autokatalog/marken-modelle/audi/a1/8x-facelift/252588/,2017,4.2
AUDI,A,A1 8X (1. Facelift),2014,2018,Audi A1 1.0 TFSI ultra (02/16 - 02/18),ICE,https://www.adac.de/rund-ums-fahrzeug/autokatalog/marken-modelle/audi/a1/8x-facelift/252588/,2018,3.7
AUDI,A,A1 8X (1. Facelift),2014,2018,Audi A1 1.0 TFSI ultra (02/16 - 02/18),ICE,https://www.adac.de/rund-ums-fahrzeug/autokatalog/marken-modelle/audi/a1/8x-facelift/252588/,2019,5
AUDI,A,A1 8X (1. Facelift),2014,2018,Audi A1 1.0 TFSI ultra (02/16 - 02/18),ICE,https://www.adac.de/rund-ums-fahrzeug/autokatalog/marken-modelle/audi/a1/8x-facelift/252588/,2020,4.7
AUDI,A,A1 8X (1. Facelift),2014,2018,Audi A1 1.0 TFSI ultra (02/16 - 02/18),ICE,https://www.adac.de/rund-ums-fahrzeug/autokatalog/marken-modelle/audi/a1/8x-facelift/252588/,2021,6.8
AUDI,A,A1 8X (1. Facelift),2014,2018,Audi A1 1.0 TFSI ultra (02/16 - 02/18),ICE,https://www.adac.de/rund-ums-fahrzeug/autokatalog/marken-modelle/audi/a1/8x-facelift/252588/,2022,2.2
AUDI,A,A1 8X (1. Facelift),2014,2018,Audi A1 1.0 TFSI ultra (02/16 - 02/18),ICE,https://www.adac.de/rund-ums-fahrzeug/autokatalog/marken-modelle/audi/a1/8x-facelift/252588/,2023,1.3
AUDI,A,A1 8X (1. Facelift),2014,2018,Audi A1 1.0 TFSI ultra (02/16 - 02/18),ICE,https://www.adac.de/rund-ums-fahrzeug/autokatalog/marken-modelle/audi/a1/8x-facelift/252588/,3-Punkt-Gurt hinten Mitte,Paket
AUDI,A,A1 8X (1. Facelift),2014,2018,Audi A1 1.0 TFSI ultra (02/16 - 02/18),ICE,https://www.adac.de/rund-ums-fahrzeug/autokatalog/marken-modelle/audi/a1/8x-facelift/252588/,3-Punkt-Gurt hinten Mitte - Bezeichnung,3-Punkt Gurt
AUDI,A,A1 8X (1. Facelift),2014,2018,Audi A1 1.0 TFSI ultra (02/16 - 02/18),ICE,https://www.adac.de/rund-ums-fahrzeug/autokatalog/marken-modelle/audi/a1/8x-facelift/252588/,ABS,Serie
AUDI,A,A1 8X (1. Facelift),2014,2018,Audi A1 1.0 TFSI ultra (02/16 - 02/18),ICE,https://www.adac.de/rund-ums-fahrzeug/autokatalog/marken-modelle/audi/a1/8x-facelift/252588/,Abgasreinigung (Verbrennungsmotor),geregelt
AUDI,A,A1 8X (1. Facelift),2014,2018,Audi A1 1.0 TFSI ultra (02/16 - 02/18),ICE,https://www.adac.de/rund-ums-fahrzeug/autokatalog/marken-modelle/audi/a1/8x-facelift/252588/,Airbag Beifahrer,Serie
AUDI,A,A1 8X (1. Facelift),2014,2018,Audi A1 1.0 TFSI ultra (02/16 - 02/18),ICE,https://www.adac.de/rund-ums-fahrzeug/autokatalog/marken-modelle/audi/a1/8x-facelift/252588/,Airbag Deaktivierung,40 Euro
AUDI,A,A1 8X (1. Facelift),2014,2018,Audi A1 1.0 TFSI ultra (02/16 - 02/18),ICE,https://www.adac.de/rund-ums-fahrzeug/autokatalog/marken-modelle/audi/a1/8x-facelift/252588/,Airbag Deaktivierung - Bezeichnung,Schlüsselschalter
AUDI,A,A1 8X (1. Facelift),2014,2018,Audi A1 1.0 TFSI ultra (02/16 - 02/18),ICE,https://www.adac.de/rund-ums-fahrzeug/autokatalog/marken-modelle/audi/a1/8x-facelift/252588/,Airbag Fahrer,Serie
AUDI,A,A1 8X (1. Facelift),2014,2018,Audi A1 1.0 TFSI ultra (02/16 - 02/18),ICE,https://www.adac.de/rund-ums-fahrzeug/autokatalog/marken-modelle/audi/a1/8x-facelift/252588/,Aktive Kopfstützen,Serie
AUDI,A,A1 8X (1. Facelift),2014,2018,Audi A1 1.0 TFSI ultra (02/16 - 02/18),ICE,https://www.adac.de/rund-ums-fahrzeug/autokatalog/marken-modelle/audi/a1/8x-facelift/252588/,Alufelgen,450 Euro
AUDI,A,A1 8X (1. Facelift),2014,2018,Audi A1 1.0 TFSI ultra (02/16 - 02/18),ICE,https://www.adac.de/rund-ums-fahrzeug/autokatalog/marken-modelle/audi/a1/8x-facelift/252588/,Anhängelast gebremst 12%,1000 kg
AUDI,A,A1 8X (1. Facelift),2014,2018,Audi A1 1.0 TFSI ultra (02/16 - 02/18),ICE,https://www.adac.de/rund-ums-fahrzeug/autokatalog/marken-modelle/audi/a1/8x-facelift/252588/,Anhängelast ungebremst,550 kg
AUDI,A,A1 8X (1. Facelift),2014,2018,Audi A1 1.0 TFSI ultra (02/16 - 02/18),ICE,https://www.adac.de/rund-ums-fahrzeug/autokatalog/marken-modelle/audi/a1/8x-facelift/252588/,Anlass,Airbag- und Gurtstraffer-Zündgemisch
AUDI,A,A1 8X (1. Facelift),2014,2018,Audi A1 1.0 TFSI ultra (02/16 - 02/18),ICE,https://www.adac.de/rund-ums-fahrzeug/autokatalog/marken-modelle/audi/a1/8x-facelift/252588/,Antriebsart,Vorderrad
AUDI,A,A1 8X (1. Facelift),2014,2018,Audi A1 1.0 TFSI ultra (02/16 - 02/18),ICE,https://www.adac.de/rund-ums-fahrzeug/autokatalog/marken-modelle/audi/a1/8x-facelift/252588/,Antriebsschlupfregelung,Serie
AUDI,A,A1 8X (1. Facelift),2014,2018,Audi A1 1.0 TFSI ultra (02/16 - 02/18),ICE,https://www.adac.de/rund-ums-fahrzeug/autokatalog/marken-modelle/audi/a1/8x-facelift/252588/,Antriebsschlupfregelung - Bezeichnung,Autom. Stabilitätskontrolle mit Traktion
AUDI,A,A1 8X (1. Facelift),2014,2018,Audi A1 1.0 TFSI ultra (02/16 - 02/18),ICE,https://www.adac.de/rund-ums-fahrzeug/autokatalog/marken-modelle/audi/a1/8x-facelift/252588/,Anzahl Gänge,5
AUDI,A,A1 8X (1. Facelift),2014,2018,Audi A1 1.0 TFSI ultra (02/16 - 02/18),ICE,https://www.adac.de/rund-ums-fahrzeug/autokatalog/marken-modelle/audi/a1/8x-facelift/252588/,Anzahl Ventile (Verbrennungsmotor),4
AUDI,A,A1 8X (1. Facelift),2014,2018,Audi A1 1.0 TFSI ultra (02/16 - 02/18),ICE,https://www.adac.de/rund-ums-fahrzeug/autokatalog/marken-modelle/audi/a1/8x-facelift/252588/,Anzahl Zylinder (Verbrennungsmotor),3
AUDI,A,A1 8X (1. Facelift),2014,2018,Audi A1 1.0 TFSI ultra (02/16 - 02/18),ICE,https://www.adac.de/rund-ums-fahrzeug/autokatalog/marken-modelle/audi/a1/8x-facelift/252588/,Anzahl betroffener Fahrzeuge,2.850 (Deutschland) 17.000 (weltweit)
AUDI,A,A1 8X (1. Facelift),2014,2018,Audi A1 1.0 TFSI ultra (02/16 - 02/18),ICE,https://www.adac.de/rund-ums-fahrzeug/autokatalog/marken-modelle/audi/a1/8x-facelift/252588/,Aufladung (Verbrennungsmotor),Turbo
AUDI,A,A1 8X (1. Facelift),2014,2018,Audi A1 1.0 TFSI ultra (02/16 - 02/18),ICE,https://www.adac.de/rund-ums-fahrzeug/autokatalog/marken-modelle/audi/a1/8x-facelift/252588/,Baureihe,A1 (8X) (11/14 - 04/18)
AUDI,A,A1 8X (1. Facelift),2014,2018,Audi A1 1.0 TFSI ultra (02/16 - 02/18),ICE,https://www.adac.de/rund-ums-fahrzeug/autokatalog/marken-modelle/audi/a1/8x-facelift/252588/,Baureihenende,04/18
AUDI,A,A1 8X (1. Facelift),2014,2018,Audi A1 1.0 TFSI ultra (02/16 - 02/18),ICE,https://www.adac.de/rund-ums-fahrzeug/autokatalog/marken-modelle/audi/a1/8x-facelift/252588/,Baureihenstart,11/14
AUDI,A,A1 8X (1. Facelift),2014,2018,Audi A1 1.0 TFSI ultra (02/16 - 02/18),ICE,https://www.adac.de/rund-ums-fahrzeug/autokatalog/marken-modelle/audi/a1/8x-facelift/252588/,Bauzeitraum betroffener Fahrzeuge,2016
AUDI,A,A1 8X (1. Facelift),2014,2018,Audi A1 1.0 TFSI ultra (02/16 - 02/18),ICE,https://www.adac.de/rund-ums-fahrzeug/autokatalog/marken-modelle/audi/a1/8x-facelift/252588/,Berganfahrassistent,60 Euro
AUDI,A,A1 8X (1. Facelift),2014,2018,Audi A1 1.0 TFSI ultra (02/16 - 02/18),ICE,https://www.adac.de/rund-ums-fahrzeug/autokatalog/marken-modelle/audi/a1/8x-facelift/252588/,Beschleunigung 0-100km/h,"12,4 s"
AUDI,A,A1 8X (1. Facelift),2014,2018,Audi A1 1.0 TFSI ultra (02/16 - 02/18),ICE,https://www.adac.de/rund-ums-fahrzeug/autokatalog/marken-modelle/audi/a1/8x-facelift/252588/,Betriebskosten,129 €
AUDI,A,A1 8X (1. Facelift),2014,2018,Audi A1 1.0 TFSI ultra (02/16 - 02/18),ICE,https://www.adac.de/rund-ums-fahrzeug/autokatalog/marken-modelle/audi/a1/8x-facelift/252588/,Betroffene Modelle,"A1 Sportback 8X (11/14 - 04/18), A18X (11/14 - 04/18), A4 allroad B9 (03/16 - 08/18), A4 Avant B9 (10/15 - 08/18), A4 Limousine B9 (10/15 - 08/18), A5 Cabriolet 8F/8T (10/11 - 11/16), A5 Cabriolet F5 (11/16 - 08/19), A5 Coupé 8F/8T (10/11 - 07/16), A5 Coupé F5 (10/16 - 10/19), A5 Sportback 8F/8T (10/11 - 08/16), A5 Sportback F5 (10/16 - 10/19), A6 allroad C7 (10/14 - 05/18), A6 Avant C7 (10/14 - 05/18), A6 Limousine C7 (10/14 - 04/18), A7 Sportback 4G (08/14 - 12/17), A8D4 (10/13 - 10/17), Q58R (09/12 - 10/16), Q5FY (01/17 - 08/20), Q7 e-tron 4M (03/16 - 03/18), Q74M (06/15 - 06/19)"
AUDI,A,A1 8X (1. Facelift),2014,2018,Audi A1 1.0 TFSI ultra (02/16 - 02/18),ICE,https://www.adac.de/rund-ums-fahrzeug/autokatalog/marken-modelle/audi/a1/8x-facelift/252588/,Breite,1740 mm
AUDI,A,A1 8X (1. Facelift),2014,2018,Audi A1 1.0 TFSI ultra (02/16 - 02/18),ICE,https://www.adac.de/rund-ums-fahrzeug/autokatalog/marken-modelle/audi/a1/8x-facelift/252588/,Breite (inkl. Außenspiegel),1906 mm
AUDI,A,A1 8X (1. Facelift),2014,2018,Audi A1 1.0 TFSI ultra (02/16 - 02/18),ICE,https://www.adac.de/rund-ums-fahrzeug/autokatalog/marken-modelle/audi/a1/8x-facelift/252588/,Bremsassistent,Serie
AUDI,A,A1 8X (1. Facelift),2014,2018,Audi A1 1.0 TFSI ultra (02/16 - 02/18),ICE,https://www.adac.de/rund-ums-fahrzeug/autokatalog/marken-modelle/audi/a1/8x-facelift/252588/,Bremsassistent - Bezeichnung,Multikollisionsbremse
AUDI,A,A1 8X (1. Facelift),2014,2018,Audi A1 1.0 TFSI ultra (02/16 - 02/18),ICE,https://www.adac.de/rund-ums-fahrzeug/autokatalog/marken-modelle/audi/a1/8x-facelift/252588/,Bremse hinten,Scheibe
AUDI,A,A1 8X (1. Facelift),2014,2018,Audi A1 1.0 TFSI ultra (02/16 - 02/18),ICE,https://www.adac.de/rund-ums-fahrzeug/autokatalog/marken-modelle/audi/a1/8x-facelift/252588/,Bremse vorne,Scheibe
AUDI,A,A1 8X (1. Facelift),2014,2018,Audi A1 1.0 TFSI ultra (02/16 - 02/18),ICE,https://www.adac.de/rund-ums-fahrzeug/autokatalog/marken-modelle/audi/a1/8x-facelift/252588/,Bremslicht dynamisch,Serie
AUDI,A,A1 8X (1. Facelift),2014,2018,Audi A1 1.0 TFSI ultra (02/16 - 02/18),ICE,https://www.adac.de/rund-ums-fahrzeug/autokatalog/marken-modelle/audi/a1/8x-facelift/252588/,Bremslicht dynamisch - Bezeichnung,Flashing Brake Light und Aktivierung der Warnblinkanlage (kurz vor Stillstand)
AUDI,A,A1 8X (1. Facelift),2014,2018,Audi A1 1.0 TFSI ultra (02/16 - 02/18),ICE,https://www.adac.de/rund-ums-fahrzeug/autokatalog/marken-modelle/audi/a1/8x-facelift/252588/,CO2-Effizienzklasse,A
AUDI,A,A1 8X (1. Facelift),2014,2018,Audi A1 1.0 TFSI ultra (02/16 - 02/18),ICE,https://www.adac.de/rund-ums-fahrzeug/autokatalog/marken-modelle/audi/a1/8x-facelift/252588/,CO2-Wert (NEFZ),97 g/km
AUDI,A,A1 8X (1. Facelift),2014,2018,Audi A1 1.0 TFSI ultra (02/16 - 02/18),ICE,https://www.adac.de/rund-ums-fahrzeug/autokatalog/marken-modelle/audi/a1/8x-facelift/252588/,Dachlast,75 kg
AUDI,A,A1 8X (1. Facelift),2014,2018,Audi A1 1.0 TFSI ultra (02/16 - 02/18),ICE,https://www.adac.de/rund-ums-fahrzeug/autokatalog/marken-modelle/audi/a1/8x-facelift/252588/,Dauer,je nach Aufwand unterschiedlich
AUDI,A,A1 8X (1. Facelift),2014,2018,Audi A1 1.0 TFSI ultra (02/16 - 02/18),ICE,https://www.adac.de/rund-ums-fahrzeug/autokatalog/marken-modelle/audi/a1/8x-facelift/252588/,Digitaler Radioempfang (DAB),300 Euro
AUDI,A,A1 8X (1. Facelift),2014,2018,Audi A1 1.0 TFSI ultra (02/16 - 02/18),ICE,https://www.adac.de/rund-ums-fahrzeug/autokatalog/marken-modelle/audi/a1/8x-facelift/252588/,Drehmoment (Systemleistung),160 Nm
AUDI,A,A1 8X (1. Facelift),2014,2018,Audi A1 1.0 TFSI ultra (02/16 - 02/18),ICE,https://www.adac.de/rund-ums-fahrzeug/autokatalog/marken-modelle/audi/a1/8x-facelift/252588/,Drehmoment maximal bei U/min. (Verbrennungsmotor),1500 U/min
AUDI,A,A1 8X (1. Facelift),2014,2018,Audi A1 1.0 TFSI ultra (02/16 - 02/18),ICE,https://www.adac.de/rund-ums-fahrzeug/autokatalog/marken-modelle/audi/a1/8x-facelift/252588/,Durchrostung,12 Jahre
AUDI,A,A1 8X (1. Facelift),2014,2018,Audi A1 1.0 TFSI ultra (02/16 - 02/18),ICE,https://www.adac.de/rund-ums-fahrzeug/autokatalog/marken-modelle/audi/a1/8x-facelift/252588/,Einbauposition / Motorbauart (Verbrennungsmotor),Frontmotor / Reihe
AUDI,A,A1 8X (1. Facelift),2014,2018,Audi A1 1.0 TFSI ultra (02/16 - 02/18),ICE,https://www.adac.de/rund-ums-fahrzeug/autokatalog/marken-modelle/audi/a1/8x-facelift/252588/,Einparkhilfe,350 Euro
AUDI,A,A1 8X (1. Facelift),2014,2018,Audi A1 1.0 TFSI ultra (02/16 - 02/18),ICE,https://www.adac.de/rund-ums-fahrzeug/autokatalog/marken-modelle/audi/a1/8x-facelift/252588/,Einparkhilfe - Bezeichnung,hinten
AUDI,A,A1 8X (1. Facelift),2014,2018,Audi A1 1.0 TFSI ultra (02/16 - 02/18),ICE,https://www.adac.de/rund-ums-fahrzeug/autokatalog/marken-modelle/audi/a1/8x-facelift/252588/,Fahrdynamikregelung,Serie
AUDI,A,A1 8X (1. Facelift),2014,2018,Audi A1 1.0 TFSI ultra (02/16 - 02/18),ICE,https://www.adac.de/rund-ums-fahrzeug/autokatalog/marken-modelle/audi/a1/8x-facelift/252588/,Fahrdynamikregelung - Bezeichnung,Elektronisches Stabilitätsprogramm
AUDI,A,A1 8X (1. Facelift),2014,2018,Audi A1 1.0 TFSI ultra (02/16 - 02/18),ICE,https://www.adac.de/rund-ums-fahrzeug/autokatalog/marken-modelle/audi/a1/8x-facelift/252588/,Fahrgeräusch,69 dB
AUDI,A,A1 8X (1. Facelift),2014,2018,Audi A1 1.0 TFSI ultra (02/16 - 02/18),ICE,https://www.adac.de/rund-ums-fahrzeug/autokatalog/marken-modelle/audi/a1/8x-facelift/252588/,Fahrzeugklasse,Kleinwagen (z.B. Polo)
AUDI,A,A1 8X (1. Facelift),2014,2018,Audi A1 1.0 TFSI ultra (02/16 - 02/18),ICE,https://www.adac.de/rund-ums-fahrzeug/autokatalog/marken-modelle/audi/a1/8x-facelift/252588/,Federung hinten,Schraube
AUDI,A,A1 8X (1. Facelift),2014,2018,Audi A1 1.0 TFSI ultra (02/16 - 02/18),ICE,https://www.adac.de/rund-ums-fahrzeug/autokatalog/marken-modelle/audi/a1/8x-facelift/252588/,Federung vorne,Schraube
AUDI,A,A1 8X (1. Facelift),2014,2018,Audi A1 1.0 TFSI ultra (02/16 - 02/18),ICE,https://www.adac.de/rund-ums-fahrzeug/autokatalog/marken-modelle/audi/a1/8x-facelift/252588/,Fensterheber elektr. vorne,Serie
AUDI,A,A1 8X (1. Facelift),2014,2018,Audi A1 1.0 TFSI ultra (02/16 - 02/18),ICE,https://www.adac.de/rund-ums-fahrzeug/autokatalog/marken-modelle/audi/a1/8x-facelift/252588/,Fernlichtassistent,135 Euro
AUDI,A,A1 8X (1. Facelift),2014,2018,Audi A1 1.0 TFSI ultra (02/16 - 02/18),ICE,https://www.adac.de/rund-ums-fahrzeug/autokatalog/marken-modelle/audi/a1/8x-facelift/252588/,Fixkosten,111 €
AUDI,A,A1 8X (1. Facelift),2014,2018,Audi A1 1.0 TFSI ultra (02/16 - 02/18),ICE,https://www.adac.de/rund-ums-fahrzeug/autokatalog/marken-modelle/audi/a1/8x-facelift/252588/,Freisprecheinrichtung,300 Euro
AUDI,A,A1 8X (1. Facelift),2014,2018,Audi A1 1.0 TFSI ultra (02/16 - 02/18),ICE,https://www.adac.de/rund-ums-fahrzeug/autokatalog/marken-modelle/audi/a1/8x-facelift/252588/,Garantie (Fahrzeug),2 Jahre
AUDI,A,A1 8X (1. Facelift),2014,2018,Audi A1 1.0 TFSI ultra (02/16 - 02/18),ICE,https://www.adac.de/rund-ums-fahrzeug/autokatalog/marken-modelle/audi/a1/8x-facelift/252588/,Gemischaufbereitung (Verbrennungsmotor),Direkteinspritzung
AUDI,A,A1 8X (1. Facelift),2014,2018,Audi A1 1.0 TFSI ultra (02/16 - 02/18),ICE,https://www.adac.de/rund-ums-fahrzeug/autokatalog/marken-modelle/audi/a1/8x-facelift/252588/,Getriebeart,Schaltgetriebe
AUDI,A,A1 8X (1. Facelift),2014,2018,Audi A1 1.0 TFSI ultra (02/16 - 02/18),ICE,https://www.adac.de/rund-ums-fahrzeug/autokatalog/marken-modelle/audi/a1/8x-facelift/252588/,Grundpreis,16250 Euro
AUDI,A,A1 8X (1. Facelift),2014,2018,Audi A1 1.0 TFSI ultra (02/16 - 02/18),ICE,https://www.adac.de/rund-ums-fahrzeug/autokatalog/marken-modelle/audi/a1/8x-facelift/252588/,HSN/TSN Schlüsselnummern,0588/BHL
AUDI,A,A1 8X (1. Facelift),2014,2018,Audi A1 1.0 TFSI ultra (02/16 - 02/18),ICE,https://www.adac.de/rund-ums-fahrzeug/autokatalog/marken-modelle/audi/a1/8x-facelift/252588/,Haftpflichtbeitrag 100%,1.320 €
AUDI,A,A1 8X (1. Facelift),2014,2018,Audi A1 1.0 TFSI ultra (02/16 - 02/18),ICE,https://www.adac.de/rund-ums-fahrzeug/autokatalog/marken-modelle/audi/a1/8x-facelift/252588/,Halterbenachrichtigung durch,Anschreiben durch Hersteller
AUDI,A,A1 8X (1. Facelift),2014,2018,Audi A1 1.0 TFSI ultra (02/16 - 02/18),ICE,https://www.adac.de/rund-ums-fahrzeug/autokatalog/marken-modelle/audi/a1/8x-facelift/252588/,Herstellerinterne Baureihenbezeichnung,8X
AUDI,A,A1 8X (1. Facelift),2014,2018,Audi A1 1.0 TFSI ultra (02/16 - 02/18),ICE,https://www.adac.de/rund-ums-fahrzeug/autokatalog/marken-modelle/audi/a1/8x-facelift/252588/,Hubraum (Verbrennungsmotor),999 ccm
AUDI,A,A1 8X (1. Facelift),2014,2018,Audi A1 1.0 TFSI ultra (02/16 - 02/18),ICE,https://www.adac.de/rund-ums-fahrzeug/autokatalog/marken-modelle/audi/a1/8x-facelift/252588/,Höchstgeschwindigkeit,177 km/h
AUDI,A,A1 8X (1. Facelift),2014,2018,Audi A1 1.0 TFSI ultra (02/16 - 02/18),ICE,https://www.adac.de/rund-ums-fahrzeug/autokatalog/marken-modelle/audi/a1/8x-facelift/252588/,Höhe,1416 mm
AUDI,A,A1 8X (1. Facelift),2014,2018,Audi A1 1.0 TFSI ultra (02/16 - 02/18),ICE,https://www.adac.de/rund-ums-fahrzeug/autokatalog/marken-modelle/audi/a1/8x-facelift/252588/,Isofix,Serie
AUDI,A,A1 8X (1. Facelift),2014,2018,Audi A1 1.0 TFSI ultra (02/16 - 02/18),ICE,https://www.adac.de/rund-ums-fahrzeug/autokatalog/marken-modelle/audi/a1/8x-facelift/252588/,Isofix - Bezeichnung,Nur hinten mit Top-Tether
AUDI,A,A1 8X (1. Facelift),2014,2018,Audi A1 1.0 TFSI ultra (02/16 - 02/18),ICE,https://www.adac.de/rund-ums-fahrzeug/autokatalog/marken-modelle/audi/a1/8x-facelift/252588/,Jahr der Zulassung des betroffenen Fahrzeugs,Pannen pro 1000 Fahrzeuge
AUDI,A,A1 8X (1. Facelift),2014,2018,Audi A1 1.0 TFSI ultra (02/16 - 02/18),ICE,https://www.adac.de/rund-ums-fahrzeug/autokatalog/marken-modelle/audi/a1/8x-facelift/252588/,KFZ-Steuer ohne Befreiung/Jahr (kann durch WLTP abweichen),24 Euro
AUDI,A,A1 8X (1. Facelift),2014,2018,Audi A1 1.0 TFSI ultra (02/16 - 02/18),ICE,https://www.adac.de/rund-ums-fahrzeug/autokatalog/marken-modelle/audi/a1/8x-facelift/252588/,KFZ-Steuer pro Jahr ohne Steuerbefreiung,24 €
AUDI,A,A1 8X (1. Facelift),2014,2018,Audi A1 1.0 TFSI ultra (02/16 - 02/18),ICE,https://www.adac.de/rund-ums-fahrzeug/autokatalog/marken-modelle/audi/a1/8x-facelift/252588/,Karosserie,Schrägheck
AUDI,A,A1 8X (1. Facelift),2014,2018,Audi A1 1.0 TFSI ultra (02/16 - 02/18),ICE,https://www.adac.de/rund-ums-fahrzeug/autokatalog/marken-modelle/audi/a1/8x-facelift/252588/,Klassenübliche Ausstattung nach ADAC-Vorgabe,2560 Euro
AUDI,A,A1 8X (1. Facelift),2014,2018,Audi A1 1.0 TFSI ultra (02/16 - 02/18),ICE,https://www.adac.de/rund-ums-fahrzeug/autokatalog/marken-modelle/audi/a1/8x-facelift/252588/,Klimaanlage,900 Euro
AUDI,A,A1 8X (1. Facelift),2014,2018,Audi A1 1.0 TFSI ultra (02/16 - 02/18),ICE,https://www.adac.de/rund-ums-fahrzeug/autokatalog/marken-modelle/audi/a1/8x-facelift/252588/,Kofferraumvolumen dachhoch mit umgeklappter Rücksitzbank,920 l
AUDI,A,A1 8X (1. Facelift),2014,2018,Audi A1 1.0 TFSI ultra (02/16 - 02/18),ICE,https://www.adac.de/rund-ums-fahrzeug/autokatalog/marken-modelle/audi/a1/8x-facelift/252588/,Kofferraumvolumen normal,270 l
AUDI,A,A1 8X (1. Facelift),2014,2018,Audi A1 1.0 TFSI ultra (02/16 - 02/18),ICE,https://www.adac.de/rund-ums-fahrzeug/autokatalog/marken-modelle/audi/a1/8x-facelift/252588/,Kopfairbag hinten,Serie
AUDI,A,A1 8X (1. Facelift),2014,2018,Audi A1 1.0 TFSI ultra (02/16 - 02/18),ICE,https://www.adac.de/rund-ums-fahrzeug/autokatalog/marken-modelle/audi/a1/8x-facelift/252588/,Kopfairbag hinten - Bezeichnung,Windowbag
AUDI,A,A1 8X (1. Facelift),2014,2018,Audi A1 1.0 TFSI ultra (02/16 - 02/18),ICE,https://www.adac.de/rund-ums-fahrzeug/autokatalog/marken-modelle/audi/a1/8x-facelift/252588/,Kopfairbag vorne,Serie
AUDI,A,A1 8X (1. Facelift),2014,2018,Audi A1 1.0 TFSI ultra (02/16 - 02/18),ICE,https://www.adac.de/rund-ums-fahrzeug/autokatalog/marken-modelle/audi/a1/8x-facelift/252588/,Kopfairbag vorne - Bezeichnung,Windowbag
AUDI,A,A1 8X (1. Facelift),2014,2018,Audi A1 1.0 TFSI ultra (02/16 - 02/18),ICE,https://www.adac.de/rund-ums-fahrzeug/autokatalog/marken-modelle/audi/a1/8x-facelift/252588/,Kopfstütze hinten Mitte,Paket
AUDI,A,A1 8X (1. Facelift),2014,2018,Audi A1 1.0 TFSI ultra (02/16 - 02/18),ICE,https://www.adac.de/rund-ums-fahrzeug/autokatalog/marken-modelle/audi/a1/8x-facelift/252588/,Kopfstützen hinten,Serie
AUDI,A,A1 8X (1. Facelift),2014,2018,Audi A1 1.0 TFSI ultra (02/16 - 02/18),ICE,https://www.adac.de/rund-ums-fahrzeug/autokatalog/marken-modelle/audi/a1/8x-facelift/252588/,Kraftstoffart,Super
AUDI,A,A1 8X (1. Facelift),2014,2018,Audi A1 1.0 TFSI ultra (02/16 - 02/18),ICE,https://www.adac.de/rund-ums-fahrzeug/autokatalog/marken-modelle/audi/a1/8x-facelift/252588/,Lackgarantie,3 Jahre
AUDI,A,A1 8X (1. Facelift),2014,2018,Audi A1 1.0 TFSI ultra (02/16 - 02/18),ICE,https://www.adac.de/rund-ums-fahrzeug/autokatalog/marken-modelle/audi/a1/8x-facelift/252588/,Lederausstattung,1200 Euro
AUDI,A,A1 8X (1. Facelift),2014,2018,Audi A1 1.0 TFSI ultra (02/16 - 02/18),ICE,https://www.adac.de/rund-ums-fahrzeug/autokatalog/marken-modelle/audi/a1/8x-facelift/252588/,Leergewicht (EU),1110 kg
AUDI,A,A1 8X (1. Facelift),2014,2018,Audi A1 1.0 TFSI ultra (02/16 - 02/18),ICE,https://www.adac.de/rund-ums-fahrzeug/autokatalog/marken-modelle/audi/a1/8x-facelift/252588/,Leistung / Drehmoment (Verbrennungsmotor),60 kW (82 PS) / 160 Nm
AUDI,A,A1 8X (1. Facelift),2014,2018,Audi A1 1.0 TFSI ultra (02/16 - 02/18),ICE,https://www.adac.de/rund-ums-fahrzeug/autokatalog/marken-modelle/audi/a1/8x-facelift/252588/,Leistung maximal bei U/min. (Verbrennungsmotor),3500 U/min
AUDI,A,A1 8X (1. Facelift),2014,2018,Audi A1 1.0 TFSI ultra (02/16 - 02/18),ICE,https://www.adac.de/rund-ums-fahrzeug/autokatalog/marken-modelle/audi/a1/8x-facelift/252588/,Leistung maximal in PS (Systemleistung),82
AUDI,A,A1 8X (1. Facelift),2014,2018,Audi A1 1.0 TFSI ultra (02/16 - 02/18),ICE,https://www.adac.de/rund-ums-fahrzeug/autokatalog/marken-modelle/audi/a1/8x-facelift/252588/,Leistung maximal in kW (Systemleistung),60
AUDI,A,A1 8X (1. Facelift),2014,2018,Audi A1 1.0 TFSI ultra (02/16 - 02/18),ICE,https://www.adac.de/rund-ums-fahrzeug/autokatalog/marken-modelle/audi/a1/8x-facelift/252588/,Lichtsensor,Paket
AUDI,A,A1 8X (1. Facelift),2014,2018,Audi A1 1.0 TFSI ultra (02/16 - 02/18),ICE,https://www.adac.de/rund-ums-fahrzeug/autokatalog/marken-modelle/audi/a1/8x-facelift/252588/,Länge,3973 mm
AUDI,A,A1 8X (1. Facelift),2014,2018,Audi A1 1.0 TFSI ultra (02/16 - 02/18),ICE,https://www.adac.de/rund-ums-fahrzeug/autokatalog/marken-modelle/audi/a1/8x-facelift/252588/,Marke,Audi
AUDI,A,A1 8X (1. Facelift),2014,2018,Audi A1 1.0 TFSI ultra (02/16 - 02/18),ICE,https://www.adac.de/rund-ums-fahrzeug/autokatalog/marken-modelle/audi/a1/8x-facelift/252588/,Metallic-Lackierung,500 Euro
AUDI,A,A1 8X (1. Facelift),2014,2018,Audi A1 1.0 TFSI ultra (02/16 - 02/18),ICE,https://www.adac.de/rund-ums-fahrzeug/autokatalog/marken-modelle/audi/a1/8x-facelift/252588/,Modell,A1 1.0 TFSI ultra
AUDI,A,A1 8X (1. Facelift),2014,2018,Audi A1 1.0 TFSI ultra (02/16 - 02/18),ICE,https://www.adac.de/rund-ums-fahrzeug/autokatalog/marken-modelle/audi/a1/8x-facelift/252588/,Modellende,02/18
AUDI,A,A1 8X (1. Facelift),2014,2018,Audi A1 1.0 TFSI ultra (02/16 - 02/18),ICE,https://www.adac.de/rund-ums-fahrzeug/autokatalog/marken-modelle/audi/a1/8x-facelift/252588/,Modellstart,02/16
AUDI,A,A1 8X (1. Facelift),2014,2018,Audi A1 1.0 TFSI ultra (02/16 - 02/18),ICE,https://www.adac.de/rund-ums-fahrzeug/autokatalog/marken-modelle/audi/a1/8x-facelift/252588/,Motorart,Otto
AUDI,A,A1 8X (1. Facelift),2014,2018,Audi A1 1.0 TFSI ultra (02/16 - 02/18),ICE,https://www.adac.de/rund-ums-fahrzeug/autokatalog/marken-modelle/audi/a1/8x-facelift/252588/,Motorcode,CHZ
AUDI,A,A1 8X (1. Facelift),2014,2018,Audi A1 1.0 TFSI ultra (02/16 - 02/18),ICE,https://www.adac.de/rund-ums-fahrzeug/autokatalog/marken-modelle/audi/a1/8x-facelift/252588/,Navigation,1160 Euro
AUDI,A,A1 8X (1. Facelift),2014,2018,Audi A1 1.0 TFSI ultra (02/16 - 02/18),ICE,https://www.adac.de/rund-ums-fahrzeug/autokatalog/marken-modelle/audi/a1/8x-facelift/252588/,Navigation - Bezeichnung,Farbdisplay
AUDI,A,A1 8X (1. Facelift),2014,2018,Audi A1 1.0 TFSI ultra (02/16 - 02/18),ICE,https://www.adac.de/rund-ums-fahrzeug/autokatalog/marken-modelle/audi/a1/8x-facelift/252588/,Nebelscheinwerfer,150 Euro
AUDI,A,A1 8X (1. Facelift),2014,2018,Audi A1 1.0 TFSI ultra (02/16 - 02/18),ICE,https://www.adac.de/rund-ums-fahrzeug/autokatalog/marken-modelle/audi/a1/8x-facelift/252588/,Nockenwellensteuerung,Zahnriemen
AUDI,A,A1 8X (1. Facelift),2014,2018,Audi A1 1.0 TFSI ultra (02/16 - 02/18),ICE,https://www.adac.de/rund-ums-fahrzeug/autokatalog/marken-modelle/audi/a1/8x-facelift/252588/,Radio,Serie
AUDI,A,A1 8X (1. Facelift),2014,2018,Audi A1 1.0 TFSI ultra (02/16 - 02/18),ICE,https://www.adac.de/rund-ums-fahrzeug/autokatalog/marken-modelle/audi/a1/8x-facelift/252588/,Radio - Bezeichnung,Audi Radio
AUDI,A,A1 8X (1. Facelift),2014,2018,Audi A1 1.0 TFSI ultra (02/16 - 02/18),ICE,https://www.adac.de/rund-ums-fahrzeug/autokatalog/marken-modelle/audi/a1/8x-facelift/252588/,Radstand,2469 mm
AUDI,A,A1 8X (1. Facelift),2014,2018,Audi A1 1.0 TFSI ultra (02/16 - 02/18),ICE,https://www.adac.de/rund-ums-fahrzeug/autokatalog/marken-modelle/audi/a1/8x-facelift/252588/,Regensensor,Paket
AUDI,A,A1 8X (1. Facelift),2014,2018,Audi A1 1.0 TFSI ultra (02/16 - 02/18),ICE,https://www.adac.de/rund-ums-fahrzeug/autokatalog/marken-modelle/audi/a1/8x-facelift/252588/,Reifendruckkontrolle,Serie
AUDI,A,A1 8X (1. Facelift),2014,2018,Audi A1 1.0 TFSI ultra (02/16 - 02/18),ICE,https://www.adac.de/rund-ums-fahrzeug/autokatalog/marken-modelle/audi/a1/8x-facelift/252588/,Reifendruckkontrolle - Bezeichnung,indirekte Messung (ABS)
AUDI,A,A1 8X (1. Facelift),2014,2018,Audi A1 1.0 TFSI ultra (02/16 - 02/18),ICE,https://www.adac.de/rund-ums-fahrzeug/autokatalog/marken-modelle/audi/a1/8x-facelift/252588/,Reifengröße,185/60R15
AUDI,A,A1 8X (1. Facelift),2014,2018,Audi A1 1.0 TFSI ultra (02/16 - 02/18),ICE,https://www.adac.de/rund-ums-fahrzeug/autokatalog/marken-modelle/audi/a1/8x-facelift/252588/,Runflat,Aufpreis
AUDI,A,A1 8X (1. Facelift),2014,2018,Audi A1 1.0 TFSI ultra (02/16 - 02/18),ICE,https://www.adac.de/rund-ums-fahrzeug/autokatalog/marken-modelle/audi/a1/8x-facelift/252588/,Rückrufdatum,März 2017
AUDI,A,A1 8X (1. Facelift),2014,2018,Audi A1 1.0 TFSI ultra (02/16 - 02/18),ICE,https://www.adac.de/rund-ums-fahrzeug/autokatalog/marken-modelle/audi/a1/8x-facelift/252588/,Rücksitzbank umklappbar,Serie
AUDI,A,A1 8X (1. Facelift),2014,2018,Audi A1 1.0 TFSI ultra (02/16 - 02/18),ICE,https://www.adac.de/rund-ums-fahrzeug/autokatalog/marken-modelle/audi/a1/8x-facelift/252588/,Schadstoffklasse,Euro 6b (NEFZ)
AUDI,A,A1 8X (1. Facelift),2014,2018,Audi A1 1.0 TFSI ultra (02/16 - 02/18),ICE,https://www.adac.de/rund-ums-fahrzeug/autokatalog/marken-modelle/audi/a1/8x-facelift/252588/,Schaltpunktanzeige,Paket
AUDI,A,A1 8X (1. Facelift),2014,2018,Audi A1 1.0 TFSI ultra (02/16 - 02/18),ICE,https://www.adac.de/rund-ums-fahrzeug/autokatalog/marken-modelle/audi/a1/8x-facelift/252588/,Seitenairbag vorne,Serie
AUDI,A,A1 8X (1. Facelift),2014,2018,Audi A1 1.0 TFSI ultra (02/16 - 02/18),ICE,https://www.adac.de/rund-ums-fahrzeug/autokatalog/marken-modelle/audi/a1/8x-facelift/252588/,Servolenkung,Serie
AUDI,A,A1 8X (1. Facelift),2014,2018,Audi A1 1.0 TFSI ultra (02/16 - 02/18),ICE,https://www.adac.de/rund-ums-fahrzeug/autokatalog/marken-modelle/audi/a1/8x-facelift/252588/,Sitzanzahl,4
AUDI,A,A1 8X (1. Facelift),2014,2018,Audi A1 1.0 TFSI ultra (02/16 - 02/18),ICE,https://www.adac.de/rund-ums-fahrzeug/autokatalog/marken-modelle/audi/a1/8x-facelift/252588/,Sitzanzahl maximal,5
AUDI,A,A1 8X (1. Facelift),2014,2018,Audi A1 1.0 TFSI ultra (02/16 - 02/18),ICE,https://www.adac.de/rund-ums-fahrzeug/autokatalog/marken-modelle/audi/a1/8x-facelift/252588/,Start-/Stopp-Automatik (Verbrennungsmotor),Serie
AUDI,A,A1 8X (1. Facelift),2014,2018,Audi A1 1.0 TFSI ultra (02/16 - 02/18),ICE,https://www.adac.de/rund-ums-fahrzeug/autokatalog/marken-modelle/audi/a1/8x-facelift/252588/,Stützlast,50 kg
AUDI,A,A1 8X (1. Facelift),2014,2018,Audi A1 1.0 TFSI ultra (02/16 - 02/18),ICE,https://www.adac.de/rund-ums-fahrzeug/autokatalog/marken-modelle/audi/a1/8x-facelift/252588/,Tankgröße,"45,0 l"
AUDI,A,A1 8X (1. Facelift),2014,2018,Audi A1 1.0 TFSI ultra (02/16 - 02/18),ICE,https://www.adac.de/rund-ums-fahrzeug/autokatalog/marken-modelle/audi/a1/8x-facelift/252588/,Teilkaskobeitrag 150 € SB,328 €
AUDI,A,A1 8X (1. Facelift),2014,2018,Audi A1 1.0 TFSI ultra (02/16 - 02/18),ICE,https://www.adac.de/rund-ums-fahrzeug/autokatalog/marken-modelle/audi/a1/8x-facelift/252588/,Typklassen (KH/VK/TK),17/14/16
AUDI,A,A1 8X (1. Facelift),2014,2018,Audi A1 1.0 TFSI ultra (02/16 - 02/18),ICE,https://www.adac.de/rund-ums-fahrzeug/autokatalog/marken-modelle/audi/a1/8x-facelift/252588/,Türanzahl,3
AUDI,A,A1 8X (1. Facelift),2014,2018,Audi A1 1.0 TFSI ultra (02/16 - 02/18),ICE,https://www.adac.de/rund-ums-fahrzeug/autokatalog/marken-modelle/audi/a1/8x-facelift/252588/,Variante,keine Angaben
AUDI,A,A1 8X (1. Facelift),2014,2018,Audi A1 1.0 TFSI ultra (02/16 - 02/18),ICE,https://www.adac.de/rund-ums-fahrzeug/autokatalog/marken-modelle/audi/a1/8x-facelift/252588/,Verbrauch Außerorts (NEFZ),"3,7 l/100 km"
AUDI,A,A1 8X (1. Facelift),2014,2018,Audi A1 1.0 TFSI ultra (02/16 - 02/18),ICE,https://www.adac.de/rund-ums-fahrzeug/autokatalog/marken-modelle/audi/a1/8x-facelift/252588/,Verbrauch Gesamt (NEFZ),"4,2 l/100 km"
AUDI,A,A1 8X (1. Facelift),2014,2018,Audi A1 1.0 TFSI ultra (02/16 - 02/18),ICE,https://www.adac.de/rund-ums-fahrzeug/autokatalog/marken-modelle/audi/a1/8x-facelift/252588/,Verbrauch Innerorts (NEFZ),"5,0 l/100 km"
AUDI,A,A1 8X (1. Facelift),2014,2018,Audi A1 1.0 TFSI ultra (02/16 - 02/18),ICE,https://www.adac.de/rund-ums-fahrzeug/autokatalog/marken-modelle/audi/a1/8x-facelift/252588/,Vollkaskobetrag 100% 500 € SB,908 €
AUDI,A,A1 8X (1. Facelift),2014,2018,Audi A1 1.0 TFSI ultra (02/16 - 02/18),ICE,https://www.adac.de/rund-ums-fahrzeug/autokatalog/marken-modelle/audi/a1/8x-facelift/252588/,WLAN Hotspot,Paket
AUDI,A,A1 8X (1. Facelift),2014,2018,Audi A1 1.0 TFSI ultra (02/16 - 02/18),ICE,https://www.adac.de/rund-ums-fahrzeug/autokatalog/marken-modelle/audi/a1/8x-facelift/252588/,Wendekreis,"10,6 m"
AUDI,A,A1 8X (1. Facelift),2014,2018,Audi A1 1.0 TFSI ultra (02/16 - 02/18),ICE,https://www.adac.de/rund-ums-fahrzeug/autokatalog/marken-modelle/audi/a1/8x-facelift/252588/,Werkstattkosten,91 €
AUDI,A,A1 8X (1. Facelift),2014,2018,Audi A1 1.0 TFSI ultra (02/16 - 02/18),ICE,https://www.adac.de/rund-ums-fahrzeug/autokatalog/marken-modelle/audi/a1/8x-facelift/252588/,Wertverlust,43 €
AUDI,A,A1 8X (1. Facelift),2014,2018,Audi A1 1.0 TFSI ultra (02/16 - 02/18),ICE,https://www.adac.de/rund-ums-fahrzeug/autokatalog/marken-modelle/audi/a1/8x-facelift/252588/,Xenon-Scheinwerfer,900 Euro
AUDI,A,A1 8X (1. Facelift),2014,2018,Audi A1 1.0 TFSI ultra (02/16 - 02/18),ICE,https://www.adac.de/rund-ums-fahrzeug/autokatalog/marken-modelle/audi/a1/8x-facelift/252588/,Zentralverriegelung,Serie
AUDI,A,A1 8X (1. Facelift),2014,2018,Audi A1 1.0 TFSI ultra (02/16 - 02/18),ICE,https://www.adac.de/rund-ums-fahrzeug/autokatalog/marken-modelle/audi/a1/8x-facelift/252588/,Zul. Gesamtgewicht,1485 kg
AUDI,A,A1 8X (1. Facelift),2014,2018,Audi A1 1.0 TFSI ultra (02/16 - 02/18),ICE,https://www.adac.de/rund-ums-fahrzeug/autokatalog/marken-modelle/audi/a1/8x-facelift/252588/,Zuladung,375 kg
AUDI,A,A1 8X (1. Facelift),2014,2018,Audi A1 1.0 TFSI ultra (02/16 - 02/18),ICE,https://www.adac.de/rund-ums-fahrzeug/autokatalog/marken-modelle/audi/a1/8x-facelift/252588/,Zusätzliche Garantien,"Mobilitätsgarantie: 2 Jahre europaweit, erweiterbar auf lebenslang unter Einhaltung aller Inspektionen;"
AUDI,A,A1 8X (1. Facelift),2014,2018,Audi A1 1.0 TFSI ultra (02/16 - 02/18),ICE,https://www.adac.de/rund-ums-fahrzeug/autokatalog/marken-modelle/audi/a1/8x-facelift/252588/,Zusätzliche Information,"Zündpillen für Airbags und Gurtstraffer wurden nicht richtig befüllt und könnten daher beim Auslösen nicht richtig zünden, was die Verletzungsgefahr bei einem Unfall erhöht. Die betroffenen Airbags und Gurtstraffer werden ausgetauscht. Die Aktion ist für die Kunden kostenlos."
AUDI,A,A1 8X (1. Facelift),2014,2018,Audi A1 1.0 TFSI ultra S tronic (02/15 - 04/18),ICE,https://www.adac.de/rund-ums-fahrzeug/autokatalog/marken-modelle/audi/a1/8x-facelift/245342/,2016,5.8
AUDI,A,A1 8X (1. Facelift),2014,2018,Audi A1 1.0 TFSI ultra S tronic (02/15 - 04/18),ICE,https://www.adac.de/rund-ums-fahrzeug/autokatalog/marken-modelle/audi/a1/8x-facelift/245342/,2017,4.2
AUDI,A,A1 8X (1. Facelift),2014,2018,Audi A1 1.0 TFSI ultra S tronic (02/15 - 04/18),ICE,https://www.adac.de/rund-ums-fahrzeug/autokatalog/marken-modelle/audi/a1/8x-facelift/245342/,2018,3.7
AUDI,A,A1 8X (1. Facelift),2014,2018,Audi A1 1.0 TFSI ultra S tronic (02/15 - 04/18),ICE,https://www.adac.de/rund-ums-fahrzeug/autokatalog/marken-modelle/audi/a1/8x-facelift/245342/,2019,5
AUDI,A,A1 8X (1. Facelift),2014,2018,Audi A1 1.0 TFSI ultra S tronic (02/15 - 04/18),ICE,https://www.adac.de/rund-ums-fahrzeug/autokatalog/marken-modelle/audi/a1/8x-facelift/245342/,2020,4.7
AUDI,A,A1 8X (1. Facelift),2014,2018,Audi A1 1.0 TFSI ultra S tronic (02/15 - 04/18),ICE,https://www.adac.de/rund-ums-fahrzeug/autokatalog/marken-modelle/audi/a1/8x-facelift/245342/,2021,6.8
AUDI,A,A1 8X (1. Facelift),2014,2018,Audi A1 1.0 TFSI ultra S tronic (02/15 - 04/18),ICE,https://www.adac.de/rund-ums-fahrzeug/autokatalog/marken-modelle/audi/a1/8x-facelift/245342/,2022,2.2
AUDI,A,A1 8X (1. Facelift),2014,2018,Audi A1 1.0 TFSI ultra S tronic (02/15 - 04/18),ICE,https://www.adac.de/rund-ums-fahrzeug/autokatalog/marken-modelle/audi/a1/8x-facelift/245342/,2023,1.3
AUDI,A,A1 8X (1. Facelift),2014,2018,Audi A1 1.0 TFSI ultra S tronic (02/15 - 04/18),ICE,https://www.adac.de/rund-ums-fahrzeug/autokatalog/marken-modelle/audi/a1/8x-facelift/245342/,3-Punkt-Gurt hinten Mitte,Paket
AUDI,A,A1 8X (1. Facelift),2014,2018,Audi A1 1.0 TFSI ultra S tronic (02/15 - 04/18),ICE,https://www.adac.de/rund-ums-fahrzeug/autokatalog/marken-modelle/audi/a1/8x-facelift/245342/,3-Punkt-Gurt hinten Mitte - Bezeichnung,3-Punkt Gurt
AUDI,A,A1 8X (1. Facelift),2014,2018,Audi A1 1.0 TFSI ultra S tronic (02/15 - 04/18),ICE,https://www.adac.de/rund-ums-fahrzeug/autokatalog/marken-modelle/audi/a1/8x-facelift/245342/,ABS,Serie
AUDI,A,A1 8X (1. Facelift),2014,2018,Audi A1 1.0 TFSI ultra S tronic (02/15 - 04/18),ICE,https://www.adac.de/rund-ums-fahrzeug/autokatalog/marken-modelle/audi/a1/8x-facelift/245342/,Abgasreinigung (Verbrennungsmotor),geregelt
AUDI,A,A1 8X (1. Facelift),2014,2018,Audi A1 1.0 TFSI ultra S tronic (02/15 - 04/18),ICE,https://www.adac.de/rund-ums-fahrzeug/autokatalog/marken-modelle/audi/a1/8x-facelift/245342/,Airbag Beifahrer,Serie
AUDI,A,A1 8X (1. Facelift),2014,2018,Audi A1 1.0 TFSI ultra S tronic (02/15 - 04/18),ICE,https://www.adac.de/rund-ums-fahrzeug/autokatalog/marken-modelle/audi/a1/8x-facelift/245342/,Airbag Deaktivierung,40 Euro
AUDI,A,A1 8X (1. Facelift),2014,2018,Audi A1 1.0 TFSI ultra S tronic (02/15 - 04/18),ICE,https://www.adac.de/rund-ums-fahrzeug/autokatalog/marken-modelle/audi/a1/8x-facelift/245342/,Airbag Deaktivierung - Bezeichnung,Schlüsselschalter
AUDI,A,A1 8X (1. Facelift),2014,2018,Audi A1 1.0 TFSI ultra S tronic (02/15 - 04/18),ICE,https://www.adac.de/rund-ums-fahrzeug/autokatalog/marken-modelle/audi/a1/8x-facelift/245342/,Airbag Fahrer,Serie
AUDI,A,A1 8X (1. Facelift),2014,2018,Audi A1 1.0 TFSI ultra S tronic (02/15 - 04/18),ICE,https://www.adac.de/rund-ums-fahrzeug/autokatalog/marken-modelle/audi/a1/8x-facelift/245342/,Aktive Kopfstützen,Serie
AUDI,A,A1 8X (1. Facelift),2014,2018,Audi A1 1.0 TFSI ultra S tronic (02/15 - 04/18),ICE,https://www.adac.de/rund-ums-fahrzeug/autokatalog/marken-modelle/audi/a1/8x-facelift/245342/,Alufelgen,450 Euro
AUDI,A,A1 8X (1. Facelift),2014,2018,Audi A1 1.0 TFSI ultra S tronic (02/15 - 04/18),ICE,https://www.adac.de/rund-ums-fahrzeug/autokatalog/marken-modelle/audi/a1/8x-facelift/245342/,Anhängelast gebremst 12%,1000 kg
AUDI,A,A1 8X (1. Facelift),2014,2018,Audi A1 1.0 TFSI ultra S tronic (02/15 - 04/18),ICE,https://www.adac.de/rund-ums-fahrzeug/autokatalog/marken-modelle/audi/a1/8x-facelift/245342/,Anhängelast ungebremst,570 kg
AUDI,A,A1 8X (1. Facelift),2014,2018,Audi A1 1.0 TFSI ultra S tronic (02/15 - 04/18),ICE,https://www.adac.de/rund-ums-fahrzeug/autokatalog/marken-modelle/audi/a1/8x-facelift/245342/,Anlass,Airbag- und Gurtstraffer-Zündgemisch
AUDI,A,A1 8X (1. Facelift),2014,2018,Audi A1 1.0 TFSI ultra S tronic (02/15 - 04/18),ICE,https://www.adac.de/rund-ums-fahrzeug/autokatalog/marken-modelle/audi/a1/8x-facelift/245342/,Antriebsart,Vorderrad
AUDI,A,A1 8X (1. Facelift),2014,2018,Audi A1 1.0 TFSI ultra S tronic (02/15 - 04/18),ICE,https://www.adac.de/rund-ums-fahrzeug/autokatalog/marken-modelle/audi/a1/8x-facelift/245342/,Antriebsschlupfregelung,Serie
AUDI,A,A1 8X (1. Facelift),2014,2018,Audi A1 1.0 TFSI ultra S tronic (02/15 - 04/18),ICE,https://www.adac.de/rund-ums-fahrzeug/autokatalog/marken-modelle/audi/a1/8x-facelift/245342/,Antriebsschlupfregelung - Bezeichnung,Autom. Stabilitätskontrolle mit Traktion
AUDI,A,A1 8X (1. Facelift),2014,2018,Audi A1 1.0 TFSI ultra S tronic (02/15 - 04/18),ICE,https://www.adac.de/rund-ums-fahrzeug/autokatalog/marken-modelle/audi/a1/8x-facelift/245342/,Anzahl Gänge,7
AUDI,A,A1 8X (1. Facelift),2014,2018,Audi A1 1.0 TFSI ultra S tronic (02/15 - 04/18),ICE,https://www.adac.de/rund-ums-fahrzeug/autokatalog/marken-modelle/audi/a1/8x-facelift/245342/,Anzahl Ventile (Verbrennungsmotor),4
AUDI,A,A1 8X (1. Facelift),2014,2018,Audi A1 1.0 TFSI ultra S tronic (02/15 - 04/18),ICE,https://www.adac.de/rund-ums-fahrzeug/autokatalog/marken-modelle/audi/a1/8x-facelift/245342/,Anzahl Zylinder (Verbrennungsmotor),3
AUDI,A,A1 8X (1. Facelift),2014,2018,Audi A1 1.0 TFSI ultra S tronic (02/15 - 04/18),ICE,https://www.adac.de/rund-ums-fahrzeug/autokatalog/marken-modelle/audi/a1/8x-facelift/245342/,Anzahl betroffener Fahrzeuge,2.850 (Deutschland) 17.000 (weltweit)
AUDI,A,A1 8X (1. Facelift),2014,2018,Audi A1 1.0 TFSI ultra S tronic (02/15 - 04/18),ICE,https://www.adac.de/rund-ums-fahrzeug/autokatalog/marken-modelle/audi/a1/8x-facelift/245342/,Aufladung (Verbrennungsmotor),Turbo
AUDI,A,A1 8X (1. Facelift),2014,2018,Audi A1 1.0 TFSI ultra S tronic (02/15 - 04/18),ICE,https://www.adac.de/rund-ums-fahrzeug/autokatalog/marken-modelle/audi/a1/8x-facelift/245342/,Baureihe,A1 (8X) (11/14 - 04/18)
AUDI,A,A1 8X (1. Facelift),2014,2018,Audi A1 1.0 TFSI ultra S tronic (02/15 - 04/18),ICE,https://www.adac.de/rund-ums-fahrzeug/autokatalog/marken-modelle/audi/a1/8x-facelift/245342/,Baureihenende,04/18
AUDI,A,A1 8X (1. Facelift),2014,2018,Audi A1 1.0 TFSI ultra S tronic (02/15 - 04/18),ICE,https://www.adac.de/rund-ums-fahrzeug/autokatalog/marken-modelle/audi/a1/8x-facelift/245342/,Baureihenstart,11/14
AUDI,A,A1 8X (1. Facelift),2014,2018,Audi A1 1.0 TFSI ultra S tronic (02/15 - 04/18),ICE,https://www.adac.de/rund-ums-fahrzeug/autokatalog/marken-modelle/audi/a1/8x-facelift/245342/,Bauzeitraum betroffener Fahrzeuge,2016
AUDI,A,A1 8X (1. Facelift),2014,2018,Audi A1 1.0 TFSI ultra S tronic (02/15 - 04/18),ICE,https://www.adac.de/rund-ums-fahrzeug/autokatalog/marken-modelle/audi/a1/8x-facelift/245342/,Berganfahrassistent,Serie
AUDI,A,A1 8X (1. Facelift),2014,2018,Audi A1 1.0 TFSI ultra S tronic (02/15 - 04/18),ICE,https://www.adac.de/rund-ums-fahrzeug/autokatalog/marken-modelle/audi/a1/8x-facelift/245342/,Beschleunigung 0-100km/h,"10,9 s"
AUDI,A,A1 8X (1. Facelift),2014,2018,Audi A1 1.0 TFSI ultra S tronic (02/15 - 04/18),ICE,https://www.adac.de/rund-ums-fahrzeug/autokatalog/marken-modelle/audi/a1/8x-facelift/245342/,Betriebskosten,134 €
AUDI,A,A1 8X (1. Facelift),2014,2018,Audi A1 1.0 TFSI ultra S tronic (02/15 - 04/18),ICE,https://www.adac.de/rund-ums-fahrzeug/autokatalog/marken-modelle/audi/a1/8x-facelift/245342/,Betroffene Modelle,"A1 Sportback 8X (11/14 - 04/18), A18X (11/14 - 04/18), A4 allroad B9 (03/16 - 08/18), A4 Avant B9 (10/15 - 08/18), A4 Limousine B9 (10/15 - 08/18), A5 Cabriolet 8F/8T (10/11 - 11/16), A5 Cabriolet F5 (11/16 - 08/19), A5 Coupé 8F/8T (10/11 - 07/16), A5 Coupé F5 (10/16 - 10/19), A5 Sportback 8F/8T (10/11 - 08/16), A5 Sportback F5 (10/16 - 10/19), A6 allroad C7 (10/14 - 05/18), A6 Avant C7 (10/14 - 05/18), A6 Limousine C7 (10/14 - 04/18), A7 Sportback 4G (08/14 - 12/17), A8D4 (10/13 - 10/17), Q58R (09/12 - 10/16), Q5FY (01/17 - 08/20), Q7 e-tron 4M (03/16 - 03/18), Q74M (06/15 - 06/19)"
AUDI,A,A1 8X (1. Facelift),2014,2018,Audi A1 1.0 TFSI ultra S tronic (02/15 - 04/18),ICE,https://www.adac.de/rund-ums-fahrzeug/autokatalog/marken-modelle/audi/a1/8x-facelift/245342/,Breite,1740 mm
AUDI,A,A1 8X (1. Facelift),2014,2018,Audi A1 1.0 TFSI ultra S tronic (02/15 - 04/18),ICE,https://www.adac.de/rund-ums-fahrzeug/autokatalog/marken-modelle/audi/a1/8x-facelift/245342/,Breite (inkl. Außenspiegel),1906 mm
AUDI,A,A1 8X (1. Facelift),2014,2018,Audi A1 1.0 TFSI ultra S tronic (02/15 - 04/18),ICE,https://www.adac.de/rund-ums-fahrzeug/autokatalog/marken-modelle/audi/a1/8x-facelift/245342/,Bremsassistent,Serie
AUDI,A,A1 8X (1. Facelift),2014,2018,Audi A1 1.0 TFSI ultra S tronic (02/15 - 04/18),ICE,https://www.adac.de/rund-ums-fahrzeug/autokatalog/marken-modelle/audi/a1/8x-facelift/245342/,Bremsassistent - Bezeichnung,Multikollisionsbremse
AUDI,A,A1 8X (1. Facelift),2014,2018,Audi A1 1.0 TFSI ultra S tronic (02/15 - 04/18),ICE,https://www.adac.de/rund-ums-fahrzeug/autokatalog/marken-modelle/audi/a1/8x-facelift/245342/,Bremse hinten,Scheibe
AUDI,A,A1 8X (1. Facelift),2014,2018,Audi A1 1.0 TFSI ultra S tronic (02/15 - 04/18),ICE,https://www.adac.de/rund-ums-fahrzeug/autokatalog/marken-modelle/audi/a1/8x-facelift/245342/,Bremse vorne,Scheibe
AUDI,A,A1 8X (1. Facelift),2014,2018,Audi A1 1.0 TFSI ultra S tronic (02/15 - 04/18),ICE,https://www.adac.de/rund-ums-fahrzeug/autokatalog/marken-modelle/audi/a1/8x-facelift/245342/,Bremslicht dynamisch,Serie
AUDI,A,A1 8X (1. Facelift),2014,2018,Audi A1 1.0 TFSI ultra S tronic (02/15 - 04/18),ICE,https://www.adac.de/rund-ums-fahrzeug/autokatalog/marken-modelle/audi/a1/8x-facelift/245342/,Bremslicht dynamisch - Bezeichnung,Flashing Brake Light und Aktivierung der Warnblinkanlage (kurz vor Stillstand)
AUDI,A,A1 8X (1. Facelift),2014,2018,Audi A1 1.0 TFSI ultra S tronic (02/15 - 04/18),ICE,https://www.adac.de/rund-ums-fahrzeug/autokatalog/marken-modelle/audi/a1/8x-facelift/245342/,CO2-Effizienzklasse,B
AUDI,A,A1 8X (1. Facelift),2014,2018,Audi A1 1.0 TFSI ultra S tronic (02/15 - 04/18),ICE,https://www.adac.de/rund-ums-fahrzeug/autokatalog/marken-modelle/audi/a1/8x-facelift/245342/,CO2-Wert (NEFZ),102 g/km
AUDI,A,A1 8X (1. Facelift),2014,2018,Audi A1 1.0 TFSI ultra S tronic (02/15 - 04/18),ICE,https://www.adac.de/rund-ums-fahrzeug/autokatalog/marken-modelle/audi/a1/8x-facelift/245342/,Dachlast,75 kg
AUDI,A,A1 8X (1. Facelift),2014,2018,Audi A1 1.0 TFSI ultra S tronic (02/15 - 04/18),ICE,https://www.adac.de/rund-ums-fahrzeug/autokatalog/marken-modelle/audi/a1/8x-facelift/245342/,Dauer,je nach Aufwand unterschiedlich
AUDI,A,A1 8X (1. Facelift),2014,2018,Audi A1 1.0 TFSI ultra S tronic (02/15 - 04/18),ICE,https://www.adac.de/rund-ums-fahrzeug/autokatalog/marken-modelle/audi/a1/8x-facelift/245342/,Digitaler Radioempfang (DAB),300 Euro
AUDI,A,A1 8X (1. Facelift),2014,2018,Audi A1 1.0 TFSI ultra S tronic (02/15 - 04/18),ICE,https://www.adac.de/rund-ums-fahrzeug/autokatalog/marken-modelle/audi/a1/8x-facelift/245342/,Drehmoment (Systemleistung),160 Nm
AUDI,A,A1 8X (1. Facelift),2014,2018,Audi A1 1.0 TFSI ultra S tronic (02/15 - 04/18),ICE,https://www.adac.de/rund-ums-fahrzeug/autokatalog/marken-modelle/audi/a1/8x-facelift/245342/,Drehmoment maximal bei U/min. (Verbrennungsmotor),1500 U/min
AUDI,A,A1 8X (1. Facelift),2014,2018,Audi A1 1.0 TFSI ultra S tronic (02/15 - 04/18),ICE,https://www.adac.de/rund-ums-fahrzeug/autokatalog/marken-modelle/audi/a1/8x-facelift/245342/,Durchrostung,12 Jahre
AUDI,A,A1 8X (1. Facelift),2014,2018,Audi A1 1.0 TFSI ultra S tronic (02/15 - 04/18),ICE,https://www.adac.de/rund-ums-fahrzeug/autokatalog/marken-modelle/audi/a1/8x-facelift/245342/,Einbauposition / Motorbauart (Verbrennungsmotor),Frontmotor / Reihe
AUDI,A,A1 8X (1. Facelift),2014,2018,Audi A1 1.0 TFSI ultra S tronic (02/15 - 04/18),ICE,https://www.adac.de/rund-ums-fahrzeug/autokatalog/marken-modelle/audi/a1/8x-facelift/245342/,Einparkhilfe,350 Euro
AUDI,A,A1 8X (1. Facelift),2014,2018,Audi A1 1.0 TFSI ultra S tronic (02/15 - 04/18),ICE,https://www.adac.de/rund-ums-fahrzeug/autokatalog/marken-modelle/audi/a1/8x-facelift/245342/,Einparkhilfe - Bezeichnung,hinten
AUDI,A,A1 8X (1. Facelift),2014,2018,Audi A1 1.0 TFSI ultra S tronic (02/15 - 04/18),ICE,https://www.adac.de/rund-ums-fahrzeug/autokatalog/marken-modelle/audi/a1/8x-facelift/245342/,Fahrdynamikregelung,Serie
AUDI,A,A1 8X (1. Facelift),2014,2018,Audi A1 1.0 TFSI ultra S tronic (02/15 - 04/18),ICE,https://www.adac.de/rund-ums-fahrzeug/autokatalog/marken-modelle/audi/a1/8x-facelift/245342/,Fahrdynamikregelung - Bezeichnung,Elektronisches Stabilitätsprogramm
AUDI,A,A1 8X (1. Facelift),2014,2018,Audi A1 1.0 TFSI ultra S tronic (02/15 - 04/18),ICE,https://www.adac.de/rund-ums-fahrzeug/autokatalog/marken-modelle/audi/a1/8x-facelift/245342/,Fahrgeräusch,70 dB
AUDI,A,A1 8X (1. Facelift),2014,2018,Audi A1 1.0 TFSI ultra S tronic (02/15 - 04/18),ICE,https://www.adac.de/rund-ums-fahrzeug/autokatalog/marken-modelle/audi/a1/8x-facelift/245342/,Fahrzeugklasse,Kleinwagen (z.B. Polo)
AUDI,A,A1 8X (1. Facelift),2014,2018,Audi A1 1.0 TFSI ultra S tronic (02/15 - 04/18),ICE,https://www.adac.de/rund-ums-fahrzeug/autokatalog/marken-modelle/audi/a1/8x-facelift/245342/,Federung hinten,Schraube
AUDI,A,A1 8X (1. Facelift),2014,2018,Audi A1 1.0 TFSI ultra S tronic (02/15 - 04/18),ICE,https://www.adac.de/rund-ums-fahrzeug/autokatalog/marken-modelle/audi/a1/8x-facelift/245342/,Federung vorne,Schraube
AUDI,A,A1 8X (1. Facelift),2014,2018,Audi A1 1.0 TFSI ultra S tronic (02/15 - 04/18),ICE,https://www.adac.de/rund-ums-fahrzeug/autokatalog/marken-modelle/audi/a1/8x-facelift/245342/,Fensterheber elektr. vorne,Serie
AUDI,A,A1 8X (1. Facelift),2014,2018,Audi A1 1.0 TFSI ultra S tronic (02/15 - 04/18),ICE,https://www.adac.de/rund-ums-fahrzeug/autokatalog/marken-modelle/audi/a1/8x-facelift/245342/,Fernlichtassistent,135 Euro
AUDI,A,A1 8X (1. Facelift),2014,2018,Audi A1 1.0 TFSI ultra S tronic (02/15 - 04/18),ICE,https://www.adac.de/rund-ums-fahrzeug/autokatalog/marken-modelle/audi/a1/8x-facelift/245342/,Fixkosten,112 €
AUDI,A,A1 8X (1. Facelift),2014,2018,Audi A1 1.0 TFSI ultra S tronic (02/15 - 04/18),ICE,https://www.adac.de/rund-ums-fahrzeug/autokatalog/marken-modelle/audi/a1/8x-facelift/245342/,Freisprecheinrichtung,300 Euro
AUDI,A,A1 8X (1. Facelift),2014,2018,Audi A1 1.0 TFSI ultra S tronic (02/15 - 04/18),ICE,https://www.adac.de/rund-ums-fahrzeug/autokatalog/marken-modelle/audi/a1/8x-facelift/245342/,Garantie (Fahrzeug),2 Jahre
AUDI,A,A1 8X (1. Facelift),2014,2018,Audi A1 1.0 TFSI ultra S tronic (02/15 - 04/18),ICE,https://www.adac.de/rund-ums-fahrzeug/autokatalog/marken-modelle/audi/a1/8x-facelift/245342/,Gemischaufbereitung (Verbrennungsmotor),Direkteinspritzung
AUDI,A,A1 8X (1. Facelift),2014,2018,Audi A1 1.0 TFSI ultra S tronic (02/15 - 04/18),ICE,https://www.adac.de/rund-ums-fahrzeug/autokatalog/marken-modelle/audi/a1/8x-facelift/245342/,Getriebeart,Automat. Schaltgetriebe (Doppelkupplung)
AUDI,A,A1 8X (1. Facelift),2014,2018,Audi A1 1.0 TFSI ultra S tronic (02/15 - 04/18),ICE,https://www.adac.de/rund-ums-fahrzeug/autokatalog/marken-modelle/audi/a1/8x-facelift/245342/,Grundpreis,19450 Euro
AUDI,A,A1 8X (1. Facelift),2014,2018,Audi A1 1.0 TFSI ultra S tronic (02/15 - 04/18),ICE,https://www.adac.de/rund-ums-fahrzeug/autokatalog/marken-modelle/audi/a1/8x-facelift/245342/,HSN/TSN Schlüsselnummern,0588/BCV
AUDI,A,A1 8X (1. Facelift),2014,2018,Audi A1 1.0 TFSI ultra S tronic (02/15 - 04/18),ICE,https://www.adac.de/rund-ums-fahrzeug/autokatalog/marken-modelle/audi/a1/8x-facelift/245342/,Haftpflichtbeitrag 100%,1.320 €
AUDI,A,A1 8X (1. Facelift),2014,2018,Audi A1 1.0 TFSI ultra S tronic (02/15 - 04/18),ICE,https://www.adac.de/rund-ums-fahrzeug/autokatalog/marken-modelle/audi/a1/8x-facelift/245342/,Halterbenachrichtigung durch,Anschreiben durch Hersteller
AUDI,A,A1 8X (1. Facelift),2014,2018,Audi A1 1.0 TFSI ultra S tronic (02/15 - 04/18),ICE,https://www.adac.de/rund-ums-fahrzeug/autokatalog/marken-modelle/audi/a1/8x-facelift/245342/,Herstellerinterne Baureihenbezeichnung,8X
AUDI,A,A1 8X (1. Facelift),2014,2018,Audi A1 1.0 TFSI ultra S tronic (02/15 - 04/18),ICE,https://www.adac.de/rund-ums-fahrzeug/autokatalog/marken-modelle/audi/a1/8x-facelift/245342/,Hubraum (Verbrennungsmotor),999 ccm
AUDI,A,A1 8X (1. Facelift),2014,2018,Audi A1 1.0 TFSI ultra S tronic (02/15 - 04/18),ICE,https://www.adac.de/rund-ums-fahrzeug/autokatalog/marken-modelle/audi/a1/8x-facelift/245342/,Höchstgeschwindigkeit,186 km/h
AUDI,A,A1 8X (1. Facelift),2014,2018,Audi A1 1.0 TFSI ultra S tronic (02/15 - 04/18),ICE,https://www.adac.de/rund-ums-fahrzeug/autokatalog/marken-modelle/audi/a1/8x-facelift/245342/,Höhe,1416 mm
AUDI,A,A1 8X (1. Facelift),2014,2018,Audi A1 1.0 TFSI ultra S tronic (02/15 - 04/18),ICE,https://www.adac.de/rund-ums-fahrzeug/autokatalog/marken-modelle/audi/a1/8x-facelift/245342/,Isofix,Serie
AUDI,A,A1 8X (1. Facelift),2014,2018,Audi A1 1.0 TFSI ultra S tronic (02/15 - 04/18),ICE,https://www.adac.de/rund-ums-fahrzeug/autokatalog/marken-modelle/audi/a1/8x-facelift/245342/,Isofix - Bezeichnung,Nur hinten mit Top-Tether
AUDI,A,A1 8X (1. Facelift),2014,2018,Audi A1 1.0 TFSI ultra S tronic (02/15 - 04/18),ICE,https://www.adac.de/rund-ums-fahrzeug/autokatalog/marken-modelle/audi/a1/8x-facelift/245342/,Jahr der Zulassung des betroffenen Fahrzeugs,Pannen pro 1000 Fahrzeuge
AUDI,A,A1 8X (1. Facelift),2014,2018,Audi A1 1.0 TFSI ultra S tronic (02/15 - 04/18),ICE,https://www.adac.de/rund-ums-fahrzeug/autokatalog/marken-modelle/audi/a1/8x-facelift/245342/,KFZ-Steuer ohne Befreiung/Jahr (kann durch WLTP abweichen),34 Euro
AUDI,A,A1 8X (1. Facelift),2014,2018,Audi A1 1.0 TFSI ultra S tronic (02/15 - 04/18),ICE,https://www.adac.de/rund-ums-fahrzeug/autokatalog/marken-modelle/audi/a1/8x-facelift/245342/,KFZ-Steuer pro Jahr ohne Steuerbefreiung,34 €
AUDI,A,A1 8X (1. Facelift),2014,2018,Audi A1 1.0 TFSI ultra S tronic (02/15 - 04/18),ICE,https://www.adac.de/rund-ums-fahrzeug/autokatalog/marken-modelle/audi/a1/8x-facelift/245342/,Karosserie,Schrägheck
AUDI,A,A1 8X (1. Facelift),2014,2018,Audi A1 1.0 TFSI ultra S tronic (02/15 - 04/18),ICE,https://www.adac.de/rund-ums-fahrzeug/autokatalog/marken-modelle/audi/a1/8x-facelift/245342/,Klassenübliche Ausstattung nach ADAC-Vorgabe,1660 Euro
AUDI,A,A1 8X (1. Facelift),2014,2018,Audi A1 1.0 TFSI ultra S tronic (02/15 - 04/18),ICE,https://www.adac.de/rund-ums-fahrzeug/autokatalog/marken-modelle/audi/a1/8x-facelift/245342/,Klimaanlage,Serie
AUDI,A,A1 8X (1. Facelift),2014,2018,Audi A1 1.0 TFSI ultra S tronic (02/15 - 04/18),ICE,https://www.adac.de/rund-ums-fahrzeug/autokatalog/marken-modelle/audi/a1/8x-facelift/245342/,Kofferraumvolumen dachhoch mit umgeklappter Rücksitzbank,920 l
AUDI,A,A1 8X (1. Facelift),2014,2018,Audi A1 1.0 TFSI ultra S tronic (02/15 - 04/18),ICE,https://www.adac.de/rund-ums-fahrzeug/autokatalog/marken-modelle/audi/a1/8x-facelift/245342/,Kofferraumvolumen normal,270 l
AUDI,A,A1 8X (1. Facelift),2014,2018,Audi A1 1.0 TFSI ultra S tronic (02/15 - 04/18),ICE,https://www.adac.de/rund-ums-fahrzeug/autokatalog/marken-modelle/audi/a1/8x-facelift/245342/,Kopfairbag hinten,Serie
AUDI,A,A1 8X (1. Facelift),2014,2018,Audi A1 1.0 TFSI ultra S tronic (02/15 - 04/18),ICE,https://www.adac.de/rund-ums-fahrzeug/autokatalog/marken-modelle/audi/a1/8x-facelift/245342/,Kopfairbag hinten - Bezeichnung,Windowbag
AUDI,A,A1 8X (1. Facelift),2014,2018,Audi A1 1.0 TFSI ultra S tronic (02/15 - 04/18),ICE,https://www.adac.de/rund-ums-fahrzeug/autokatalog/marken-modelle/audi/a1/8x-facelift/245342/,Kopfairbag vorne,Serie
AUDI,A,A1 8X (1. Facelift),2014,2018,Audi A1 1.0 TFSI ultra S tronic (02/15 - 04/18),ICE,https://www.adac.de/rund-ums-fahrzeug/autokatalog/marken-modelle/audi/a1/8x-facelift/245342/,Kopfairbag vorne - Bezeichnung,Windowbag
AUDI,A,A1 8X (1. Facelift),2014,2018,Audi A1 1.0 TFSI ultra S tronic (02/15 - 04/18),ICE,https://www.adac.de/rund-ums-fahrzeug/autokatalog/marken-modelle/audi/a1/8x-facelift/245342/,Kopfstütze hinten Mitte,Paket
AUDI,A,A1 8X (1. Facelift),2014,2018,Audi A1 1.0 TFSI ultra S tronic (02/15 - 04/18),ICE,https://www.adac.de/rund-ums-fahrzeug/autokatalog/marken-modelle/audi/a1/8x-facelift/245342/,Kopfstützen hinten,Serie
AUDI,A,A1 8X (1. Facelift),2014,2018,Audi A1 1.0 TFSI ultra S tronic (02/15 - 04/18),ICE,https://www.adac.de/rund-ums-fahrzeug/autokatalog/marken-modelle/audi/a1/8x-facelift/245342/,Kraftstoffart,Super
AUDI,A,A1 8X (1. Facelift),2014,2018,Audi A1 1.0 TFSI ultra S tronic (02/15 - 04/18),ICE,https://www.adac.de/rund-ums-fahrzeug/autokatalog/marken-modelle/audi/a1/8x-facelift/245342/,Lackgarantie,3 Jahre
AUDI,A,A1 8X (1. Facelift),2014,2018,Audi A1 1.0 TFSI ultra S tronic (02/15 - 04/18),ICE,https://www.adac.de/rund-ums-fahrzeug/autokatalog/marken-modelle/audi/a1/8x-facelift/245342/,Lederausstattung,1200 Euro
AUDI,A,A1 8X (1. Facelift),2014,2018,Audi A1 1.0 TFSI ultra S tronic (02/15 - 04/18),ICE,https://www.adac.de/rund-ums-fahrzeug/autokatalog/marken-modelle/audi/a1/8x-facelift/245342/,Leergewicht (EU),1140 kg
AUDI,A,A1 8X (1. Facelift),2014,2018,Audi A1 1.0 TFSI ultra S tronic (02/15 - 04/18),ICE,https://www.adac.de/rund-ums-fahrzeug/autokatalog/marken-modelle/audi/a1/8x-facelift/245342/,Leistung / Drehmoment (Verbrennungsmotor),70 kW (95 PS) / 160 Nm
AUDI,A,A1 8X (1. Facelift),2014,2018,Audi A1 1.0 TFSI ultra S tronic (02/15 - 04/18),ICE,https://www.adac.de/rund-ums-fahrzeug/autokatalog/marken-modelle/audi/a1/8x-facelift/245342/,Leistung maximal bei U/min. (Verbrennungsmotor),5000 U/min
AUDI,A,A1 8X (1. Facelift),2014,2018,Audi A1 1.0 TFSI ultra S tronic (02/15 - 04/18),ICE,https://www.adac.de/rund-ums-fahrzeug/autokatalog/marken-modelle/audi/a1/8x-facelift/245342/,Leistung maximal in PS (Systemleistung),95
AUDI,A,A1 8X (1. Facelift),2014,2018,Audi A1 1.0 TFSI ultra S tronic (02/15 - 04/18),ICE,https://www.adac.de/rund-ums-fahrzeug/autokatalog/marken-modelle/audi/a1/8x-facelift/245342/,Leistung maximal in kW (Systemleistung),70
AUDI,A,A1 8X (1. Facelift),2014,2018,Audi A1 1.0 TFSI ultra S tronic (02/15 - 04/18),ICE,https://www.adac.de/rund-ums-fahrzeug/autokatalog/marken-modelle/audi/a1/8x-facelift/245342/,Lichtsensor,Paket
AUDI,A,A1 8X (1. Facelift),2014,2018,Audi A1 1.0 TFSI ultra S tronic (02/15 - 04/18),ICE,https://www.adac.de/rund-ums-fahrzeug/autokatalog/marken-modelle/audi/a1/8x-facelift/245342/,Länge,3973 mm
AUDI,A,A1 8X (1. Facelift),2014,2018,Audi A1 1.0 TFSI ultra S tronic (02/15 - 04/18),ICE,https://www.adac.de/rund-ums-fahrzeug/autokatalog/marken-modelle/audi/a1/8x-facelift/245342/,Marke,Audi
AUDI,A,A1 8X (1. Facelift),2014,2018,Audi A1 1.0 TFSI ultra S tronic (02/15 - 04/18),ICE,https://www.adac.de/rund-ums-fahrzeug/autokatalog/marken-modelle/audi/a1/8x-facelift/245342/,Metallic-Lackierung,510 Euro
AUDI,A,A1 8X (1. Facelift),2014,2018,Audi A1 1.0 TFSI ultra S tronic (02/15 - 04/18),ICE,https://www.adac.de/rund-ums-fahrzeug/autokatalog/marken-modelle/audi/a1/8x-facelift/245342/,Modell,A1 1.0 TFSI ultra
AUDI,A,A1 8X (1. Facelift),2014,2018,Audi A1 1.0 TFSI ultra S tronic (02/15 - 04/18),ICE,https://www.adac.de/rund-ums-fahrzeug/autokatalog/marken-modelle/audi/a1/8x-facelift/245342/,Modellende,04/18
AUDI,A,A1 8X (1. Facelift),2014,2018,Audi A1 1.0 TFSI ultra S tronic (02/15 - 04/18),ICE,https://www.adac.de/rund-ums-fahrzeug/autokatalog/marken-modelle/audi/a1/8x-facelift/245342/,Modellstart,02/15
AUDI,A,A1 8X (1. Facelift),2014,2018,Audi A1 1.0 TFSI ultra S tronic (02/15 - 04/18),ICE,https://www.adac.de/rund-ums-fahrzeug/autokatalog/marken-modelle/audi/a1/8x-facelift/245342/,Motorart,Otto
AUDI,A,A1 8X (1. Facelift),2014,2018,Audi A1 1.0 TFSI ultra S tronic (02/15 - 04/18),ICE,https://www.adac.de/rund-ums-fahrzeug/autokatalog/marken-modelle/audi/a1/8x-facelift/245342/,Motorcode,DKL
AUDI,A,A1 8X (1. Facelift),2014,2018,Audi A1 1.0 TFSI ultra S tronic (02/15 - 04/18),ICE,https://www.adac.de/rund-ums-fahrzeug/autokatalog/marken-modelle/audi/a1/8x-facelift/245342/,Navigation,1160 Euro
AUDI,A,A1 8X (1. Facelift),2014,2018,Audi A1 1.0 TFSI ultra S tronic (02/15 - 04/18),ICE,https://www.adac.de/rund-ums-fahrzeug/autokatalog/marken-modelle/audi/a1/8x-facelift/245342/,Navigation - Bezeichnung,Farbdisplay
AUDI,A,A1 8X (1. Facelift),2014,2018,Audi A1 1.0 TFSI ultra S tronic (02/15 - 04/18),ICE,https://www.adac.de/rund-ums-fahrzeug/autokatalog/marken-modelle/audi/a1/8x-facelift/245342/,Nebelscheinwerfer,150 Euro
AUDI,A,A1 8X (1. Facelift),2014,2018,Audi A1 1.0 TFSI ultra S tronic (02/15 - 04/18),ICE,https://www.adac.de/rund-ums-fahrzeug/autokatalog/marken-modelle/audi/a1/8x-facelift/245342/,Nockenwellensteuerung,Zahnriemen
AUDI,A,A1 8X (1. Facelift),2014,2018,Audi A1 1.0 TFSI ultra S tronic (02/15 - 04/18),ICE,https://www.adac.de/rund-ums-fahrzeug/autokatalog/marken-modelle/audi/a1/8x-facelift/245342/,Radio,Serie
AUDI,A,A1 8X (1. Facelift),2014,2018,Audi A1 1.0 TFSI ultra S tronic (02/15 - 04/18),ICE,https://www.adac.de/rund-ums-fahrzeug/autokatalog/marken-modelle/audi/a1/8x-facelift/245342/,Radio - Bezeichnung,Audi Radio
AUDI,A,A1 8X (1. Facelift),2014,2018,Audi A1 1.0 TFSI ultra S tronic (02/15 - 04/18),ICE,https://www.adac.de/rund-ums-fahrzeug/autokatalog/marken-modelle/audi/a1/8x-facelift/245342/,Radstand,2469 mm
AUDI,A,A1 8X (1. Facelift),2014,2018,Audi A1 1.0 TFSI ultra S tronic (02/15 - 04/18),ICE,https://www.adac.de/rund-ums-fahrzeug/autokatalog/marken-modelle/audi/a1/8x-facelift/245342/,Regensensor,Paket
AUDI,A,A1 8X (1. Facelift),2014,2018,Audi A1 1.0 TFSI ultra S tronic (02/15 - 04/18),ICE,https://www.adac.de/rund-ums-fahrzeug/autokatalog/marken-modelle/audi/a1/8x-facelift/245342/,Reifendruckkontrolle,Serie
AUDI,A,A1 8X (1. Facelift),2014,2018,Audi A1 1.0 TFSI ultra S tronic (02/15 - 04/18),ICE,https://www.adac.de/rund-ums-fahrzeug/autokatalog/marken-modelle/audi/a1/8x-facelift/245342/,Reifendruckkontrolle - Bezeichnung,indirekte Messung (ABS)
AUDI,A,A1 8X (1. Facelift),2014,2018,Audi A1 1.0 TFSI ultra S tronic (02/15 - 04/18),ICE,https://www.adac.de/rund-ums-fahrzeug/autokatalog/marken-modelle/audi/a1/8x-facelift/245342/,Reifengröße,205/55R15
AUDI,A,A1 8X (1. Facelift),2014,2018,Audi A1 1.0 TFSI ultra S tronic (02/15 - 04/18),ICE,https://www.adac.de/rund-ums-fahrzeug/autokatalog/marken-modelle/audi/a1/8x-facelift/245342/,Runflat,Aufpreis
AUDI,A,A1 8X (1. Facelift),2014,2018,Audi A1 1.0 TFSI ultra S tronic (02/15 - 04/18),ICE,https://www.adac.de/rund-ums-fahrzeug/autokatalog/marken-modelle/audi/a1/8x-facelift/245342/,Rückrufdatum,März 2017
AUDI,A,A1 8X (1. Facelift),2014,2018,Audi A1 1.0 TFSI ultra S tronic (02/15 - 04/18),ICE,https://www.adac.de/rund-ums-fahrzeug/autokatalog/marken-modelle/audi/a1/8x-facelift/245342/,Rücksitzbank umklappbar,Serie
AUDI,A,A1 8X (1. Facelift),2014,2018,Audi A1 1.0 TFSI ultra S tronic (02/15 - 04/18),ICE,https://www.adac.de/rund-ums-fahrzeug/autokatalog/marken-modelle/audi/a1/8x-facelift/245342/,Schadstoffklasse,Euro 6b (NEFZ)
AUDI,A,A1 8X (1. Facelift),2014,2018,Audi A1 1.0 TFSI ultra S tronic (02/15 - 04/18),ICE,https://www.adac.de/rund-ums-fahrzeug/autokatalog/marken-modelle/audi/a1/8x-facelift/245342/,Seitenairbag vorne,Serie
AUDI,A,A1 8X (1. Facelift),2014,2018,Audi A1 1.0 TFSI ultra S tronic (02/15 - 04/18),ICE,https://www.adac.de/rund-ums-fahrzeug/autokatalog/marken-modelle/audi/a1/8x-facelift/245342/,Servolenkung,Serie
AUDI,A,A1 8X (1. Facelift),2014,2018,Audi A1 1.0 TFSI ultra S tronic (02/15 - 04/18),ICE,https://www.adac.de/rund-ums-fahrzeug/autokatalog/marken-modelle/audi/a1/8x-facelift/245342/,Sitzanzahl,4
AUDI,A,A1 8X (1. Facelift),2014,2018,Audi A1 1.0 TFSI ultra S tronic (02/15 - 04/18),ICE,https://www.adac.de/rund-ums-fahrzeug/autokatalog/marken-modelle/audi/a1/8x-facelift/245342/,Sitzanzahl maximal,5
AUDI,A,A1 8X (1. Facelift),2014,2018,Audi A1 1.0 TFSI ultra S tronic (02/15 - 04/18),ICE,https://www.adac.de/rund-ums-fahrzeug/autokatalog/marken-modelle/audi/a1/8x-facelift/245342/,Start-/Stopp-Automatik (Verbrennungsmotor),Serie
AUDI,A,A1 8X (1. Facelift),2014,2018,Audi A1 1.0 TFSI ultra S tronic (02/15 - 04/18),ICE,https://www.adac.de/rund-ums-fahrzeug/autokatalog/marken-modelle/audi/a1/8x-facelift/245342/,Stützlast,50 kg
AUDI,A,A1 8X (1. Facelift),2014,2018,Audi A1 1.0 TFSI ultra S tronic (02/15 - 04/18),ICE,https://www.adac.de/rund-ums-fahrzeug/autokatalog/marken-modelle/audi/a1/8x-facelift/245342/,Tankgröße,"45,0 l"
AUDI,A,A1 8X (1. Facelift),2014,2018,Audi A1 1.0 TFSI ultra S tronic (02/15 - 04/18),ICE,https://www.adac.de/rund-ums-fahrzeug/autokatalog/marken-modelle/audi/a1/8x-facelift/245342/,Teilkaskobeitrag 150 € SB,328 €
AUDI,A,A1 8X (1. Facelift),2014,2018,Audi A1 1.0 TFSI ultra S tronic (02/15 - 04/18),ICE,https://www.adac.de/rund-ums-fahrzeug/autokatalog/marken-modelle/audi/a1/8x-facelift/245342/,Typ,S tronic
AUDI,A,A1 8X (1. Facelift),2014,2018,Audi A1 1.0 TFSI ultra S tronic (02/15 - 04/18),ICE,https://www.adac.de/rund-ums-fahrzeug/autokatalog/marken-modelle/audi/a1/8x-facelift/245342/,Typklassen (KH/VK/TK),17/14/16
AUDI,A,A1 8X (1. Facelift),2014,2018,Audi A1 1.0 TFSI ultra S tronic (02/15 - 04/18),ICE,https://www.adac.de/rund-ums-fahrzeug/autokatalog/marken-modelle/audi/a1/8x-facelift/245342/,Türanzahl,3
AUDI,A,A1 8X (1. Facelift),2014,2018,Audi A1 1.0 TFSI ultra S tronic (02/15 - 04/18),ICE,https://www.adac.de/rund-ums-fahrzeug/autokatalog/marken-modelle/audi/a1/8x-facelift/245342/,Variante,keine Angaben
AUDI,A,A1 8X (1. Facelift),2014,2018,Audi A1 1.0 TFSI ultra S tronic (02/15 - 04/18),ICE,https://www.adac.de/rund-ums-fahrzeug/autokatalog/marken-modelle/audi/a1/8x-facelift/245342/,Verbrauch Außerorts (NEFZ),"3,8 l/100 km"
AUDI,A,A1 8X (1. Facelift),2014,2018,Audi A1 1.0 TFSI ultra S tronic (02/15 - 04/18),ICE,https://www.adac.de/rund-ums-fahrzeug/autokatalog/marken-modelle/audi/a1/8x-facelift/245342/,Verbrauch Gesamt (NEFZ),"4,4 l/100 km"
AUDI,A,A1 8X (1. Facelift),2014,2018,Audi A1 1.0 TFSI ultra S tronic (02/15 - 04/18),ICE,https://www.adac.de/rund-ums-fahrzeug/autokatalog/marken-modelle/audi/a1/8x-facelift/245342/,Verbrauch Innerorts (NEFZ),"5,4 l/100 km"
AUDI,A,A1 8X (1. Facelift),2014,2018,Audi A1 1.0 TFSI ultra S tronic (02/15 - 04/18),ICE,https://www.adac.de/rund-ums-fahrzeug/autokatalog/marken-modelle/audi/a1/8x-facelift/245342/,Vollkaskobetrag 100% 500 € SB,908 €
AUDI,A,A1 8X (1. Facelift),2014,2018,Audi A1 1.0 TFSI ultra S tronic (02/15 - 04/18),ICE,https://www.adac.de/rund-ums-fahrzeug/autokatalog/marken-modelle/audi/a1/8x-facelift/245342/,WLAN Hotspot,Paket
AUDI,A,A1 8X (1. Facelift),2014,2018,Audi A1 1.0 TFSI ultra S tronic (02/15 - 04/18),ICE,https://www.adac.de/rund-ums-fahrzeug/autokatalog/marken-modelle/audi/a1/8x-facelift/245342/,Wendekreis,"10,6 m"
AUDI,A,A1 8X (1. Facelift),2014,2018,Audi A1 1.0 TFSI ultra S tronic (02/15 - 04/18),ICE,https://www.adac.de/rund-ums-fahrzeug/autokatalog/marken-modelle/audi/a1/8x-facelift/245342/,Werkstattkosten,96 €
AUDI,A,A1 8X (1. Facelift),2014,2018,Audi A1 1.0 TFSI ultra S tronic (02/15 - 04/18),ICE,https://www.adac.de/rund-ums-fahrzeug/autokatalog/marken-modelle/audi/a1/8x-facelift/245342/,Wertverlust,50 €
AUDI,A,A1 8X (1. Facelift),2014,2018,Audi A1 1.0 TFSI ultra S tronic (02/15 - 04/18),ICE,https://www.adac.de/rund-ums-fahrzeug/autokatalog/marken-modelle/audi/a1/8x-facelift/245342/,Xenon-Scheinwerfer,900 Euro
AUDI,A,A1 8X (1. Facelift),2014,2018,Audi A1 1.0 TFSI ultra S tronic (02/15 - 04/18),ICE,https://www.adac.de/rund-ums-fahrzeug/autokatalog/marken-modelle/audi/a1/8x-facelift/245342/,Zentralverriegelung,Serie
AUDI,A,A1 8X (1. Facelift),2014,2018,Audi A1 1.0 TFSI ultra S tronic (02/15 - 04/18),ICE,https://www.adac.de/rund-ums-fahrzeug/autokatalog/marken-modelle/audi/a1/8x-facelift/245342/,Zul. Gesamtgewicht,1515 kg
AUDI,A,A1 8X (1. Facelift),2014,2018,Audi A1 1.0 TFSI ultra S tronic (02/15 - 04/18),ICE,https://www.adac.de/rund-ums-fahrzeug/autokatalog/marken-modelle/audi/a1/8x-facelift/245342/,Zuladung,375 kg
AUDI,A,A1 8X (1. Facelift),2014,2018,Audi A1 1.0 TFSI ultra S tronic (02/15 - 04/18),ICE,https://www.adac.de/rund-ums-fahrzeug/autokatalog/marken-modelle/audi/a1/8x-facelift/245342/,Zusätzliche Garantien,"Mobilitätsgarantie: 2 Jahre europaweit, erweiterbar auf lebenslang unter Einhaltung aller Inspektionen;"
AUDI,A,A1 8X (1. Facelift),2014,2018,Audi A1 1.0 TFSI ultra S tronic (02/15 - 04/18),ICE,https://www.adac.de/rund-ums-fahrzeug/autokatalog/marken-modelle/audi/a1/8x-facelift/245342/,Zusätzliche Information,"Zündpillen für Airbags und Gurtstraffer wurden nicht richtig befüllt und könnten daher beim Auslösen nicht richtig zünden, was die Verletzungsgefahr bei einem Unfall erhöht. Die betroffenen Airbags und Gurtstraffer werden ausgetauscht. Die Aktion ist für die Kunden kostenlos."
AUDI,A,A1 8X (1. Facelift),2014,2018,Audi A1 1.0 TFSI ultra design (02/16 - 02/18),ICE,https://www.adac.de/rund-ums-fahrzeug/autokatalog/marken-modelle/audi/a1/8x-facelift/252590/,2016,5.8
AUDI,A,A1 8X (1. Facelift),2014,2018,Audi A1 1.0 TFSI ultra design (02/16 - 02/18),ICE,https://www.adac.de/rund-ums-fahrzeug/autokatalog/marken-modelle/audi/a1/8x-facelift/252590/,2017,4.2
AUDI,A,A1 8X (1. Facelift),2014,2018,Audi A1 1.0 TFSI ultra design (02/16 - 02/18),ICE,https://www.adac.de/rund-ums-fahrzeug/autokatalog/marken-modelle/audi/a1/8x-facelift/252590/,2018,3.7
AUDI,A,A1 8X (1. Facelift),2014,2018,Audi A1 1.0 TFSI ultra design (02/16 - 02/18),ICE,https://www.adac.de/rund-ums-fahrzeug/autokatalog/marken-modelle/audi/a1/8x-facelift/252590/,2019,5
AUDI,A,A1 8X (1. Facelift),2014,2018,Audi A1 1.0 TFSI ultra design (02/16 - 02/18),ICE,https://www.adac.de/rund-ums-fahrzeug/autokatalog/marken-modelle/audi/a1/8x-facelift/252590/,2020,4.7
AUDI,A,A1 8X (1. Facelift),2014,2018,Audi A1 1.0 TFSI ultra design (02/16 - 02/18),ICE,https://www.adac.de/rund-ums-fahrzeug/autokatalog/marken-modelle/audi/a1/8x-facelift/252590/,2021,6.8
AUDI,A,A1 8X (1. Facelift),2014,2018,Audi A1 1.0 TFSI ultra design (02/16 - 02/18),ICE,https://www.adac.de/rund-ums-fahrzeug/autokatalog/marken-modelle/audi/a1/8x-facelift/252590/,2022,2.2
AUDI,A,A1 8X (1. Facelift),2014,2018,Audi A1 1.0 TFSI ultra design (02/16 - 02/18),ICE,https://www.adac.de/rund-ums-fahrzeug/autokatalog/marken-modelle/audi/a1/8x-facelift/252590/,2023,1.3
AUDI,A,A1 8X (1. Facelift),2014,2018,Audi A1 1.0 TFSI ultra design (02/16 - 02/18),ICE,https://www.adac.de/rund-ums-fahrzeug/autokatalog/marken-modelle/audi/a1/8x-facelift/252590/,3-Punkt-Gurt hinten Mitte,Paket
AUDI,A,A1 8X (1. Facelift),2014,2018,Audi A1 1.0 TFSI ultra design (02/16 - 02/18),ICE,https://www.adac.de/rund-ums-fahrzeug/autokatalog/marken-modelle/audi/a1/8x-facelift/252590/,3-Punkt-Gurt hinten Mitte - Bezeichnung,3-Punkt Gurt
AUDI,A,A1 8X (1. Facelift),2014,2018,Audi A1 1.0 TFSI ultra design (02/16 - 02/18),ICE,https://www.adac.de/rund-ums-fahrzeug/autokatalog/marken-modelle/audi/a1/8x-facelift/252590/,ABS,Serie
AUDI,A,A1 8X (1. Facelift),2014,2018,Audi A1 1.0 TFSI ultra design (02/16 - 02/18),ICE,https://www.adac.de/rund-ums-fahrzeug/autokatalog/marken-modelle/audi/a1/8x-facelift/252590/,Abgasreinigung (Verbrennungsmotor),geregelt
AUDI,A,A1 8X (1. Facelift),2014,2018,Audi A1 1.0 TFSI ultra design (02/16 - 02/18),ICE,https://www.adac.de/rund-ums-fahrzeug/autokatalog/marken-modelle/audi/a1/8x-facelift/252590/,Airbag Beifahrer,Serie
AUDI,A,A1 8X (1. Facelift),2014,2018,Audi A1 1.0 TFSI ultra design (02/16 - 02/18),ICE,https://www.adac.de/rund-ums-fahrzeug/autokatalog/marken-modelle/audi/a1/8x-facelift/252590/,Airbag Deaktivierung,40 Euro
AUDI,A,A1 8X (1. Facelift),2014,2018,Audi A1 1.0 TFSI ultra design (02/16 - 02/18),ICE,https://www.adac.de/rund-ums-fahrzeug/autokatalog/marken-modelle/audi/a1/8x-facelift/252590/,Airbag Deaktivierung - Bezeichnung,Schlüsselschalter
AUDI,A,A1 8X (1. Facelift),2014,2018,Audi A1 1.0 TFSI ultra design (02/16 - 02/18),ICE,https://www.adac.de/rund-ums-fahrzeug/autokatalog/marken-modelle/audi/a1/8x-facelift/252590/,Airbag Fahrer,Serie
AUDI,A,A1 8X (1. Facelift),2014,2018,Audi A1 1.0 TFSI ultra design (02/16 - 02/18),ICE,https://www.adac.de/rund-ums-fahrzeug/autokatalog/marken-modelle/audi/a1/8x-facelift/252590/,Aktive Kopfstützen,Serie
AUDI,A,A1 8X (1. Facelift),2014,2018,Audi A1 1.0 TFSI ultra design (02/16 - 02/18),ICE,https://www.adac.de/rund-ums-fahrzeug/autokatalog/marken-modelle/audi/a1/8x-facelift/252590/,Alufelgen,Serie
AUDI,A,A1 8X (1. Facelift),2014,2018,Audi A1 1.0 TFSI ultra design (02/16 - 02/18),ICE,https://www.adac.de/rund-ums-fahrzeug/autokatalog/marken-modelle/audi/a1/8x-facelift/252590/,Anhängelast gebremst 12%,1000 kg
AUDI,A,A1 8X (1. Facelift),2014,2018,Audi A1 1.0 TFSI ultra design (02/16 - 02/18),ICE,https://www.adac.de/rund-ums-fahrzeug/autokatalog/marken-modelle/audi/a1/8x-facelift/252590/,Anhängelast ungebremst,550 kg
AUDI,A,A1 8X (1. Facelift),2014,2018,Audi A1 1.0 TFSI ultra design (02/16 - 02/18),ICE,https://www.adac.de/rund-ums-fahrzeug/autokatalog/marken-modelle/audi/a1/8x-facelift/252590/,Anlass,Airbag- und Gurtstraffer-Zündgemisch
AUDI,A,A1 8X (1. Facelift),2014,2018,Audi A1 1.0 TFSI ultra design (02/16 - 02/18),ICE,https://www.adac.de/rund-ums-fahrzeug/autokatalog/marken-modelle/audi/a1/8x-facelift/252590/,Antriebsart,Vorderrad
AUDI,A,A1 8X (1. Facelift),2014,2018,Audi A1 1.0 TFSI ultra design (02/16 - 02/18),ICE,https://www.adac.de/rund-ums-fahrzeug/autokatalog/marken-modelle/audi/a1/8x-facelift/252590/,Antriebsschlupfregelung,Serie
AUDI,A,A1 8X (1. Facelift),2014,2018,Audi A1 1.0 TFSI ultra design (02/16 - 02/18),ICE,https://www.adac.de/rund-ums-fahrzeug/autokatalog/marken-modelle/audi/a1/8x-facelift/252590/,Antriebsschlupfregelung - Bezeichnung,Autom. Stabilitätskontrolle mit Traktion
AUDI,A,A1 8X (1. Facelift),2014,2018,Audi A1 1.0 TFSI ultra design (02/16 - 02/18),ICE,https://www.adac.de/rund-ums-fahrzeug/autokatalog/marken-modelle/audi/a1/8x-facelift/252590/,Anzahl Gänge,5
AUDI,A,A1 8X (1. Facelift),2014,2018,Audi A1 1.0 TFSI ultra design (02/16 - 02/18),ICE,https://www.adac.de/rund-ums-fahrzeug/autokatalog/marken-modelle/audi/a1/8x-facelift/252590/,Anzahl Ventile (Verbrennungsmotor),4
AUDI,A,A1 8X (1. Facelift),2014,2018,Audi A1 1.0 TFSI ultra design (02/16 - 02/18),ICE,https://www.adac.de/rund-ums-fahrzeug/autokatalog/marken-modelle/audi/a1/8x-facelift/252590/,Anzahl Zylinder (Verbrennungsmotor),3
AUDI,A,A1 8X (1. Facelift),2014,2018,Audi A1 1.0 TFSI ultra design (02/16 - 02/18),ICE,https://www.adac.de/rund-ums-fahrzeug/autokatalog/marken-modelle/audi/a1/8x-facelift/252590/,Anzahl betroffener Fahrzeuge,2.850 (Deutschland) 17.000 (weltweit)
AUDI,A,A1 8X (1. Facelift),2014,2018,Audi A1 1.0 TFSI ultra design (02/16 - 02/18),ICE,https://www.adac.de/rund-ums-fahrzeug/autokatalog/marken-modelle/audi/a1/8x-facelift/252590/,Aufladung (Verbrennungsmotor),Turbo
AUDI,A,A1 8X (1. Facelift),2014,2018,Audi A1 1.0 TFSI ultra design (02/16 - 02/18),ICE,https://www.adac.de/rund-ums-fahrzeug/autokatalog/marken-modelle/audi/a1/8x-facelift/252590/,Baureihe,A1 (8X) (11/14 - 04/18)
AUDI,A,A1 8X (1. Facelift),2014,2018,Audi A1 1.0 TFSI ultra design (02/16 - 02/18),ICE,https://www.adac.de/rund-ums-fahrzeug/autokatalog/marken-modelle/audi/a1/8x-facelift/252590/,Baureihenende,04/18
AUDI,A,A1 8X (1. Facelift),2014,2018,Audi A1 1.0 TFSI ultra design (02/16 - 02/18),ICE,https://www.adac.de/rund-ums-fahrzeug/autokatalog/marken-modelle/audi/a1/8x-facelift/252590/,Baureihenstart,11/14
AUDI,A,A1 8X (1. Facelift),2014,2018,Audi A1 1.0 TFSI ultra design (02/16 - 02/18),ICE,https://www.adac.de/rund-ums-fahrzeug/autokatalog/marken-modelle/audi/a1/8x-facelift/252590/,Bauzeitraum betroffener Fahrzeuge,2016
AUDI,A,A1 8X (1. Facelift),2014,2018,Audi A1 1.0 TFSI ultra design (02/16 - 02/18),ICE,https://www.adac.de/rund-ums-fahrzeug/autokatalog/marken-modelle/audi/a1/8x-facelift/252590/,Berganfahrassistent,60 Euro
AUDI,A,A1 8X (1. Facelift),2014,2018,Audi A1 1.0 TFSI ultra design (02/16 - 02/18),ICE,https://www.adac.de/rund-ums-fahrzeug/autokatalog/marken-modelle/audi/a1/8x-facelift/252590/,Beschleunigung 0-100km/h,"12,4 s"
AUDI,A,A1 8X (1. Facelift),2014,2018,Audi A1 1.0 TFSI ultra design (02/16 - 02/18),ICE,https://www.adac.de/rund-ums-fahrzeug/autokatalog/marken-modelle/audi/a1/8x-facelift/252590/,Betriebskosten,129 €
AUDI,A,A1 8X (1. Facelift),2014,2018,Audi A1 1.0 TFSI ultra design (02/16 - 02/18),ICE,https://www.adac.de/rund-ums-fahrzeug/autokatalog/marken-modelle/audi/a1/8x-facelift/252590/,Betroffene Modelle,"A1 Sportback 8X (11/14 - 04/18), A18X (11/14 - 04/18), A4 allroad B9 (03/16 - 08/18), A4 Avant B9 (10/15 - 08/18), A4 Limousine B9 (10/15 - 08/18), A5 Cabriolet 8F/8T (10/11 - 11/16), A5 Cabriolet F5 (11/16 - 08/19), A5 Coupé 8F/8T (10/11 - 07/16), A5 Coupé F5 (10/16 - 10/19), A5 Sportback 8F/8T (10/11 - 08/16), A5 Sportback F5 (10/16 - 10/19), A6 allroad C7 (10/14 - 05/18), A6 Avant C7 (10/14 - 05/18), A6 Limousine C7 (10/14 - 04/18), A7 Sportback 4G (08/14 - 12/17), A8D4 (10/13 - 10/17), Q58R (09/12 - 10/16), Q5FY (01/17 - 08/20), Q7 e-tron 4M (03/16 - 03/18), Q74M (06/15 - 06/19)"
AUDI,A,A1 8X (1. Facelift),2014,2018,Audi A1 1.0 TFSI ultra design (02/16 - 02/18),ICE,https://www.adac.de/rund-ums-fahrzeug/autokatalog/marken-modelle/audi/a1/8x-facelift/252590/,Breite,1740 mm
AUDI,A,A1 8X (1. Facelift),2014,2018,Audi A1 1.0 TFSI ultra design (02/16 - 02/18),ICE,https://www.adac.de/rund-ums-fahrzeug/autokatalog/marken-modelle/audi/a1/8x-facelift/252590/,Breite (inkl. Außenspiegel),1906 mm
AUDI,A,A1 8X (1. Facelift),2014,2018,Audi A1 1.0 TFSI ultra design (02/16 - 02/18),ICE,https://www.adac.de/rund-ums-fahrzeug/autokatalog/marken-modelle/audi/a1/8x-facelift/252590/,Bremsassistent,Serie
AUDI,A,A1 8X (1. Facelift),2014,2018,Audi A1 1.0 TFSI ultra design (02/16 - 02/18),ICE,https://www.adac.de/rund-ums-fahrzeug/autokatalog/marken-modelle/audi/a1/8x-facelift/252590/,Bremsassistent - Bezeichnung,Multikollisionsbremse
AUDI,A,A1 8X (1. Facelift),2014,2018,Audi A1 1.0 TFSI ultra design (02/16 - 02/18),ICE,https://www.adac.de/rund-ums-fahrzeug/autokatalog/marken-modelle/audi/a1/8x-facelift/252590/,Bremse hinten,Scheibe
AUDI,A,A1 8X (1. Facelift),2014,2018,Audi A1 1.0 TFSI ultra design (02/16 - 02/18),ICE,https://www.adac.de/rund-ums-fahrzeug/autokatalog/marken-modelle/audi/a1/8x-facelift/252590/,Bremse vorne,Scheibe
AUDI,A,A1 8X (1. Facelift),2014,2018,Audi A1 1.0 TFSI ultra design (02/16 - 02/18),ICE,https://www.adac.de/rund-ums-fahrzeug/autokatalog/marken-modelle/audi/a1/8x-facelift/252590/,Bremslicht dynamisch,Serie
AUDI,A,A1 8X (1. Facelift),2014,2018,Audi A1 1.0 TFSI ultra design (02/16 - 02/18),ICE,https://www.adac.de/rund-ums-fahrzeug/autokatalog/marken-modelle/audi/a1/8x-facelift/252590/,Bremslicht dynamisch - Bezeichnung,Flashing Brake Light und Aktivierung der Warnblinkanlage (kurz vor Stillstand)
AUDI,A,A1 8X (1. Facelift),2014,2018,Audi A1 1.0 TFSI ultra design (02/16 - 02/18),ICE,https://www.adac.de/rund-ums-fahrzeug/autokatalog/marken-modelle/audi/a1/8x-facelift/252590/,CO2-Effizienzklasse,A
AUDI,A,A1 8X (1. Facelift),2014,2018,Audi A1 1.0 TFSI ultra design (02/16 - 02/18),ICE,https://www.adac.de/rund-ums-fahrzeug/autokatalog/marken-modelle/audi/a1/8x-facelift/252590/,CO2-Wert (NEFZ),97 g/km
AUDI,A,A1 8X (1. Facelift),2014,2018,Audi A1 1.0 TFSI ultra design (02/16 - 02/18),ICE,https://www.adac.de/rund-ums-fahrzeug/autokatalog/marken-modelle/audi/a1/8x-facelift/252590/,Dachlast,75 kg
AUDI,A,A1 8X (1. Facelift),2014,2018,Audi A1 1.0 TFSI ultra design (02/16 - 02/18),ICE,https://www.adac.de/rund-ums-fahrzeug/autokatalog/marken-modelle/audi/a1/8x-facelift/252590/,Dauer,je nach Aufwand unterschiedlich
AUDI,A,A1 8X (1. Facelift),2014,2018,Audi A1 1.0 TFSI ultra design (02/16 - 02/18),ICE,https://www.adac.de/rund-ums-fahrzeug/autokatalog/marken-modelle/audi/a1/8x-facelift/252590/,Digitaler Radioempfang (DAB),300 Euro
AUDI,A,A1 8X (1. Facelift),2014,2018,Audi A1 1.0 TFSI ultra design (02/16 - 02/18),ICE,https://www.adac.de/rund-ums-fahrzeug/autokatalog/marken-modelle/audi/a1/8x-facelift/252590/,Drehmoment (Systemleistung),160 Nm
AUDI,A,A1 8X (1. Facelift),2014,2018,Audi A1 1.0 TFSI ultra design (02/16 - 02/18),ICE,https://www.adac.de/rund-ums-fahrzeug/autokatalog/marken-modelle/audi/a1/8x-facelift/252590/,Drehmoment maximal bei U/min. (Verbrennungsmotor),1500 U/min
AUDI,A,A1 8X (1. Facelift),2014,2018,Audi A1 1.0 TFSI ultra design (02/16 - 02/18),ICE,https://www.adac.de/rund-ums-fahrzeug/autokatalog/marken-modelle/audi/a1/8x-facelift/252590/,Durchrostung,12 Jahre
AUDI,A,A1 8X (1. Facelift),2014,2018,Audi A1 1.0 TFSI ultra design (02/16 - 02/18),ICE,https://www.adac.de/rund-ums-fahrzeug/autokatalog/marken-modelle/audi/a1/8x-facelift/252590/,Einbauposition / Motorbauart (Verbrennungsmotor),Frontmotor / Reihe
AUDI,A,A1 8X (1. Facelift),2014,2018,Audi A1 1.0 TFSI ultra design (02/16 - 02/18),ICE,https://www.adac.de/rund-ums-fahrzeug/autokatalog/marken-modelle/audi/a1/8x-facelift/252590/,Einparkhilfe,350 Euro
AUDI,A,A1 8X (1. Facelift),2014,2018,Audi A1 1.0 TFSI ultra design (02/16 - 02/18),ICE,https://www.adac.de/rund-ums-fahrzeug/autokatalog/marken-modelle/audi/a1/8x-facelift/252590/,Einparkhilfe - Bezeichnung,hinten
AUDI,A,A1 8X (1. Facelift),2014,2018,Audi A1 1.0 TFSI ultra design (02/16 - 02/18),ICE,https://www.adac.de/rund-ums-fahrzeug/autokatalog/marken-modelle/audi/a1/8x-facelift/252590/,Fahrdynamikregelung,Serie
AUDI,A,A1 8X (1. Facelift),2014,2018,Audi A1 1.0 TFSI ultra design (02/16 - 02/18),ICE,https://www.adac.de/rund-ums-fahrzeug/autokatalog/marken-modelle/audi/a1/8x-facelift/252590/,Fahrdynamikregelung - Bezeichnung,Elektronisches Stabilitätsprogramm
AUDI,A,A1 8X (1. Facelift),2014,2018,Audi A1 1.0 TFSI ultra design (02/16 - 02/18),ICE,https://www.adac.de/rund-ums-fahrzeug/autokatalog/marken-modelle/audi/a1/8x-facelift/252590/,Fahrgeräusch,69 dB
AUDI,A,A1 8X (1. Facelift),2014,2018,Audi A1 1.0 TFSI ultra design (02/16 - 02/18),ICE,https://www.adac.de/rund-ums-fahrzeug/autokatalog/marken-modelle/audi/a1/8x-facelift/252590/,Fahrzeugklasse,Kleinwagen (z.B. Polo)
AUDI,A,A1 8X (1. Facelift),2014,2018,Audi A1 1.0 TFSI ultra design (02/16 - 02/18),ICE,https://www.adac.de/rund-ums-fahrzeug/autokatalog/marken-modelle/audi/a1/8x-facelift/252590/,Federung hinten,Schraube
AUDI,A,A1 8X (1. Facelift),2014,2018,Audi A1 1.0 TFSI ultra design (02/16 - 02/18),ICE,https://www.adac.de/rund-ums-fahrzeug/autokatalog/marken-modelle/audi/a1/8x-facelift/252590/,Federung vorne,Schraube
AUDI,A,A1 8X (1. Facelift),2014,2018,Audi A1 1.0 TFSI ultra design (02/16 - 02/18),ICE,https://www.adac.de/rund-ums-fahrzeug/autokatalog/marken-modelle/audi/a1/8x-facelift/252590/,Fensterheber elektr. vorne,Serie
AUDI,A,A1 8X (1. Facelift),2014,2018,Audi A1 1.0 TFSI ultra design (02/16 - 02/18),ICE,https://www.adac.de/rund-ums-fahrzeug/autokatalog/marken-modelle/audi/a1/8x-facelift/252590/,Fernlichtassistent,135 Euro
AUDI,A,A1 8X (1. Facelift),2014,2018,Audi A1 1.0 TFSI ultra design (02/16 - 02/18),ICE,https://www.adac.de/rund-ums-fahrzeug/autokatalog/marken-modelle/audi/a1/8x-facelift/252590/,Fixkosten,111 €
AUDI,A,A1 8X (1. Facelift),2014,2018,Audi A1 1.0 TFSI ultra design (02/16 - 02/18),ICE,https://www.adac.de/rund-ums-fahrzeug/autokatalog/marken-modelle/audi/a1/8x-facelift/252590/,Freisprecheinrichtung,300 Euro
AUDI,A,A1 8X (1. Facelift),2014,2018,Audi A1 1.0 TFSI ultra design (02/16 - 02/18),ICE,https://www.adac.de/rund-ums-fahrzeug/autokatalog/marken-modelle/audi/a1/8x-facelift/252590/,Garantie (Fahrzeug),2 Jahre
AUDI,A,A1 8X (1. Facelift),2014,2018,Audi A1 1.0 TFSI ultra design (02/16 - 02/18),ICE,https://www.adac.de/rund-ums-fahrzeug/autokatalog/marken-modelle/audi/a1/8x-facelift/252590/,Gemischaufbereitung (Verbrennungsmotor),Direkteinspritzung
AUDI,A,A1 8X (1. Facelift),2014,2018,Audi A1 1.0 TFSI ultra design (02/16 - 02/18),ICE,https://www.adac.de/rund-ums-fahrzeug/autokatalog/marken-modelle/audi/a1/8x-facelift/252590/,Getriebeart,Schaltgetriebe
AUDI,A,A1 8X (1. Facelift),2014,2018,Audi A1 1.0 TFSI ultra design (02/16 - 02/18),ICE,https://www.adac.de/rund-ums-fahrzeug/autokatalog/marken-modelle/audi/a1/8x-facelift/252590/,Grundpreis,17750 Euro
AUDI,A,A1 8X (1. Facelift),2014,2018,Audi A1 1.0 TFSI ultra design (02/16 - 02/18),ICE,https://www.adac.de/rund-ums-fahrzeug/autokatalog/marken-modelle/audi/a1/8x-facelift/252590/,HSN/TSN Schlüsselnummern,0588/BHL
AUDI,A,A1 8X (1. Facelift),2014,2018,Audi A1 1.0 TFSI ultra design (02/16 - 02/18),ICE,https://www.adac.de/rund-ums-fahrzeug/autokatalog/marken-modelle/audi/a1/8x-facelift/252590/,Haftpflichtbeitrag 100%,1.320 €
AUDI,A,A1 8X (1. Facelift),2014,2018,Audi A1 1.0 TFSI ultra design (02/16 - 02/18),ICE,https://www.adac.de/rund-ums-fahrzeug/autokatalog/marken-modelle/audi/a1/8x-facelift/252590/,Halterbenachrichtigung durch,Anschreiben durch Hersteller
AUDI,A,A1 8X (1. Facelift),2014,2018,Audi A1 1.0 TFSI ultra design (02/16 - 02/18),ICE,https://www.adac.de/rund-ums-fahrzeug/autokatalog/marken-modelle/audi/a1/8x-facelift/252590/,Herstellerinterne Baureihenbezeichnung,8X
AUDI,A,A1 8X (1. Facelift),2014,2018,Audi A1 1.0 TFSI ultra design (02/16 - 02/18),ICE,https://www.adac.de/rund-ums-fahrzeug/autokatalog/marken-modelle/audi/a1/8x-facelift/252590/,Hubraum (Verbrennungsmotor),999 ccm
AUDI,A,A1 8X (1. Facelift),2014,2018,Audi A1 1.0 TFSI ultra design (02/16 - 02/18),ICE,https://www.adac.de/rund-ums-fahrzeug/autokatalog/marken-modelle/audi/a1/8x-facelift/252590/,Höchstgeschwindigkeit,177 km/h
AUDI,A,A1 8X (1. Facelift),2014,2018,Audi A1 1.0 TFSI ultra design (02/16 - 02/18),ICE,https://www.adac.de/rund-ums-fahrzeug/autokatalog/marken-modelle/audi/a1/8x-facelift/252590/,Höhe,1416 mm
AUDI,A,A1 8X (1. Facelift),2014,2018,Audi A1 1.0 TFSI ultra design (02/16 - 02/18),ICE,https://www.adac.de/rund-ums-fahrzeug/autokatalog/marken-modelle/audi/a1/8x-facelift/252590/,Isofix,Serie
AUDI,A,A1 8X (1. Facelift),2014,2018,Audi A1 1.0 TFSI ultra design (02/16 - 02/18),ICE,https://www.adac.de/rund-ums-fahrzeug/autokatalog/marken-modelle/audi/a1/8x-facelift/252590/,Isofix - Bezeichnung,Nur hinten mit Top-Tether
AUDI,A,A1 8X (1. Facelift),2014,2018,Audi A1 1.0 TFSI ultra design (02/16 - 02/18),ICE,https://www.adac.de/rund-ums-fahrzeug/autokatalog/marken-modelle/audi/a1/8x-facelift/252590/,Jahr der Zulassung des betroffenen Fahrzeugs,Pannen pro 1000 Fahrzeuge
AUDI,A,A1 8X (1. Facelift),2014,2018,Audi A1 1.0 TFSI ultra design (02/16 - 02/18),ICE,https://www.adac.de/rund-ums-fahrzeug/autokatalog/marken-modelle/audi/a1/8x-facelift/252590/,KFZ-Steuer ohne Befreiung/Jahr (kann durch WLTP abweichen),24 Euro
AUDI,A,A1 8X (1. Facelift),2014,2018,Audi A1 1.0 TFSI ultra design (02/16 - 02/18),ICE,https://www.adac.de/rund-ums-fahrzeug/autokatalog/marken-modelle/audi/a1/8x-facelift/252590/,KFZ-Steuer pro Jahr ohne Steuerbefreiung,24 €
AUDI,A,A1 8X (1. Facelift),2014,2018,Audi A1 1.0 TFSI ultra design (02/16 - 02/18),ICE,https://www.adac.de/rund-ums-fahrzeug/autokatalog/marken-modelle/audi/a1/8x-facelift/252590/,Karosserie,Schrägheck
AUDI,A,A1 8X (1. Facelift),2014,2018,Audi A1 1.0 TFSI ultra design (02/16 - 02/18),ICE,https://www.adac.de/rund-ums-fahrzeug/autokatalog/marken-modelle/audi/a1/8x-facelift/252590/,Klassenübliche Ausstattung nach ADAC-Vorgabe,2410 Euro
AUDI,A,A1 8X (1. Facelift),2014,2018,Audi A1 1.0 TFSI ultra design (02/16 - 02/18),ICE,https://www.adac.de/rund-ums-fahrzeug/autokatalog/marken-modelle/audi/a1/8x-facelift/252590/,Klimaanlage,900 Euro
AUDI,A,A1 8X (1. Facelift),2014,2018,Audi A1 1.0 TFSI ultra design (02/16 - 02/18),ICE,https://www.adac.de/rund-ums-fahrzeug/autokatalog/marken-modelle/audi/a1/8x-facelift/252590/,Kofferraumvolumen dachhoch mit umgeklappter Rücksitzbank,920 l
AUDI,A,A1 8X (1. Facelift),2014,2018,Audi A1 1.0 TFSI ultra design (02/16 - 02/18),ICE,https://www.adac.de/rund-ums-fahrzeug/autokatalog/marken-modelle/audi/a1/8x-facelift/252590/,Kofferraumvolumen normal,270 l
AUDI,A,A1 8X (1. Facelift),2014,2018,Audi A1 1.0 TFSI ultra design (02/16 - 02/18),ICE,https://www.adac.de/rund-ums-fahrzeug/autokatalog/marken-modelle/audi/a1/8x-facelift/252590/,Kopfairbag hinten,Serie
AUDI,A,A1 8X (1. Facelift),2014,2018,Audi A1 1.0 TFSI ultra design (02/16 - 02/18),ICE,https://www.adac.de/rund-ums-fahrzeug/autokatalog/marken-modelle/audi/a1/8x-facelift/252590/,Kopfairbag hinten - Bezeichnung,Windowbag
AUDI,A,A1 8X (1. Facelift),2014,2018,Audi A1 1.0 TFSI ultra design (02/16 - 02/18),ICE,https://www.adac.de/rund-ums-fahrzeug/autokatalog/marken-modelle/audi/a1/8x-facelift/252590/,Kopfairbag vorne,Serie
AUDI,A,A1 8X (1. Facelift),2014,2018,Audi A1 1.0 TFSI ultra design (02/16 - 02/18),ICE,https://www.adac.de/rund-ums-fahrzeug/autokatalog/marken-modelle/audi/a1/8x-facelift/252590/,Kopfairbag vorne - Bezeichnung,Windowbag
AUDI,A,A1 8X (1. Facelift),2014,2018,Audi A1 1.0 TFSI ultra design (02/16 - 02/18),ICE,https://www.adac.de/rund-ums-fahrzeug/autokatalog/marken-modelle/audi/a1/8x-facelift/252590/,Kopfstütze hinten Mitte,Paket
AUDI,A,A1 8X (1. Facelift),2014,2018,Audi A1 1.0 TFSI ultra design (02/16 - 02/18),ICE,https://www.adac.de/rund-ums-fahrzeug/autokatalog/marken-modelle/audi/a1/8x-facelift/252590/,Kopfstützen hinten,Serie
AUDI,A,A1 8X (1. Facelift),2014,2018,Audi A1 1.0 TFSI ultra design (02/16 - 02/18),ICE,https://www.adac.de/rund-ums-fahrzeug/autokatalog/marken-modelle/audi/a1/8x-facelift/252590/,Kraftstoffart,Super
AUDI,A,A1 8X (1. Facelift),2014,2018,Audi A1 1.0 TFSI ultra design (02/16 - 02/18),ICE,https://www.adac.de/rund-ums-fahrzeug/autokatalog/marken-modelle/audi/a1/8x-facelift/252590/,Lackgarantie,3 Jahre
AUDI,A,A1 8X (1. Facelift),2014,2018,Audi A1 1.0 TFSI ultra design (02/16 - 02/18),ICE,https://www.adac.de/rund-ums-fahrzeug/autokatalog/marken-modelle/audi/a1/8x-facelift/252590/,Lederausstattung,1200 Euro
AUDI,A,A1 8X (1. Facelift),2014,2018,Audi A1 1.0 TFSI ultra design (02/16 - 02/18),ICE,https://www.adac.de/rund-ums-fahrzeug/autokatalog/marken-modelle/audi/a1/8x-facelift/252590/,Leergewicht (EU),1110 kg
AUDI,A,A1 8X (1. Facelift),2014,2018,Audi A1 1.0 TFSI ultra design (02/16 - 02/18),ICE,https://www.adac.de/rund-ums-fahrzeug/autokatalog/marken-modelle/audi/a1/8x-facelift/252590/,Leistung / Drehmoment (Verbrennungsmotor),60 kW (82 PS) / 160 Nm
AUDI,A,A1 8X (1. Facelift),2014,2018,Audi A1 1.0 TFSI ultra design (02/16 - 02/18),ICE,https://www.adac.de/rund-ums-fahrzeug/autokatalog/marken-modelle/audi/a1/8x-facelift/252590/,Leistung maximal bei U/min. (Verbrennungsmotor),3500 U/min
AUDI,A,A1 8X (1. Facelift),2014,2018,Audi A1 1.0 TFSI ultra design (02/16 - 02/18),ICE,https://www.adac.de/rund-ums-fahrzeug/autokatalog/marken-modelle/audi/a1/8x-facelift/252590/,Leistung maximal in PS (Systemleistung),82
AUDI,A,A1 8X (1. Facelift),2014,2018,Audi A1 1.0 TFSI ultra design (02/16 - 02/18),ICE,https://www.adac.de/rund-ums-fahrzeug/autokatalog/marken-modelle/audi/a1/8x-facelift/252590/,Leistung maximal in kW (Systemleistung),60
AUDI,A,A1 8X (1. Facelift),2014,2018,Audi A1 1.0 TFSI ultra design (02/16 - 02/18),ICE,https://www.adac.de/rund-ums-fahrzeug/autokatalog/marken-modelle/audi/a1/8x-facelift/252590/,Lichtsensor,Paket
AUDI,A,A1 8X (1. Facelift),2014,2018,Audi A1 1.0 TFSI ultra design (02/16 - 02/18),ICE,https://www.adac.de/rund-ums-fahrzeug/autokatalog/marken-modelle/audi/a1/8x-facelift/252590/,Länge,3973 mm
AUDI,A,A1 8X (1. Facelift),2014,2018,Audi A1 1.0 TFSI ultra design (02/16 - 02/18),ICE,https://www.adac.de/rund-ums-fahrzeug/autokatalog/marken-modelle/audi/a1/8x-facelift/252590/,Marke,Audi
AUDI,A,A1 8X (1. Facelift),2014,2018,Audi A1 1.0 TFSI ultra design (02/16 - 02/18),ICE,https://www.adac.de/rund-ums-fahrzeug/autokatalog/marken-modelle/audi/a1/8x-facelift/252590/,Metallic-Lackierung,500 Euro
AUDI,A,A1 8X (1. Facelift),2014,2018,Audi A1 1.0 TFSI ultra design (02/16 - 02/18),ICE,https://www.adac.de/rund-ums-fahrzeug/autokatalog/marken-modelle/audi/a1/8x-facelift/252590/,Modell,A1 1.0 TFSI ultra
AUDI,A,A1 8X (1. Facelift),2014,2018,Audi A1 1.0 TFSI ultra design (02/16 - 02/18),ICE,https://www.adac.de/rund-ums-fahrzeug/autokatalog/marken-modelle/audi/a1/8x-facelift/252590/,Modellende,02/18
AUDI,A,A1 8X (1. Facelift),2014,2018,Audi A1 1.0 TFSI ultra design (02/16 - 02/18),ICE,https://www.adac.de/rund-ums-fahrzeug/autokatalog/marken-modelle/audi/a1/8x-facelift/252590/,Modellstart,02/16
AUDI,A,A1 8X (1. Facelift),2014,2018,Audi A1 1.0 TFSI ultra design (02/16 - 02/18),ICE,https://www.adac.de/rund-ums-fahrzeug/autokatalog/marken-modelle/audi/a1/8x-facelift/252590/,Motorart,Otto
AUDI,A,A1 8X (1. Facelift),2014,2018,Audi A1 1.0 TFSI ultra design (02/16 - 02/18),ICE,https://www.adac.de/rund-ums-fahrzeug/autokatalog/marken-modelle/audi/a1/8x-facelift/252590/,Motorcode,CHZ
AUDI,A,A1 8X (1. Facelift),2014,2018,Audi A1 1.0 TFSI ultra design (02/16 - 02/18),ICE,https://www.adac.de/rund-ums-fahrzeug/autokatalog/marken-modelle/audi/a1/8x-facelift/252590/,Navigation,1160 Euro
AUDI,A,A1 8X (1. Facelift),2014,2018,Audi A1 1.0 TFSI ultra design (02/16 - 02/18),ICE,https://www.adac.de/rund-ums-fahrzeug/autokatalog/marken-modelle/audi/a1/8x-facelift/252590/,Navigation - Bezeichnung,Farbdisplay
AUDI,A,A1 8X (1. Facelift),2014,2018,Audi A1 1.0 TFSI ultra design (02/16 - 02/18),ICE,https://www.adac.de/rund-ums-fahrzeug/autokatalog/marken-modelle/audi/a1/8x-facelift/252590/,Nebelscheinwerfer,Serie
AUDI,A,A1 8X (1. Facelift),2014,2018,Audi A1 1.0 TFSI ultra design (02/16 - 02/18),ICE,https://www.adac.de/rund-ums-fahrzeug/autokatalog/marken-modelle/audi/a1/8x-facelift/252590/,Nockenwellensteuerung,Zahnriemen
AUDI,A,A1 8X (1. Facelift),2014,2018,Audi A1 1.0 TFSI ultra design (02/16 - 02/18),ICE,https://www.adac.de/rund-ums-fahrzeug/autokatalog/marken-modelle/audi/a1/8x-facelift/252590/,Radio,Serie
AUDI,A,A1 8X (1. Facelift),2014,2018,Audi A1 1.0 TFSI ultra design (02/16 - 02/18),ICE,https://www.adac.de/rund-ums-fahrzeug/autokatalog/marken-modelle/audi/a1/8x-facelift/252590/,Radio - Bezeichnung,Audi Radio
AUDI,A,A1 8X (1. Facelift),2014,2018,Audi A1 1.0 TFSI ultra design (02/16 - 02/18),ICE,https://www.adac.de/rund-ums-fahrzeug/autokatalog/marken-modelle/audi/a1/8x-facelift/252590/,Radstand,2469 mm
AUDI,A,A1 8X (1. Facelift),2014,2018,Audi A1 1.0 TFSI ultra design (02/16 - 02/18),ICE,https://www.adac.de/rund-ums-fahrzeug/autokatalog/marken-modelle/audi/a1/8x-facelift/252590/,Regensensor,Paket
AUDI,A,A1 8X (1. Facelift),2014,2018,Audi A1 1.0 TFSI ultra design (02/16 - 02/18),ICE,https://www.adac.de/rund-ums-fahrzeug/autokatalog/marken-modelle/audi/a1/8x-facelift/252590/,Reifendruckkontrolle,Serie
AUDI,A,A1 8X (1. Facelift),2014,2018,Audi A1 1.0 TFSI ultra design (02/16 - 02/18),ICE,https://www.adac.de/rund-ums-fahrzeug/autokatalog/marken-modelle/audi/a1/8x-facelift/252590/,Reifendruckkontrolle - Bezeichnung,indirekte Messung (ABS)
AUDI,A,A1 8X (1. Facelift),2014,2018,Audi A1 1.0 TFSI ultra design (02/16 - 02/18),ICE,https://www.adac.de/rund-ums-fahrzeug/autokatalog/marken-modelle/audi/a1/8x-facelift/252590/,Reifengröße,185/60R15
AUDI,A,A1 8X (1. Facelift),2014,2018,Audi A1 1.0 TFSI ultra design (02/16 - 02/18),ICE,https://www.adac.de/rund-ums-fahrzeug/autokatalog/marken-modelle/audi/a1/8x-facelift/252590/,Runflat,Aufpreis
AUDI,A,A1 8X (1. Facelift),2014,2018,Audi A1 1.0 TFSI ultra design (02/16 - 02/18),ICE,https://www.adac.de/rund-ums-fahrzeug/autokatalog/marken-modelle/audi/a1/8x-facelift/252590/,Rückrufdatum,März 2017
AUDI,A,A1 8X (1. Facelift),2014,2018,Audi A1 1.0 TFSI ultra design (02/16 - 02/18),ICE,https://www.adac.de/rund-ums-fahrzeug/autokatalog/marken-modelle/audi/a1/8x-facelift/252590/,Rücksitzbank umklappbar,Serie
AUDI,A,A1 8X (1. Facelift),2014,2018,Audi A1 1.0 TFSI ultra design (02/16 - 02/18),ICE,https://www.adac.de/rund-ums-fahrzeug/autokatalog/marken-modelle/audi/a1/8x-facelift/252590/,Schadstoffklasse,Euro 6b (NEFZ)
AUDI,A,A1 8X (1. Facelift),2014,2018,Audi A1 1.0 TFSI ultra design (02/16 - 02/18),ICE,https://www.adac.de/rund-ums-fahrzeug/autokatalog/marken-modelle/audi/a1/8x-facelift/252590/,Schaltpunktanzeige,Serie
AUDI,A,A1 8X (1. Facelift),2014,2018,Audi A1 1.0 TFSI ultra design (02/16 - 02/18),ICE,https://www.adac.de/rund-ums-fahrzeug/autokatalog/marken-modelle/audi/a1/8x-facelift/252590/,Seitenairbag vorne,Serie
AUDI,A,A1 8X (1. Facelift),2014,2018,Audi A1 1.0 TFSI ultra design (02/16 - 02/18),ICE,https://www.adac.de/rund-ums-fahrzeug/autokatalog/marken-modelle/audi/a1/8x-facelift/252590/,Servolenkung,Serie
AUDI,A,A1 8X (1. Facelift),2014,2018,Audi A1 1.0 TFSI ultra design (02/16 - 02/18),ICE,https://www.adac.de/rund-ums-fahrzeug/autokatalog/marken-modelle/audi/a1/8x-facelift/252590/,Sitzanzahl,4
AUDI,A,A1 8X (1. Facelift),2014,2018,Audi A1 1.0 TFSI ultra design (02/16 - 02/18),ICE,https://www.adac.de/rund-ums-fahrzeug/autokatalog/marken-modelle/audi/a1/8x-facelift/252590/,Sitzanzahl maximal,5
AUDI,A,A1 8X (1. Facelift),2014,2018,Audi A1 1.0 TFSI ultra design (02/16 - 02/18),ICE,https://www.adac.de/rund-ums-fahrzeug/autokatalog/marken-modelle/audi/a1/8x-facelift/252590/,Start-/Stopp-Automatik (Verbrennungsmotor),Serie
AUDI,A,A1 8X (1. Facelift),2014,2018,Audi A1 1.0 TFSI ultra design (02/16 - 02/18),ICE,https://www.adac.de/rund-ums-fahrzeug/autokatalog/marken-modelle/audi/a1/8x-facelift/252590/,Stützlast,50 kg
AUDI,A,A1 8X (1. Facelift),2014,2018,Audi A1 1.0 TFSI ultra design (02/16 - 02/18),ICE,https://www.adac.de/rund-ums-fahrzeug/autokatalog/marken-modelle/audi/a1/8x-facelift/252590/,Tankgröße,"45,0 l"
AUDI,A,A1 8X (1. Facelift),2014,2018,Audi A1 1.0 TFSI ultra design (02/16 - 02/18),ICE,https://www.adac.de/rund-ums-fahrzeug/autokatalog/marken-modelle/audi/a1/8x-facelift/252590/,Teilkaskobeitrag 150 € SB,328 €
AUDI,A,A1 8X (1. Facelift),2014,2018,Audi A1 1.0 TFSI ultra design (02/16 - 02/18),ICE,https://www.adac.de/rund-ums-fahrzeug/autokatalog/marken-modelle/audi/a1/8x-facelift/252590/,Typ,design
AUDI,A,A1 8X (1. Facelift),2014,2018,Audi A1 1.0 TFSI ultra design (02/16 - 02/18),ICE,https://www.adac.de/rund-ums-fahrzeug/autokatalog/marken-modelle/audi/a1/8x-facelift/252590/,Typklassen (KH/VK/TK),17/14/16
AUDI,A,A1 8X (1. Facelift),2014,2018,Audi A1 1.0 TFSI ultra design (02/16 - 02/18),ICE,https://www.adac.de/rund-ums-fahrzeug/autokatalog/marken-modelle/audi/a1/8x-facelift/252590/,Türanzahl,3
AUDI,A,A1 8X (1. Facelift),2014,2018,Audi A1 1.0 TFSI ultra design (02/16 - 02/18),ICE,https://www.adac.de/rund-ums-fahrzeug/autokatalog/marken-modelle/audi/a1/8x-facelift/252590/,Variante,keine Angaben
AUDI,A,A1 8X (1. Facelift),2014,2018,Audi A1 1.0 TFSI ultra design (02/16 - 02/18),ICE,https://www.adac.de/rund-ums-fahrzeug/autokatalog/marken-modelle/audi/a1/8x-facelift/252590/,Verbrauch Außerorts (NEFZ),"3,7 l/100 km"
AUDI,A,A1 8X (1. Facelift),2014,2018,Audi A1 1.0 TFSI ultra design (02/16 - 02/18),ICE,https://www.adac.de/rund-ums-fahrzeug/autokatalog/marken-modelle/audi/a1/8x-facelift/252590/,Verbrauch Gesamt (NEFZ),"4,2 l/100 km"
AUDI,A,A1 8X (1. Facelift),2014,2018,Audi A1 1.0 TFSI ultra design (02/16 - 02/18),ICE,https://www.adac.de/rund-ums-fahrzeug/autokatalog/marken-modelle/audi/a1/8x-facelift/252590/,Verbrauch Innerorts (NEFZ),"5,0 l/100 km"
AUDI,A,A1 8X (1. Facelift),2014,2018,Audi A1 1.0 TFSI ultra design (02/16 - 02/18),ICE,https://www.adac.de/rund-ums-fahrzeug/autokatalog/marken-modelle/audi/a1/8x-facelift/252590/,Vollkaskobetrag 100% 500 € SB,908 €
AUDI,A,A1 8X (1. Facelift),2014,2018,Audi A1 1.0 TFSI ultra design (02/16 - 02/18),ICE,https://www.adac.de/rund-ums-fahrzeug/autokatalog/marken-modelle/audi/a1/8x-facelift/252590/,WLAN Hotspot,Paket
AUDI,A,A1 8X (1. Facelift),2014,2018,Audi A1 1.0 TFSI ultra design (02/16 - 02/18),ICE,https://www.adac.de/rund-ums-fahrzeug/autokatalog/marken-modelle/audi/a1/8x-facelift/252590/,Wendekreis,"10,6 m"
AUDI,A,A1 8X (1. Facelift),2014,2018,Audi A1 1.0 TFSI ultra design (02/16 - 02/18),ICE,https://www.adac.de/rund-ums-fahrzeug/autokatalog/marken-modelle/audi/a1/8x-facelift/252590/,Werkstattkosten,91 €
AUDI,A,A1 8X (1. Facelift),2014,2018,Audi A1 1.0 TFSI ultra design (02/16 - 02/18),ICE,https://www.adac.de/rund-ums-fahrzeug/autokatalog/marken-modelle/audi/a1/8x-facelift/252590/,Wertverlust,46 €
AUDI,A,A1 8X (1. Facelift),2014,2018,Audi A1 1.0 TFSI ultra design (02/16 - 02/18),ICE,https://www.adac.de/rund-ums-fahrzeug/autokatalog/marken-modelle/audi/a1/8x-facelift/252590/,Xenon-Scheinwerfer,650 Euro
AUDI,A,A1 8X (1. Facelift),2014,2018,Audi A1 1.0 TFSI ultra design (02/16 - 02/18),ICE,https://www.adac.de/rund-ums-fahrzeug/autokatalog/marken-modelle/audi/a1/8x-facelift/252590/,Zentralverriegelung,Serie
AUDI,A,A1 8X (1. Facelift),2014,2018,Audi A1 1.0 TFSI ultra design (02/16 - 02/18),ICE,https://www.adac.de/rund-ums-fahrzeug/autokatalog/marken-modelle/audi/a1/8x-facelift/252590/,Zul. Gesamtgewicht,1485 kg
AUDI,A,A1 8X (1. Facelift),2014,2018,Audi A1 1.0 TFSI ultra design (02/16 - 02/18),ICE,https://www.adac.de/rund-ums-fahrzeug/autokatalog/marken-modelle/audi/a1/8x-facelift/252590/,Zuladung,375 kg
AUDI,A,A1 8X (1. Facelift),2014,2018,Audi A1 1.0 TFSI ultra design (02/16 - 02/18),ICE,https://www.adac.de/rund-ums-fahrzeug/autokatalog/marken-modelle/audi/a1/8x-facelift/252590/,Zusätzliche Garantien,"Mobilitätsgarantie: 2 Jahre europaweit, erweiterbar auf lebenslang unter Einhaltung aller Inspektionen;"
AUDI,A,A1 8X (1. Facelift),2014,2018,Audi A1 1.0 TFSI ultra design (02/16 - 02/18),ICE,https://www.adac.de/rund-ums-fahrzeug/autokatalog/marken-modelle/audi/a1/8x-facelift/252590/,Zusätzliche Information,"Zündpillen für Airbags und Gurtstraffer wurden nicht richtig befüllt und könnten daher beim Auslösen nicht richtig zünden, was die Verletzungsgefahr bei einem Unfall erhöht. Die betroffenen Airbags und Gurtstraffer werden ausgetauscht. Die Aktion ist für die Kunden kostenlos."
AUDI,A,A1 8X (1. Facelift),2014,2018,Audi A1 1.0 TFSI ultra sport (02/16 - 02/18),ICE,https://www.adac.de/rund-ums-fahrzeug/autokatalog/marken-modelle/audi/a1/8x-facelift/252589/,2016,5.8
AUDI,A,A1 8X (1. Facelift),2014,2018,Audi A1 1.0 TFSI ultra sport (02/16 - 02/18),ICE,https://www.adac.de/rund-ums-fahrzeug/autokatalog/marken-modelle/audi/a1/8x-facelift/252589/,2017,4.2
AUDI,A,A1 8X (1. Facelift),2014,2018,Audi A1 1.0 TFSI ultra sport (02/16 - 02/18),ICE,https://www.adac.de/rund-ums-fahrzeug/autokatalog/marken-modelle/audi/a1/8x-facelift/252589/,2018,3.7
AUDI,A,A1 8X (1. Facelift),2014,2018,Audi A1 1.0 TFSI ultra sport (02/16 - 02/18),ICE,https://www.adac.de/rund-ums-fahrzeug/autokatalog/marken-modelle/audi/a1/8x-facelift/252589/,2019,5
AUDI,A,A1 8X (1. Facelift),2014,2018,Audi A1 1.0 TFSI ultra sport (02/16 - 02/18),ICE,https://www.adac.de/rund-ums-fahrzeug/autokatalog/marken-modelle/audi/a1/8x-facelift/252589/,2020,4.7
AUDI,A,A1 8X (1. Facelift),2014,2018,Audi A1 1.0 TFSI ultra sport (02/16 - 02/18),ICE,https://www.adac.de/rund-ums-fahrzeug/autokatalog/marken-modelle/audi/a1/8x-facelift/252589/,2021,6.8
AUDI,A,A1 8X (1. Facelift),2014,2018,Audi A1 1.0 TFSI ultra sport (02/16 - 02/18),ICE,https://www.adac.de/rund-ums-fahrzeug/autokatalog/marken-modelle/audi/a1/8x-facelift/252589/,2022,2.2
AUDI,A,A1 8X (1. Facelift),2014,2018,Audi A1 1.0 TFSI ultra sport (02/16 - 02/18),ICE,https://www.adac.de/rund-ums-fahrzeug/autokatalog/marken-modelle/audi/a1/8x-facelift/252589/,2023,1.3
AUDI,A,A1 8X (1. Facelift),2014,2018,Audi A1 1.0 TFSI ultra sport (02/16 - 02/18),ICE,https://www.adac.de/rund-ums-fahrzeug/autokatalog/marken-modelle/audi/a1/8x-facelift/252589/,3-Punkt-Gurt hinten Mitte,Paket
AUDI,A,A1 8X (1. Facelift),2014,2018,Audi A1 1.0 TFSI ultra sport (02/16 - 02/18),ICE,https://www.adac.de/rund-ums-fahrzeug/autokatalog/marken-modelle/audi/a1/8x-facelift/252589/,3-Punkt-Gurt hinten Mitte - Bezeichnung,3-Punkt Gurt
AUDI,A,A1 8X (1. Facelift),2014,2018,Audi A1 1.0 TFSI ultra sport (02/16 - 02/18),ICE,https://www.adac.de/rund-ums-fahrzeug/autokatalog/marken-modelle/audi/a1/8x-facelift/252589/,ABS,Serie
AUDI,A,A1 8X (1. Facelift),2014,2018,Audi A1 1.0 TFSI ultra sport (02/16 - 02/18),ICE,https://www.adac.de/rund-ums-fahrzeug/autokatalog/marken-modelle/audi/a1/8x-facelift/252589/,Abgasreinigung (Verbrennungsmotor),geregelt
AUDI,A,A1 8X (1. Facelift),2014,2018,Audi A1 1.0 TFSI ultra sport (02/16 - 02/18),ICE,https://www.adac.de/rund-ums-fahrzeug/autokatalog/marken-modelle/audi/a1/8x-facelift/252589/,Airbag Beifahrer,Serie
AUDI,A,A1 8X (1. Facelift),2014,2018,Audi A1 1.0 TFSI ultra sport (02/16 - 02/18),ICE,https://www.adac.de/rund-ums-fahrzeug/autokatalog/marken-modelle/audi/a1/8x-facelift/252589/,Airbag Deaktivierung,40 Euro
AUDI,A,A1 8X (1. Facelift),2014,2018,Audi A1 1.0 TFSI ultra sport (02/16 - 02/18),ICE,https://www.adac.de/rund-ums-fahrzeug/autokatalog/marken-modelle/audi/a1/8x-facelift/252589/,Airbag Deaktivierung - Bezeichnung,Schlüsselschalter
AUDI,A,A1 8X (1. Facelift),2014,2018,Audi A1 1.0 TFSI ultra sport (02/16 - 02/18),ICE,https://www.adac.de/rund-ums-fahrzeug/autokatalog/marken-modelle/audi/a1/8x-facelift/252589/,Airbag Fahrer,Serie
AUDI,A,A1 8X (1. Facelift),2014,2018,Audi A1 1.0 TFSI ultra sport (02/16 - 02/18),ICE,https://www.adac.de/rund-ums-fahrzeug/autokatalog/marken-modelle/audi/a1/8x-facelift/252589/,Aktive Kopfstützen,Serie
AUDI,A,A1 8X (1. Facelift),2014,2018,Audi A1 1.0 TFSI ultra sport (02/16 - 02/18),ICE,https://www.adac.de/rund-ums-fahrzeug/autokatalog/marken-modelle/audi/a1/8x-facelift/252589/,Alufelgen,Serie
AUDI,A,A1 8X (1. Facelift),2014,2018,Audi A1 1.0 TFSI ultra sport (02/16 - 02/18),ICE,https://www.adac.de/rund-ums-fahrzeug/autokatalog/marken-modelle/audi/a1/8x-facelift/252589/,Anhängelast gebremst 12%,1000 kg
AUDI,A,A1 8X (1. Facelift),2014,2018,Audi A1 1.0 TFSI ultra sport (02/16 - 02/18),ICE,https://www.adac.de/rund-ums-fahrzeug/autokatalog/marken-modelle/audi/a1/8x-facelift/252589/,Anhängelast ungebremst,550 kg
AUDI,A,A1 8X (1. Facelift),2014,2018,Audi A1 1.0 TFSI ultra sport (02/16 - 02/18),ICE,https://www.adac.de/rund-ums-fahrzeug/autokatalog/marken-modelle/audi/a1/8x-facelift/252589/,Anlass,Airbag- und Gurtstraffer-Zündgemisch
AUDI,A,A1 8X (1. Facelift),2014,2018,Audi A1 1.0 TFSI ultra sport (02/16 - 02/18),ICE,https://www.adac.de/rund-ums-fahrzeug/autokatalog/marken-modelle/audi/a1/8x-facelift/252589/,Antriebsart,Vorderrad
AUDI,A,A1 8X (1. Facelift),2014,2018,Audi A1 1.0 TFSI ultra sport (02/16 - 02/18),ICE,https://www.adac.de/rund-ums-fahrzeug/autokatalog/marken-modelle/audi/a1/8x-facelift/252589/,Antriebsschlupfregelung,Serie
AUDI,A,A1 8X (1. Facelift),2014,2018,Audi A1 1.0 TFSI ultra sport (02/16 - 02/18),ICE,https://www.adac.de/rund-ums-fahrzeug/autokatalog/marken-modelle/audi/a1/8x-facelift/252589/,Antriebsschlupfregelung - Bezeichnung,Autom. Stabilitätskontrolle mit Traktion
AUDI,A,A1 8X (1. Facelift),2014,2018,Audi A1 1.0 TFSI ultra sport (02/16 - 02/18),ICE,https://www.adac.de/rund-ums-fahrzeug/autokatalog/marken-modelle/audi/a1/8x-facelift/252589/,Anzahl Gänge,5
AUDI,A,A1 8X (1. Facelift),2014,2018,Audi A1 1.0 TFSI ultra sport (02/16 - 02/18),ICE,https://www.adac.de/rund-ums-fahrzeug/autokatalog/marken-modelle/audi/a1/8x-facelift/252589/,Anzahl Ventile (Verbrennungsmotor),4
AUDI,A,A1 8X (1. Facelift),2014,2018,Audi A1 1.0 TFSI ultra sport (02/16 - 02/18),ICE,https://www.adac.de/rund-ums-fahrzeug/autokatalog/marken-modelle/audi/a1/8x-facelift/252589/,Anzahl Zylinder (Verbrennungsmotor),3
AUDI,A,A1 8X (1. Facelift),2014,2018,Audi A1 1.0 TFSI ultra sport (02/16 - 02/18),ICE,https://www.adac.de/rund-ums-fahrzeug/autokatalog/marken-modelle/audi/a1/8x-facelift/252589/,Anzahl betroffener Fahrzeuge,2.850 (Deutschland) 17.000 (weltweit)
AUDI,A,A1 8X (1. Facelift),2014,2018,Audi A1 1.0 TFSI ultra sport (02/16 - 02/18),ICE,https://www.adac.de/rund-ums-fahrzeug/autokatalog/marken-modelle/audi/a1/8x-facelift/252589/,Aufladung (Verbrennungsmotor),Turbo
AUDI,A,A1 8X (1. Facelift),2014,2018,Audi A1 1.0 TFSI ultra sport (02/16 - 02/18),ICE,https://www.adac.de/rund-ums-fahrzeug/autokatalog/marken-modelle/audi/a1/8x-facelift/252589/,Baureihe,A1 (8X) (11/14 - 04/18)
AUDI,A,A1 8X (1. Facelift),2014,2018,Audi A1 1.0 TFSI ultra sport (02/16 - 02/18),ICE,https://www.adac.de/rund-ums-fahrzeug/autokatalog/marken-modelle/audi/a1/8x-facelift/252589/,Baureihenende,04/18
AUDI,A,A1 8X (1. Facelift),2014,2018,Audi A1 1.0 TFSI ultra sport (02/16 - 02/18),ICE,https://www.adac.de/rund-ums-fahrzeug/autokatalog/marken-modelle/audi/a1/8x-facelift/252589/,Baureihenstart,11/14
AUDI,A,A1 8X (1. Facelift),2014,2018,Audi A1 1.0 TFSI ultra sport (02/16 - 02/18),ICE,https://www.adac.de/rund-ums-fahrzeug/autokatalog/marken-modelle/audi/a1/8x-facelift/252589/,Bauzeitraum betroffener Fahrzeuge,2016
AUDI,A,A1 8X (1. Facelift),2014,2018,Audi A1 1.0 TFSI ultra sport (02/16 - 02/18),ICE,https://www.adac.de/rund-ums-fahrzeug/autokatalog/marken-modelle/audi/a1/8x-facelift/252589/,Berganfahrassistent,60 Euro
AUDI,A,A1 8X (1. Facelift),2014,2018,Audi A1 1.0 TFSI ultra sport (02/16 - 02/18),ICE,https://www.adac.de/rund-ums-fahrzeug/autokatalog/marken-modelle/audi/a1/8x-facelift/252589/,Beschleunigung 0-100km/h,"12,4 s"
AUDI,A,A1 8X (1. Facelift),2014,2018,Audi A1 1.0 TFSI ultra sport (02/16 - 02/18),ICE,https://www.adac.de/rund-ums-fahrzeug/autokatalog/marken-modelle/audi/a1/8x-facelift/252589/,Betriebskosten,129 €
AUDI,A,A1 8X (1. Facelift),2014,2018,Audi A1 1.0 TFSI ultra sport (02/16 - 02/18),ICE,https://www.adac.de/rund-ums-fahrzeug/autokatalog/marken-modelle/audi/a1/8x-facelift/252589/,Betroffene Modelle,"A1 Sportback 8X (11/14 - 04/18), A18X (11/14 - 04/18), A4 allroad B9 (03/16 - 08/18), A4 Avant B9 (10/15 - 08/18), A4 Limousine B9 (10/15 - 08/18), A5 Cabriolet 8F/8T (10/11 - 11/16), A5 Cabriolet F5 (11/16 - 08/19), A5 Coupé 8F/8T (10/11 - 07/16), A5 Coupé F5 (10/16 - 10/19), A5 Sportback 8F/8T (10/11 - 08/16), A5 Sportback F5 (10/16 - 10/19), A6 allroad C7 (10/14 - 05/18), A6 Avant C7 (10/14 - 05/18), A6 Limousine C7 (10/14 - 04/18), A7 Sportback 4G (08/14 - 12/17), A8D4 (10/13 - 10/17), Q58R (09/12 - 10/16), Q5FY (01/17 - 08/20), Q7 e-tron 4M (03/16 - 03/18), Q74M (06/15 - 06/19)"
AUDI,A,A1 8X (1. Facelift),2014,2018,Audi A1 1.0 TFSI ultra sport (02/16 - 02/18),ICE,https://www.adac.de/rund-ums-fahrzeug/autokatalog/marken-modelle/audi/a1/8x-facelift/252589/,Breite,1740 mm
AUDI,A,A1 8X (1. Facelift),2014,2018,Audi A1 1.0 TFSI ultra sport (02/16 - 02/18),ICE,https://www.adac.de/rund-ums-fahrzeug/autokatalog/marken-modelle/audi/a1/8x-facelift/252589/,Breite (inkl. Außenspiegel),1906 mm
AUDI,A,A1 8X (1. Facelift),2014,2018,Audi A1 1.0 TFSI ultra sport (02/16 - 02/18),ICE,https://www.adac.de/rund-ums-fahrzeug/autokatalog/marken-modelle/audi/a1/8x-facelift/252589/,Bremsassistent,Serie
AUDI,A,A1 8X (1. Facelift),2014,2018,Audi A1 1.0 TFSI ultra sport (02/16 - 02/18),ICE,https://www.adac.de/rund-ums-fahrzeug/autokatalog/marken-modelle/audi/a1/8x-facelift/252589/,Bremsassistent - Bezeichnung,Multikollisionsbremse
AUDI,A,A1 8X (1. Facelift),2014,2018,Audi A1 1.0 TFSI ultra sport (02/16 - 02/18),ICE,https://www.adac.de/rund-ums-fahrzeug/autokatalog/marken-modelle/audi/a1/8x-facelift/252589/,Bremse hinten,Scheibe
AUDI,A,A1 8X (1. Facelift),2014,2018,Audi A1 1.0 TFSI ultra sport (02/16 - 02/18),ICE,https://www.adac.de/rund-ums-fahrzeug/autokatalog/marken-modelle/audi/a1/8x-facelift/252589/,Bremse vorne,Scheibe
AUDI,A,A1 8X (1. Facelift),2014,2018,Audi A1 1.0 TFSI ultra sport (02/16 - 02/18),ICE,https://www.adac.de/rund-ums-fahrzeug/autokatalog/marken-modelle/audi/a1/8x-facelift/252589/,Bremslicht dynamisch,Serie
AUDI,A,A1 8X (1. Facelift),2014,2018,Audi A1 1.0 TFSI ultra sport (02/16 - 02/18),ICE,https://www.adac.de/rund-ums-fahrzeug/autokatalog/marken-modelle/audi/a1/8x-facelift/252589/,Bremslicht dynamisch - Bezeichnung,Flashing Brake Light und Aktivierung der Warnblinkanlage (kurz vor Stillstand)
AUDI,A,A1 8X (1. Facelift),2014,2018,Audi A1 1.0 TFSI ultra sport (02/16 - 02/18),ICE,https://www.adac.de/rund-ums-fahrzeug/autokatalog/marken-modelle/audi/a1/8x-facelift/252589/,CO2-Effizienzklasse,A
AUDI,A,A1 8X (1. Facelift),2014,2018,Audi A1 1.0 TFSI ultra sport (02/16 - 02/18),ICE,https://www.adac.de/rund-ums-fahrzeug/autokatalog/marken-modelle/audi/a1/8x-facelift/252589/,CO2-Wert (NEFZ),97 g/km
AUDI,A,A1 8X (1. Facelift),2014,2018,Audi A1 1.0 TFSI ultra sport (02/16 - 02/18),ICE,https://www.adac.de/rund-ums-fahrzeug/autokatalog/marken-modelle/audi/a1/8x-facelift/252589/,Dachlast,75 kg
AUDI,A,A1 8X (1. Facelift),2014,2018,Audi A1 1.0 TFSI ultra sport (02/16 - 02/18),ICE,https://www.adac.de/rund-ums-fahrzeug/autokatalog/marken-modelle/audi/a1/8x-facelift/252589/,Dauer,je nach Aufwand unterschiedlich
AUDI,A,A1 8X (1. Facelift),2014,2018,Audi A1 1.0 TFSI ultra sport (02/16 - 02/18),ICE,https://www.adac.de/rund-ums-fahrzeug/autokatalog/marken-modelle/audi/a1/8x-facelift/252589/,Digitaler Radioempfang (DAB),300 Euro
AUDI,A,A1 8X (1. Facelift),2014,2018,Audi A1 1.0 TFSI ultra sport (02/16 - 02/18),ICE,https://www.adac.de/rund-ums-fahrzeug/autokatalog/marken-modelle/audi/a1/8x-facelift/252589/,Drehmoment (Systemleistung),160 Nm
AUDI,A,A1 8X (1. Facelift),2014,2018,Audi A1 1.0 TFSI ultra sport (02/16 - 02/18),ICE,https://www.adac.de/rund-ums-fahrzeug/autokatalog/marken-modelle/audi/a1/8x-facelift/252589/,Drehmoment maximal bei U/min. (Verbrennungsmotor),1500 U/min
AUDI,A,A1 8X (1. Facelift),2014,2018,Audi A1 1.0 TFSI ultra sport (02/16 - 02/18),ICE,https://www.adac.de/rund-ums-fahrzeug/autokatalog/marken-modelle/audi/a1/8x-facelift/252589/,Durchrostung,12 Jahre
AUDI,A,A1 8X (1. Facelift),2014,2018,Audi A1 1.0 TFSI ultra sport (02/16 - 02/18),ICE,https://www.adac.de/rund-ums-fahrzeug/autokatalog/marken-modelle/audi/a1/8x-facelift/252589/,Einbauposition / Motorbauart (Verbrennungsmotor),Frontmotor / Reihe
AUDI,A,A1 8X (1. Facelift),2014,2018,Audi A1 1.0 TFSI ultra sport (02/16 - 02/18),ICE,https://www.adac.de/rund-ums-fahrzeug/autokatalog/marken-modelle/audi/a1/8x-facelift/252589/,Einparkhilfe,350 Euro
AUDI,A,A1 8X (1. Facelift),2014,2018,Audi A1 1.0 TFSI ultra sport (02/16 - 02/18),ICE,https://www.adac.de/rund-ums-fahrzeug/autokatalog/marken-modelle/audi/a1/8x-facelift/252589/,Einparkhilfe - Bezeichnung,hinten
AUDI,A,A1 8X (1. Facelift),2014,2018,Audi A1 1.0 TFSI ultra sport (02/16 - 02/18),ICE,https://www.adac.de/rund-ums-fahrzeug/autokatalog/marken-modelle/audi/a1/8x-facelift/252589/,Fahrdynamikregelung,Serie
AUDI,A,A1 8X (1. Facelift),2014,2018,Audi A1 1.0 TFSI ultra sport (02/16 - 02/18),ICE,https://www.adac.de/rund-ums-fahrzeug/autokatalog/marken-modelle/audi/a1/8x-facelift/252589/,Fahrdynamikregelung - Bezeichnung,Elektronisches Stabilitätsprogramm
AUDI,A,A1 8X (1. Facelift),2014,2018,Audi A1 1.0 TFSI ultra sport (02/16 - 02/18),ICE,https://www.adac.de/rund-ums-fahrzeug/autokatalog/marken-modelle/audi/a1/8x-facelift/252589/,Fahrgeräusch,69 dB
AUDI,A,A1 8X (1. Facelift),2014,2018,Audi A1 1.0 TFSI ultra sport (02/16 - 02/18),ICE,https://www.adac.de/rund-ums-fahrzeug/autokatalog/marken-modelle/audi/a1/8x-facelift/252589/,Fahrzeugklasse,Kleinwagen (z.B. Polo)
AUDI,A,A1 8X (1. Facelift),2014,2018,Audi A1 1.0 TFSI ultra sport (02/16 - 02/18),ICE,https://www.adac.de/rund-ums-fahrzeug/autokatalog/marken-modelle/audi/a1/8x-facelift/252589/,Federung hinten,Schraube
AUDI,A,A1 8X (1. Facelift),2014,2018,Audi A1 1.0 TFSI ultra sport (02/16 - 02/18),ICE,https://www.adac.de/rund-ums-fahrzeug/autokatalog/marken-modelle/audi/a1/8x-facelift/252589/,Federung vorne,Schraube
AUDI,A,A1 8X (1. Facelift),2014,2018,Audi A1 1.0 TFSI ultra sport (02/16 - 02/18),ICE,https://www.adac.de/rund-ums-fahrzeug/autokatalog/marken-modelle/audi/a1/8x-facelift/252589/,Fensterheber elektr. vorne,Serie
AUDI,A,A1 8X (1. Facelift),2014,2018,Audi A1 1.0 TFSI ultra sport (02/16 - 02/18),ICE,https://www.adac.de/rund-ums-fahrzeug/autokatalog/marken-modelle/audi/a1/8x-facelift/252589/,Fernlichtassistent,135 Euro
AUDI,A,A1 8X (1. Facelift),2014,2018,Audi A1 1.0 TFSI ultra sport (02/16 - 02/18),ICE,https://www.adac.de/rund-ums-fahrzeug/autokatalog/marken-modelle/audi/a1/8x-facelift/252589/,Fixkosten,111 €
AUDI,A,A1 8X (1. Facelift),2014,2018,Audi A1 1.0 TFSI ultra sport (02/16 - 02/18),ICE,https://www.adac.de/rund-ums-fahrzeug/autokatalog/marken-modelle/audi/a1/8x-facelift/252589/,Freisprecheinrichtung,300 Euro
AUDI,A,A1 8X (1. Facelift),2014,2018,Audi A1 1.0 TFSI ultra sport (02/16 - 02/18),ICE,https://www.adac.de/rund-ums-fahrzeug/autokatalog/marken-modelle/audi/a1/8x-facelift/252589/,Garantie (Fahrzeug),2 Jahre
AUDI,A,A1 8X (1. Facelift),2014,2018,Audi A1 1.0 TFSI ultra sport (02/16 - 02/18),ICE,https://www.adac.de/rund-ums-fahrzeug/autokatalog/marken-modelle/audi/a1/8x-facelift/252589/,Gemischaufbereitung (Verbrennungsmotor),Direkteinspritzung
AUDI,A,A1 8X (1. Facelift),2014,2018,Audi A1 1.0 TFSI ultra sport (02/16 - 02/18),ICE,https://www.adac.de/rund-ums-fahrzeug/autokatalog/marken-modelle/audi/a1/8x-facelift/252589/,Getriebeart,Schaltgetriebe
AUDI,A,A1 8X (1. Facelift),2014,2018,Audi A1 1.0 TFSI ultra sport (02/16 - 02/18),ICE,https://www.adac.de/rund-ums-fahrzeug/autokatalog/marken-modelle/audi/a1/8x-facelift/252589/,Grundpreis,17750 Euro
AUDI,A,A1 8X (1. Facelift),2014,2018,Audi A1 1.0 TFSI ultra sport (02/16 - 02/18),ICE,https://www.adac.de/rund-ums-fahrzeug/autokatalog/marken-modelle/audi/a1/8x-facelift/252589/,HSN/TSN Schlüsselnummern,0588/BHL
AUDI,A,A1 8X (1. Facelift),2014,2018,Audi A1 1.0 TFSI ultra sport (02/16 - 02/18),ICE,https://www.adac.de/rund-ums-fahrzeug/autokatalog/marken-modelle/audi/a1/8x-facelift/252589/,Haftpflichtbeitrag 100%,1.320 €
AUDI,A,A1 8X (1. Facelift),2014,2018,Audi A1 1.0 TFSI ultra sport (02/16 - 02/18),ICE,https://www.adac.de/rund-ums-fahrzeug/autokatalog/marken-modelle/audi/a1/8x-facelift/252589/,Halterbenachrichtigung durch,Anschreiben durch Hersteller
AUDI,A,A1 8X (1. Facelift),2014,2018,Audi A1 1.0 TFSI ultra sport (02/16 - 02/18),ICE,https://www.adac.de/rund-ums-fahrzeug/autokatalog/marken-modelle/audi/a1/8x-facelift/252589/,Herstellerinterne Baureihenbezeichnung,8X
AUDI,A,A1 8X (1. Facelift),2014,2018,Audi A1 1.0 TFSI ultra sport (02/16 - 02/18),ICE,https://www.adac.de/rund-ums-fahrzeug/autokatalog/marken-modelle/audi/a1/8x-facelift/252589/,Hubraum (Verbrennungsmotor),999 ccm
AUDI,A,A1 8X (1. Facelift),2014,2018,Audi A1 1.0 TFSI ultra sport (02/16 - 02/18),ICE,https://www.adac.de/rund-ums-fahrzeug/autokatalog/marken-modelle/audi/a1/8x-facelift/252589/,Höchstgeschwindigkeit,177 km/h
AUDI,A,A1 8X (1. Facelift),2014,2018,Audi A1 1.0 TFSI ultra sport (02/16 - 02/18),ICE,https://www.adac.de/rund-ums-fahrzeug/autokatalog/marken-modelle/audi/a1/8x-facelift/252589/,Höhe,1416 mm
AUDI,A,A1 8X (1. Facelift),2014,2018,Audi A1 1.0 TFSI ultra sport (02/16 - 02/18),ICE,https://www.adac.de/rund-ums-fahrzeug/autokatalog/marken-modelle/audi/a1/8x-facelift/252589/,Isofix,Serie
AUDI,A,A1 8X (1. Facelift),2014,2018,Audi A1 1.0 TFSI ultra sport (02/16 - 02/18),ICE,https://www.adac.de/rund-ums-fahrzeug/autokatalog/marken-modelle/audi/a1/8x-facelift/252589/,Isofix - Bezeichnung,Nur hinten mit Top-Tether
AUDI,A,A1 8X (1. Facelift),2014,2018,Audi A1 1.0 TFSI ultra sport (02/16 - 02/18),ICE,https://www.adac.de/rund-ums-fahrzeug/autokatalog/marken-modelle/audi/a1/8x-facelift/252589/,Jahr der Zulassung des betroffenen Fahrzeugs,Pannen pro 1000 Fahrzeuge
AUDI,A,A1 8X (1. Facelift),2014,2018,Audi A1 1.0 TFSI ultra sport (02/16 - 02/18),ICE,https://www.adac.de/rund-ums-fahrzeug/autokatalog/marken-modelle/audi/a1/8x-facelift/252589/,KFZ-Steuer ohne Befreiung/Jahr (kann durch WLTP abweichen),24 Euro
AUDI,A,A1 8X (1. Facelift),2014,2018,Audi A1 1.0 TFSI ultra sport (02/16 - 02/18),ICE,https://www.adac.de/rund-ums-fahrzeug/autokatalog/marken-modelle/audi/a1/8x-facelift/252589/,KFZ-Steuer pro Jahr ohne Steuerbefreiung,24 €
AUDI,A,A1 8X (1. Facelift),2014,2018,Audi A1 1.0 TFSI ultra sport (02/16 - 02/18),ICE,https://www.adac.de/rund-ums-fahrzeug/autokatalog/marken-modelle/audi/a1/8x-facelift/252589/,Karosserie,Schr ägheck
AUDI,A,A1 8X (1. Facelift),2014,2018,Audi A1 1.0 TFSI ultra sport (02/16 - 02/18),ICE,https://www.adac.de/rund-ums-fahrzeug/autokatalog/marken-modelle/audi/a1/8x-facelift/252589/,Klassenübliche Ausstattung nach ADAC-Vorgabe,2410 Euro
AUDI,A,A1 8X (1. Facelift),2014,2018,Audi A1 1.0 TFSI ultra sport (02/16 - 02/18),ICE,https://www.adac.de/rund-ums-fahrzeug/autokatalog/marken-modelle/audi/a1/8x-facelift/252589/,Klimaanlage,900 Euro
AUDI,A,A1 8X (1. Facelift),2014,2018,Audi A1 1.0 TFSI ultra sport (02/16 - 02/18),ICE,https://www.adac.de/rund-ums-fahrzeug/autokatalog/marken-modelle/audi/a1/8x-facelift/252589/,Kofferraumvolumen dachhoch mit umgeklappter Rücksitzbank,920 l
AUDI,A,A1 8X (1. Facelift),2014,2018,Audi A1 1.0 TFSI ultra sport (02/16 - 02/18),ICE,https://www.adac.de/rund-ums-fahrzeug/autokatalog/marken-modelle/audi/a1/8x-facelift/252589/,Kofferraumvolumen normal,270 l
AUDI,A,A1 8X (1. Facelift),2014,2018,Audi A1 1.0 TFSI ultra sport (02/16 - 02/18),ICE,https://www.adac.de/rund-ums-fahrzeug/autokatalog/marken-modelle/audi/a1/8x-facelift/252589/,Kopfairbag hinten,Serie
AUDI,A,A1 8X (1. Facelift),2014,2018,Audi A1 1.0 TFSI ultra sport (02/16 - 02/18),ICE,https://www.adac.de/rund-ums-fahrzeug/autokatalog/marken-modelle/audi/a1/8x-facelift/252589/,Kopfairbag hinten - Bezeichnung,Windowbag
AUDI,A,A1 8X (1. Facelift),2014,2018,Audi A1 1.0 TFSI ultra sport (02/16 - 02/18),ICE,https://www.adac.de/rund-ums-fahrzeug/autokatalog/marken-modelle/audi/a1/8x-facelift/252589/,Kopfairbag vorne,Serie
AUDI,A,A1 8X (1. Facelift),2014,2018,Audi A1 1.0 TFSI ultra sport (02/16 - 02/18),ICE,https://www.adac.de/rund-ums-fahrzeug/autokatalog/marken-modelle/audi/a1/8x-facelift/252589/,Kopfairbag vorne - Bezeichnung,Windowbag
AUDI,A,A1 8X (1. Facelift),2014,2018,Audi A1 1.0 TFSI ultra sport (02/16 - 02/18),ICE,https://www.adac.de/rund-ums-fahrzeug/autokatalog/marken-modelle/audi/a1/8x-facelift/252589/,Kopfstütze hinten Mitte,Paket
AUDI,A,A1 8X (1. Facelift),2014,2018,Audi A1 1.0 TFSI ultra sport (02/16 - 02/18),ICE,https://www.adac.de/rund-ums-fahrzeug/autokatalog/marken-modelle/audi/a1/8x-facelift/252589/,Kopfstützen hinten,Serie
AUDI,A,A1 8X (1. Facelift),2014,2018,Audi A1 1.0 TFSI ultra sport (02/16 - 02/18),ICE,https://www.adac.de/rund-ums-fahrzeug/autokatalog/marken-modelle/audi/a1/8x-facelift/252589/,Kraftstoffart,Super
AUDI,A,A1 8X (1. Facelift),2014,2018,Audi A1 1.0 TFSI ultra sport (02/16 - 02/18),ICE,https://www.adac.de/rund-ums-fahrzeug/autokatalog/marken-modelle/audi/a1/8x-facelift/252589/,Lackgarantie,3 Jahre
AUDI,A,A1 8X (1. Facelift),2014,2018,Audi A1 1.0 TFSI ultra sport (02/16 - 02/18),ICE,https://www.adac.de/rund-ums-fahrzeug/autokatalog/marken-modelle/audi/a1/8x-facelift/252589/,Lederausstattung,1200 Euro
AUDI,A,A1 8X (1. Facelift),2014,2018,Audi A1 1.0 TFSI ultra sport (02/16 - 02/18),ICE,https://www.adac.de/rund-ums-fahrzeug/autokatalog/marken-modelle/audi/a1/8x-facelift/252589/,Leergewicht (EU),1110 kg
AUDI,A,A1 8X (1. Facelift),2014,2018,Audi A1 1.0 TFSI ultra sport (02/16 - 02/18),ICE,https://www.adac.de/rund-ums-fahrzeug/autokatalog/marken-modelle/audi/a1/8x-facelift/252589/,Leistung / Drehmoment (Verbrennungsmotor),60 kW (82 PS) / 160 Nm
AUDI,A,A1 8X (1. Facelift),2014,2018,Audi A1 1.0 TFSI ultra sport (02/16 - 02/18),ICE,https://www.adac.de/rund-ums-fahrzeug/autokatalog/marken-modelle/audi/a1/8x-facelift/252589/,Leistung maximal bei U/min. (Verbrennungsmotor),3500 U/min
AUDI,A,A1 8X (1. Facelift),2014,2018,Audi A1 1.0 TFSI ultra sport (02/16 - 02/18),ICE,https://www.adac.de/rund-ums-fahrzeug/autokatalog/marken-modelle/audi/a1/8x-facelift/252589/,Leistung maximal in PS (Systemleistung),82
AUDI,A,A1 8X (1. Facelift),2014,2018,Audi A1 1.0 TFSI ultra sport (02/16 - 02/18),ICE,https://www.adac.de/rund-ums-fahrzeug/autokatalog/marken-modelle/audi/a1/8x-facelift/252589/,Leistung maximal in kW (Systemleistung),60
AUDI,A,A1 8X (1. Facelift),2014,2018,Audi A1 1.0 TFSI ultra sport (02/16 - 02/18),ICE,https://www.adac.de/rund-ums-fahrzeug/autokatalog/marken-modelle/audi/a1/8x-facelift/252589/,Lichtsensor,Paket
AUDI,A,A1 8X (1. Facelift),2014,2018,Audi A1 1.0 TFSI ultra sport (02/16 - 02/18),ICE,https://www.adac.de/rund-ums-fahrzeug/autokatalog/marken-modelle/audi/a1/8x-facelift/252589/,Länge,3973 mm
AUDI,A,A1 8X (1. Facelift),2014,2018,Audi A1 1.0 TFSI ultra sport (02/16 - 02/18),ICE,https://www.adac.de/rund-ums-fahrzeug/autokatalog/marken-modelle/audi/a1/8x-facelift/252589/,Marke,Audi
AUDI,A,A1 8X (1. Facelift),2014,2018,Audi A1 1.0 TFSI ultra sport (02/16 - 02/18),ICE,https://www.adac.de/rund-ums-fahrzeug/autokatalog/marken-modelle/audi/a1/8x-facelift/252589/,Metallic-Lackierung,500 Euro
AUDI,A,A1 8X (1. Facelift),2014,2018,Audi A1 1.0 TFSI ultra sport (02/16 - 02/18),ICE,https://www.adac.de/rund-ums-fahrzeug/autokatalog/marken-modelle/audi/a1/8x-facelift/252589/,Modell,A1 1.0 TFSI ultra
AUDI,A,A1 8X (1. Facelift),2014,2018,Audi A1 1.0 TFSI ultra sport (02/16 - 02/18),ICE,https://www.adac.de/rund-ums-fahrzeug/autokatalog/marken-modelle/audi/a1/8x-facelift/252589/,Modellende,02/18
AUDI,A,A1 8X (1. Facelift),2014,2018,Audi A1 1.0 TFSI ultra sport (02/16 - 02/18),ICE,https://www.adac.de/rund-ums-fahrzeug/autokatalog/marken-modelle/audi/a1/8x-facelift/252589/,Modellstart,02/16
AUDI,A,A1 8X (1. Facelift),2014,2018,Audi A1 1.0 TFSI ultra sport (02/16 - 02/18),ICE,https://www.adac.de/rund-ums-fahrzeug/autokatalog/marken-modelle/audi/a1/8x-facelift/252589/,Motorart,Otto
AUDI,A,A1 8X (1. Facelift),2014,2018,Audi A1 1.0 TFSI ultra sport (02/16 - 02/18),ICE,https://www.adac.de/rund-ums-fahrzeug/autokatalog/marken-modelle/audi/a1/8x-facelift/252589/,Motorcode,CHZ
AUDI,A,A1 8X (1. Facelift),2014,2018,Audi A1 1.0 TFSI ultra sport (02/16 - 02/18),ICE,https://www.adac.de/rund-ums-fahrzeug/autokatalog/marken-modelle/audi/a1/8x-facelift/252589/,Navigation,1160 Euro
AUDI,A,A1 8X (1. Facelift),2014,2018,Audi A1 1.0 TFSI ultra sport (02/16 - 02/18),ICE,https://www.adac.de/rund-ums-fahrzeug/autokatalog/marken-modelle/audi/a1/8x-facelift/252589/,Navigation - Bezeichnung,Farbdisplay
AUDI,A,A1 8X (1. Facelift),2014,2018,Audi A1 1.0 TFSI ultra sport (02/16 - 02/18),ICE,https://www.adac.de/rund-ums-fahrzeug/autokatalog/marken-modelle/audi/a1/8x-facelift/252589/,Nebelscheinwerfer,Serie
AUDI,A,A1 8X (1. Facelift),2014,2018,Audi A1 1.0 TFSI ultra sport (02/16 - 02/18),ICE,https://www.adac.de/rund-ums-fahrzeug/autokatalog/marken-modelle/audi/a1/8x-facelift/252589/,Nockenwellensteuerung,Zahnriemen
AUDI,A,A1 8X (1. Facelift),2014,2018,Audi A1 1.0 TFSI ultra sport (02/16 - 02/18),ICE,https://www.adac.de/rund-ums-fahrzeug/autokatalog/marken-modelle/audi/a1/8x-facelift/252589/,Radio,Serie
AUDI,A,A1 8X (1. Facelift),2014,2018,Audi A1 1.0 TFSI ultra sport (02/16 - 02/18),ICE,https://www.adac.de/rund-ums-fahrzeug/autokatalog/marken-modelle/audi/a1/8x-facelift/252589/,Radio - Bezeichnung,Audi Radio
AUDI,A,A1 8X (1. Facelift),2014,2018,Audi A1 1.0 TFSI ultra sport (02/16 - 02/18),ICE,https://www.adac.de/rund-ums-fahrzeug/autokatalog/marken-modelle/audi/a1/8x-facelift/252589/,Radstand,2469 mm
AUDI,A,A1 8X (1. Facelift),2014,2018,Audi A1 1.0 TFSI ultra sport (02/16 - 02/18),ICE,https://www.adac.de/rund-ums-fahrzeug/autokatalog/marken-modelle/audi/a1/8x-facelift/252589/,Regensensor,Paket
AUDI,A,A1 8X (1. Facelift),2014,2018,Audi A1 1.0 TFSI ultra sport (02/16 - 02/18),ICE,https://www.adac.de/rund-ums-fahrzeug/autokatalog/marken-modelle/audi/a1/8x-facelift/252589/,Reifendruckkontrolle,Serie
AUDI,A,A1 8X (1. Facelift),2014,2018,Audi A1 1.0 TFSI ultra sport (02/16 - 02/18),ICE,https://www.adac.de/rund-ums-fahrzeug/autokatalog/marken-modelle/audi/a1/8x-facelift/252589/,Reifendruckkontrolle - Bezeichnung,indirekte Messung (ABS)
AUDI,A,A1 8X (1. Facelift),2014,2018,Audi A1 1.0 TFSI ultra sport (02/16 - 02/18),ICE,https://www.adac.de/rund-ums-fahrzeug/autokatalog/marken-modelle/audi/a1/8x-facelift/252589/,Reifengröße,185/60R15
AUDI,A,A1 8X (1. Facelift),2014,2018,Audi A1 1.0 TFSI ultra sport (02/16 - 02/18),ICE,https://www.adac.de/rund-ums-fahrzeug/autokatalog/marken-modelle/audi/a1/8x-facelift/252589/,Runflat,Aufpreis
AUDI,A,A1 8X (1. Facelift),2014,2018,Audi A1 1.0 TFSI ultra sport (02/16 - 02/18),ICE,https://www.adac.de/rund-ums-fahrzeug/autokatalog/marken-modelle/audi/a1/8x-facelift/252589/,Rückrufdatum,März 2017
AUDI,A,A1 8X (1. Facelift),2014,2018,Audi A1 1.0 TFSI ultra sport (02/16 - 02/18),ICE,https://www.adac.de/rund-ums-fahrzeug/autokatalog/marken-modelle/audi/a1/8x-facelift/252589/,Rücksitzbank umklappbar,Serie
AUDI,A,A1 8X (1. Facelift),2014,2018,Audi A1 1.0 TFSI ultra sport (02/16 - 02/18),ICE,https://www.adac.de/rund-ums-fahrzeug/autokatalog/marken-modelle/audi/a1/8x-facelift/252589/,Schadstoffklasse,Euro 6b (NEFZ)
AUDI,A,A1 8X (1. Facelift),2014,2018,Audi A1 1.0 TFSI ultra sport (02/16 - 02/18),ICE,https://www.adac.de/rund-ums-fahrzeug/autokatalog/marken-modelle/audi/a1/8x-facelift/252589/,Schaltpunktanzeige,Serie
AUDI,A,A1 8X (1. Facelift),2014,2018,Audi A1 1.0 TFSI ultra sport (02/16 - 02/18),ICE,https://www.adac.de/rund-ums-fahrzeug/autokatalog/marken-modelle/audi/a1/8x-facelift/252589/,Seitenairbag vorne,Serie
AUDI,A,A1 8X (1. Facelift),2014,2018,Audi A1 1.0 TFSI ultra sport (02/16 - 02/18),ICE,https://www.adac.de/rund-ums-fahrzeug/autokatalog/marken-modelle/audi/a1/8x-facelift/252589/,Servolenkung,Serie
AUDI,A,A1 8X (1. Facelift),2014,2018,Audi A1 1.0 TFSI ultra sport (02/16 - 02/18),ICE,https://www.adac.de/rund-ums-fahrzeug/autokatalog/marken-modelle/audi/a1/8x-facelift/252589/,Sitzanzahl,4
AUDI,A,A1 8X (1. Facelift),2014,2018,Audi A1 1.0 TFSI ultra sport (02/16 - 02/18),ICE,https://www.adac.de/rund-ums-fahrzeug/autokatalog/marken-modelle/audi/a1/8x-facelift/252589/,Sitzanzahl maximal,5
AUDI,A,A1 8X (1. Facelift),2014,2018,Audi A1 1.0 TFSI ultra sport (02/16 - 02/18),ICE,https://www.adac.de/rund-ums-fahrzeug/autokatalog/marken-modelle/audi/a1/8x-facelift/252589/,Start-/Stopp-Automatik (Verbrennungsmotor),Serie
AUDI,A,A1 8X (1. Facelift),2014,2018,Audi A1 1.0 TFSI ultra sport (02/16 - 02/18),ICE,https://www.adac.de/rund-ums-fahrzeug/autokatalog/marken-modelle/audi/a1/8x-facelift/252589/,Stützlast,50 kg
AUDI,A,A1 8X (1. Facelift),2014,2018,Audi A1 1.0 TFSI ultra sport (02/16 - 02/18),ICE,https://www.adac.de/rund-ums-fahrzeug/autokatalog/marken-modelle/audi/a1/8x-facelift/252589/,Tankgröße,"45,0 l"
AUDI,A,A1 8X (1. Facelift),2014,2018,Audi A1 1.0 TFSI ultra sport (02/16 - 02/18),ICE,https://www.adac.de/rund-ums-fahrzeug/autokatalog/marken-modelle/audi/a1/8x-facelift/252589/,Teilkaskobeitrag 150 € SB,328 €
AUDI,A,A1 8X (1. Facelift),2014,2018,Audi A1 1.0 TFSI ultra sport (02/16 - 02/18),ICE,https://www.adac.de/rund-ums-fahrzeug/autokatalog/marken-modelle/audi/a1/8x-facelift/252589/,Typ,sport
AUDI,A,A1 8X (1. Facelift),2014,2018,Audi A1 1.0 TFSI ultra sport (02/16 - 02/18),ICE,https://www.adac.de/rund-ums-fahrzeug/autokatalog/marken-modelle/audi/a1/8x-facelift/252589/,Typklassen (KH/VK/TK),17/14/16
AUDI,A,A1 8X (1. Facelift),2014,2018,Audi A1 1.0 TFSI ultra sport (02/16 - 02/18),ICE,https://www.adac.de/rund-ums-fahrzeug/autokatalog/marken-modelle/audi/a1/8x-facelift/252589/,Türanzahl,3
AUDI,A,A1 8X (1. Facelift),2014,2018,Audi A1 1.0 TFSI ultra sport (02/16 - 02/18),ICE,https://www.adac.de/rund-ums-fahrzeug/autokatalog/marken-modelle/audi/a1/8x-facelift/252589/,Variante,keine Angaben
AUDI,A,A1 8X (1. Facelift),2014,2018,Audi A1 1.0 TFSI ultra sport (02/16 - 02/18),ICE,https://www.adac.de/rund-ums-fahrzeug/autokatalog/marken-modelle/audi/a1/8x-facelift/252589/,Verbrauch Außerorts (NEFZ),"3,7 l/100 km"
AUDI,A,A1 8X (1. Facelift),2014,2018,Audi A1 1.0 TFSI ultra sport (02/16 - 02/18),ICE,https://www.adac.de/rund-ums-fahrzeug/autokatalog/marken-modelle/audi/a1/8x-facelift/252589/,Verbrauch Gesamt (NEFZ),"4,2 l/100 km"
AUDI,A,A1 8X (1. Facelift),2014,2018,Audi A1 1.0 TFSI ultra sport (02/16 - 02/18),ICE,https://www.adac.de/rund-ums-fahrzeug/autokatalog/marken-modelle/audi/a1/8x-facelift/252589/,Verbrauch Innerorts (NEFZ),"5,0 l/100 km"
AUDI,A,A1 8X (1. Facelift),2014,2018,Audi A1 1.0 TFSI ultra sport (02/16 - 02/18),ICE,https://www.adac.de/rund-ums-fahrzeug/autokatalog/marken-modelle/audi/a1/8x-facelift/252589/,Vollkaskobetrag 100% 500 € SB,908 €
AUDI,A,A1 8X (1. Facelift),2014,2018,Audi A1 1.0 TFSI ultra sport (02/16 - 02/18),ICE,https://www.adac.de/rund-ums-fahrzeug/autokatalog/marken-modelle/audi/a1/8x-facelift/252589/,WLAN Hotspot,Paket
AUDI,A,A1 8X (1. Facelift),2014,2018,Audi A1 1.0 TFSI ultra sport (02/16 - 02/18),ICE,https://www.adac.de/rund-ums-fahrzeug/autokatalog/marken-modelle/audi/a1/8x-facelift/252589/,Wendekreis,"10,6 m"
AUDI,A,A1 8X (1. Facelift),2014,2018,Audi A1 1.0 TFSI ultra sport (02/16 - 02/18),ICE,https://www.adac.de/rund-ums-fahrzeug/autokatalog/marken-modelle/audi/a1/8x-facelift/252589/,Werkstattkosten,91 €
AUDI,A,A1 8X (1. Facelift),2014,2018,Audi A1 1.0 TFSI ultra sport (02/16 - 02/18),ICE,https://www.adac.de/rund-ums-fahrzeug/autokatalog/marken-modelle/audi/a1/8x-facelift/252589/,Wertverlust,46 €
AUDI,A,A1 8X (1. Facelift),2014,2018,Audi A1 1.0 TFSI ultra sport (02/16 - 02/18),ICE,https://www.adac.de/rund-ums-fahrzeug/autokatalog/marken-modelle/audi/a1/8x-facelift/252589/,Xenon-Scheinwerfer,900 Euro
AUDI,A,A1 8X (1. Facelift),2014,2018,Audi A1 1.0 TFSI ultra sport (02/16 - 02/18),ICE,https://www.adac.de/rund-ums-fahrzeug/autokatalog/marken-modelle/audi/a1/8x-facelift/252589/,Zentralverriegelung,Serie
AUDI,A,A1 8X (1. Facelift),2014,2018,Audi A1 1.0 TFSI ultra sport (02/16 - 02/18),ICE,https://www.adac.de/rund-ums-fahrzeug/autokatalog/marken-modelle/audi/a1/8x-facelift/252589/,Zul. Gesamtgewicht,1485 kg
AUDI,A,A1 8X (1. Facelift),2014,2018,Audi A1 1.0 TFSI ultra sport (02/16 - 02/18),ICE,https://www.adac.de/rund-ums-fahrzeug/autokatalog/marken-modelle/audi/a1/8x-facelift/252589/,Zuladung,375 kg
AUDI,A,A1 8X (1. Facelift),2014,2018,Audi A1 1.0 TFSI ultra sport (02/16 - 02/18),ICE,https://www.adac.de/rund-ums-fahrzeug/autokatalog/marken-modelle/audi/a1/8x-facelift/252589/,Zusätzliche Garantien,"Mobilitätsgarantie: 2 Jahre europaweit, erweiterbar auf lebenslang unter Einhaltung aller Inspektionen;"
AUDI,A,A1 8X (1. Facelift),2014,2018,Audi A1 1.0 TFSI ultra sport (02/16 - 02/18),ICE,https://www.adac.de/rund-ums-fahrzeug/autokatalog/marken-modelle/audi/a1/8x-facelift/252589/,Zusätzliche Information,"Zündpillen für Airbags und Gurtstraffer wurden nicht richtig befüllt und könnten daher beim Auslösen nicht richtig zünden, was die Verletzungsgefahr bei einem Unfall erhöht. Die betroffenen Airbags und Gurtstraffer werden ausgetauscht. Die Aktion ist für die Kunden kostenlos."
AUDI,A,A1 GB,2018,2026,Audi A1 Sportback 25 TFSI (01/19 - 09/19),ICE,https://www.adac.de/rund-ums-fahrzeug/autokatalog/marken-modelle/audi/a1/gb/296870/,2016,5.8
AUDI,A,A1 GB,2018,2026,Audi A1 Sportback 25 TFSI (01/19 - 09/19),ICE,https://www.adac.de/rund-ums-fahrzeug/autokatalog/marken-modelle/audi/a1/gb/296870/,2017,4.2
AUDI,A,A1 GB,2018,2026,Audi A1 Sportback 25 TFSI (01/19 - 09/19),ICE,https://www.adac.de/rund-ums-fahrzeug/autokatalog/marken-modelle/audi/a1/gb/296870/,2018,3.7
AUDI,A,A1 GB,2018,2026,Audi A1 Sportback 25 TFSI (01/19 - 09/19),ICE,https://www.adac.de/rund-ums-fahrzeug/autokatalog/marken-modelle/audi/a1/gb/296870/,2019,5
AUDI,A,A1 GB,2018,2026,Audi A1 Sportback 25 TFSI (01/19 - 09/19),ICE,https://www.adac.de/rund-ums-fahrzeug/autokatalog/marken-modelle/audi/a1/gb/296870/,2020,4.7
AUDI,A,A1 GB,2018,2026,Audi A1 Sportback 25 TFSI (01/19 - 09/19),ICE,https://www.adac.de/rund-ums-fahrzeug/autokatalog/marken-modelle/audi/a1/gb/296870/,2021,6.8
AUDI,A,A1 GB,2018,2026,Audi A1 Sportback 25 TFSI (01/19 - 09/19),ICE,https://www.adac.de/rund-ums-fahrzeug/autokatalog/marken-modelle/audi/a1/gb/296870/,2022,2.2
AUDI,A,A1 GB,2018,2026,Audi A1 Sportback 25 TFSI (01/19 - 09/19),ICE,https://www.adac.de/rund-ums-fahrzeug/autokatalog/marken-modelle/audi/a1/gb/296870/,2023,1.3
AUDI,A,A1 GB,2018,2026,Audi A1 Sportback 25 TFSI (01/19 - 09/19),ICE,https://www.adac.de/rund-ums-fahrzeug/autokatalog/marken-modelle/audi/a1/gb/296870/,3-Punkt-Gurt hinten Mitte,Serie
AUDI,A,A1 GB,2018,2026,Audi A1 Sportback 25 TFSI (01/19 - 09/19),ICE,https://www.adac.de/rund-ums-fahrzeug/autokatalog/marken-modelle/audi/a1/gb/296870/,3-Punkt-Gurt hinten Mitte - Bezeichnung,3-Punkt Gurt
AUDI,A,A1 GB,2018,2026,Audi A1 Sportback 25 TFSI (01/19 - 09/19),ICE,https://www.adac.de/rund-ums-fahrzeug/autokatalog/marken-modelle/audi/a1/gb/296870/,ABS,Serie
AUDI,A,A1 GB,2018,2026,Audi A1 Sportback 25 TFSI (01/19 - 09/19),ICE,https://www.adac.de/rund-ums-fahrzeug/autokatalog/marken-modelle/audi/a1/gb/296870/,Abgasreinigung (Verbrennungsmotor),Otto-Partikelfilter
AUDI,A,A1 GB,2018,2026,Audi A1 Sportback 25 TFSI (01/19 - 09/19),ICE,https://www.adac.de/rund-ums-fahrzeug/autokatalog/marken-modelle/audi/a1/gb/296870/,Airbag Beifahrer,Serie
AUDI,A,A1 GB,2018,2026,Audi A1 Sportback 25 TFSI (01/19 - 09/19),ICE,https://www.adac.de/rund-ums-fahrzeug/autokatalog/marken-modelle/audi/a1/gb/296870/,Airbag Deaktivierung,Serie
AUDI,A,A1 GB,2018,2026,Audi A1 Sportback 25 TFSI (01/19 - 09/19),ICE,https://www.adac.de/rund-ums-fahrzeug/autokatalog/marken-modelle/audi/a1/gb/296870/,Airbag Deaktivierung - Bezeichnung,Schalter
AUDI,A,A1 GB,2018,2026,Audi A1 Sportback 25 TFSI (01/19 - 09/19),ICE,https://www.adac.de/rund-ums-fahrzeug/autokatalog/marken-modelle/audi/a1/gb/296870/,Airbag Fahrer,Serie
AUDI,A,A1 GB,2018,2026,Audi A1 Sportback 25 TFSI (01/19 - 09/19),ICE,https://www.adac.de/rund-ums-fahrzeug/autokatalog/marken-modelle/audi/a1/gb/296870/,Aktive Kopfstützen,Serie
AUDI,A,A1 GB,2018,2026,Audi A1 Sportback 25 TFSI (01/19 - 09/19),ICE,https://www.adac.de/rund-ums-fahrzeug/autokatalog/marken-modelle/audi/a1/gb/296870/,Alufelgen,450 Euro
AUDI,A,A1 GB,2018,2026,Audi A1 Sportback 25 TFSI (01/19 - 09/19),ICE,https://www.adac.de/rund-ums-fahrzeug/autokatalog/marken-modelle/audi/a1/gb/296870/,Antriebsart,Vorderrad
AUDI,A,A1 GB,2018,2026,Audi A1 Sportback 25 TFSI (01/19 - 09/19),ICE,https://www.adac.de/rund-ums-fahrzeug/autokatalog/marken-modelle/audi/a1/gb/296870/,Antriebsschlupfregelung,Serie
AUDI,A,A1 GB,2018,2026,Audi A1 Sportback 25 TFSI (01/19 - 09/19),ICE,https://www.adac.de/rund-ums-fahrzeug/autokatalog/marken-modelle/audi/a1/gb/296870/,Antriebsschlupfregelung - Bezeichnung,Autom. Stabilitätskontrolle mit Traktion
AUDI,A,A1 GB,2018,2026,Audi A1 Sportback 25 TFSI (01/19 - 09/19),ICE,https://www.adac.de/rund-ums-fahrzeug/autokatalog/marken-modelle/audi/a1/gb/296870/,Anzahl Gänge,5
AUDI,A,A1 GB,2018,2026,Audi A1 Sportback 25 TFSI (01/19 - 09/19),ICE,https://www.adac.de/rund-ums-fahrzeug/autokatalog/marken-modelle/audi/a1/gb/296870/,Anzahl Ventile (Verbrennungsmotor),4
AUDI,A,A1 GB,2018,2026,Audi A1 Sportback 25 TFSI (01/19 - 09/19),ICE,https://www.adac.de/rund-ums-fahrzeug/autokatalog/marken-modelle/audi/a1/gb/296870/,Anzahl Zylinder (Verbrennungsmotor),3
AUDI,A,A1 GB,2018,2026,Audi A1 Sportback 25 TFSI (01/19 - 09/19),ICE,https://www.adac.de/rund-ums-fahrzeug/autokatalog/marken-modelle/audi/a1/gb/296870/,Aufladung (Verbrennungsmotor),Turbo
AUDI,A,A1 GB,2018,2026,Audi A1 Sportback 25 TFSI (01/19 - 09/19),ICE,https://www.adac.de/rund-ums-fahrzeug/autokatalog/marken-modelle/audi/a1/gb/296870/,Autom. Abstandsregelung,550 Euro
AUDI,A,A1 GB,2018,2026,Audi A1 Sportback 25 TFSI (01/19 - 09/19),ICE,https://www.adac.de/rund-ums-fahrzeug/autokatalog/marken-modelle/audi/a1/gb/296870/,Baureihe,A1 (GB) (11/18 - 04/26)
AUDI,A,A1 GB,2018,2026,Audi A1 Sportback 25 TFSI (01/19 - 09/19),ICE,https://www.adac.de/rund-ums-fahrzeug/autokatalog/marken-modelle/audi/a1/gb/296870/,Baureihenende,04/26
AUDI,A,A1 GB,2018,2026,Audi A1 Sportback 25 TFSI (01/19 - 09/19),ICE,https://www.adac.de/rund-ums-fahrzeug/autokatalog/marken-modelle/audi/a1/gb/296870/,Baureihenstart,11/18
AUDI,A,A1 GB,2018,2026,Audi A1 Sportback 25 TFSI (01/19 - 09/19),ICE,https://www.adac.de/rund-ums-fahrzeug/autokatalog/marken-modelle/audi/a1/gb/296870/,Berganfahrassistent,60 Euro
AUDI,A,A1 GB,2018,2026,Audi A1 Sportback 25 TFSI (01/19 - 09/19),ICE,https://www.adac.de/rund-ums-fahrzeug/autokatalog/marken-modelle/audi/a1/gb/296870/,Beschleunigung 0-100km/h,"10,8 s"
AUDI,A,A1 GB,2018,2026,Audi A1 Sportback 25 TFSI (01/19 - 09/19),ICE,https://www.adac.de/rund-ums-fahrzeug/autokatalog/marken-modelle/audi/a1/gb/296870/,Betriebskosten,162 €
AUDI,A,A1 GB,2018,2026,Audi A1 Sportback 25 TFSI (01/19 - 09/19),ICE,https://www.adac.de/rund-ums-fahrzeug/autokatalog/marken-modelle/audi/a1/gb/296870/,Breite,1740 mm
AUDI,A,A1 GB,2018,2026,Audi A1 Sportback 25 TFSI (01/19 - 09/19),ICE,https://www.adac.de/rund-ums-fahrzeug/autokatalog/marken-modelle/audi/a1/gb/296870/,Breite (inkl. Außenspiegel),1940 mm
AUDI,A,A1 GB,2018,2026,Audi A1 Sportback 25 TFSI (01/19 - 09/19),ICE,https://www.adac.de/rund-ums-fahrzeug/autokatalog/marken-modelle/audi/a1/gb/296870/,Bremsassistent,Serie
AUDI,A,A1 GB,2018,2026,Audi A1 Sportback 25 TFSI (01/19 - 09/19),ICE,https://www.adac.de/rund-ums-fahrzeug/autokatalog/marken-modelle/audi/a1/gb/296870/,Bremsassistent - Bezeichnung,Multikollisionsbremse
AUDI,A,A1 GB,2018,2026,Audi A1 Sportback 25 TFSI (01/19 - 09/19),ICE,https://www.adac.de/rund-ums-fahrzeug/autokatalog/marken-modelle/audi/a1/gb/296870/,Bremse hinten,Scheibe
AUDI,A,A1 GB,2018,2026,Audi A1 Sportback 25 TFSI (01/19 - 09/19),ICE,https://www.adac.de/rund-ums-fahrzeug/autokatalog/marken-modelle/audi/a1/gb/296870/,Bremse vorne,Scheibe
AUDI,A,A1 GB,2018,2026,Audi A1 Sportback 25 TFSI (01/19 - 09/19),ICE,https://www.adac.de/rund-ums-fahrzeug/autokatalog/marken-modelle/audi/a1/gb/296870/,Bremslicht dynamisch,Serie
AUDI,A,A1 GB,2018,2026,Audi A1 Sportback 25 TFSI (01/19 - 09/19),ICE,https://www.adac.de/rund-ums-fahrzeug/autokatalog/marken-modelle/audi/a1/gb/296870/,Bremslicht dynamisch - Bezeichnung,Flashing Brake Light und Aktivierung der Warnblinkanlage (kurz vor Stillstand)
AUDI,A,A1 GB,2018,2026,Audi A1 Sportback 25 TFSI (01/19 - 09/19),ICE,https://www.adac.de/rund-ums-fahrzeug/autokatalog/marken-modelle/audi/a1/gb/296870/,CO2-Wert kombiniert (WLTP),124 g/km
AUDI,A,A1 GB,2018,2026,Audi A1 Sportback 25 TFSI (01/19 - 09/19),ICE,https://www.adac.de/rund-ums-fahrzeug/autokatalog/marken-modelle/audi/a1/gb/296870/,City-Notbremsassistent,Serie
AUDI,A,A1 GB,2018,2026,Audi A1 Sportback 25 TFSI (01/19 - 09/19),ICE,https://www.adac.de/rund-ums-fahrzeug/autokatalog/marken-modelle/audi/a1/gb/296870/,Dachlast,75 kg
AUDI,A,A1 GB,2018,2026,Audi A1 Sportback 25 TFSI (01/19 - 09/19),ICE,https://www.adac.de/rund-ums-fahrzeug/autokatalog/marken-modelle/audi/a1/gb/296870/,Digitaler Radioempfang (DAB),300 Euro
AUDI,A,A1 GB,2018,2026,Audi A1 Sportback 25 TFSI (01/19 - 09/19),ICE,https://www.adac.de/rund-ums-fahrzeug/autokatalog/marken-modelle/audi/a1/gb/296870/,Drehmoment (Systemleistung),175 Nm
AUDI,A,A1 GB,2018,2026,Audi A1 Sportback 25 TFSI (01/19 - 09/19),ICE,https://www.adac.de/rund-ums-fahrzeug/autokatalog/marken-modelle/audi/a1/gb/296870/,Drehmoment maximal bei U/min. (Verbrennungsmotor),2000 U/min
AUDI,A,A1 GB,2018,2026,Audi A1 Sportback 25 TFSI (01/19 - 09/19),ICE,https://www.adac.de/rund-ums-fahrzeug/autokatalog/marken-modelle/audi/a1/gb/296870/,Durchrostung,12 Jahre
AUDI,A,A1 GB,2018,2026,Audi A1 Sportback 25 TFSI (01/19 - 09/19),ICE,https://www.adac.de/rund-ums-fahrzeug/autokatalog/marken-modelle/audi/a1/gb/296870/,Einbauposition / Motorbauart (Verbrennungsmotor),Frontmotor / Reihe
AUDI,A,A1 GB,2018,2026,Audi A1 Sportback 25 TFSI (01/19 - 09/19),ICE,https://www.adac.de/rund-ums-fahrzeug/autokatalog/marken-modelle/audi/a1/gb/296870/,Einparkassistent,790 Euro
AUDI,A,A1 GB,2018,2026,Audi A1 Sportback 25 TFSI (01/19 - 09/19),ICE,https://www.adac.de/rund-ums-fahrzeug/autokatalog/marken-modelle/audi/a1/gb/296870/,Einparkhilfe,370 Euro
AUDI,A,A1 GB,2018,2026,Audi A1 Sportback 25 TFSI (01/19 - 09/19),ICE,https://www.adac.de/rund-ums-fahrzeug/autokatalog/marken-modelle/audi/a1/gb/296870/,Einparkhilfe - Bezeichnung,hinten
AUDI,A,A1 GB,2018,2026,Audi A1 Sportback 25 TFSI (01/19 - 09/19),ICE,https://www.adac.de/rund-ums-fahrzeug/autokatalog/marken-modelle/audi/a1/gb/296870/,Fahrdynamikregelung,Serie
AUDI,A,A1 GB,2018,2026,Audi A1 Sportback 25 TFSI (01/19 - 09/19),ICE,https://www.adac.de/rund-ums-fahrzeug/autokatalog/marken-modelle/audi/a1/gb/296870/,Fahrdynamikregelung - Bezeichnung,Elektronisches Stabilitätsprogramm
AUDI,A,A1 GB,2018,2026,Audi A1 Sportback 25 TFSI (01/19 - 09/19),ICE,https://www.adac.de/rund-ums-fahrzeug/autokatalog/marken-modelle/audi/a1/gb/296870/,Fahrgeräusch,67 dB
AUDI,A,A1 GB,2018,2026,Audi A1 Sportback 25 TFSI (01/19 - 09/19),ICE,https://www.adac.de/rund-ums-fahrzeug/autokatalog/marken-modelle/audi/a1/gb/296870/,Fahrzeugklasse,Kleinwagen (z.B. Polo)
AUDI,A,A1 GB,2018,2026,Audi A1 Sportback 25 TFSI (01/19 - 09/19),ICE,https://www.adac.de/rund-ums-fahrzeug/autokatalog/marken-modelle/audi/a1/gb/296870/,Federung hinten,Schraube
AUDI,A,A1 GB,2018,2026,Audi A1 Sportback 25 TFSI (01/19 - 09/19),ICE,https://www.adac.de/rund-ums-fahrzeug/autokatalog/marken-modelle/audi/a1/gb/296870/,Federung vorne,Schraube
AUDI,A,A1 GB,2018,2026,Audi A1 Sportback 25 TFSI (01/19 - 09/19),ICE,https://www.adac.de/rund-ums-fahrzeug/autokatalog/marken-modelle/audi/a1/gb/296870/,Fensterheber elektr. hinten,Serie
AUDI,A,A1 GB,2018,2026,Audi A1 Sportback 25 TFSI (01/19 - 09/19),ICE,https://www.adac.de/rund-ums-fahrzeug/autokatalog/marken-modelle/audi/a1/gb/296870/,Fensterheber elektr. vorne,Serie
AUDI,A,A1 GB,2018,2026,Audi A1 Sportback 25 TFSI (01/19 - 09/19),ICE,https://www.adac.de/rund-ums-fahrzeug/autokatalog/marken-modelle/audi/a1/gb/296870/,Fernlichtassistent,135 Euro
AUDI,A,A1 GB,2018,2026,Audi A1 Sportback 25 TFSI (01/19 - 09/19),ICE,https://www.adac.de/rund-ums-fahrzeug/autokatalog/marken-modelle/audi/a1/gb/296870/,Fixkosten,139 €
AUDI,A,A1 GB,2018,2026,Audi A1 Sportback 25 TFSI (01/19 - 09/19),ICE,https://www.adac.de/rund-ums-fahrzeug/autokatalog/marken-modelle/audi/a1/gb/296870/,Freisprecheinrichtung,Serie
AUDI,A,A1 GB,2018,2026,Audi A1 Sportback 25 TFSI (01/19 - 09/19),ICE,https://www.adac.de/rund-ums-fahrzeug/autokatalog/marken-modelle/audi/a1/gb/296870/,Fußgängererkennung,Serie
AUDI,A,A1 GB,2018,2026,Audi A1 Sportback 25 TFSI (01/19 - 09/19),ICE,https://www.adac.de/rund-ums-fahrzeug/autokatalog/marken-modelle/audi/a1/gb/296870/,Garantie (Fahrzeug),2 Jahre
AUDI,A,A1 GB,2018,2026,Audi A1 Sportback 25 TFSI (01/19 - 09/19),ICE,https://www.adac.de/rund-ums-fahrzeug/autokatalog/marken-modelle/audi/a1/gb/296870/,Gemischaufbereitung (Verbrennungsmotor),Direkteinspritzung
AUDI,A,A1 GB,2018,2026,Audi A1 Sportback 25 TFSI (01/19 - 09/19),ICE,https://www.adac.de/rund-ums-fahrzeug/autokatalog/marken-modelle/audi/a1/gb/296870/,Getriebeart,Schaltgetriebe
AUDI,A,A1 GB,2018,2026,Audi A1 Sportback 25 TFSI (01/19 - 09/19),ICE,https://www.adac.de/rund-ums-fahrzeug/autokatalog/marken-modelle/audi/a1/gb/296870/,Grundpreis,19950 Euro
AUDI,A,A1 GB,2018,2026,Audi A1 Sportback 25 TFSI (01/19 - 09/19),ICE,https://www.adac.de/rund-ums-fahrzeug/autokatalog/marken-modelle/audi/a1/gb/296870/,HSN/TSN Schlüsselnummern,0588/BNN
AUDI,A,A1 GB,2018,2026,Audi A1 Sportback 25 TFSI (01/19 - 09/19),ICE,https://www.adac.de/rund-ums-fahrzeug/autokatalog/marken-modelle/audi/a1/gb/296870/,Haftpflichtbeitrag 100%,1.320 €
AUDI,A,A1 GB,2018,2026,Audi A1 Sportback 25 TFSI (01/19 - 09/19),ICE,https://www.adac.de/rund-ums-fahrzeug/autokatalog/marken-modelle/audi/a1/gb/296870/,Herstellerinterne Baureihenbezeichnung,GB
AUDI,A,A1 GB,2018,2026,Audi A1 Sportback 25 TFSI (01/19 - 09/19),ICE,https://www.adac.de/rund-ums-fahrzeug/autokatalog/marken-modelle/audi/a1/gb/296870/,Hubraum (Verbrennungsmotor),999 ccm
AUDI,A,A1 GB,2018,2026,Audi A1 Sportback 25 TFSI (01/19 - 09/19),ICE,https://www.adac.de/rund-ums-fahrzeug/autokatalog/marken-modelle/audi/a1/gb/296870/,Höchstgeschwindigkeit,191 km/h
AUDI,A,A1 GB,2018,2026,Audi A1 Sportback 25 TFSI (01/19 - 09/19),ICE,https://www.adac.de/rund-ums-fahrzeug/autokatalog/marken-modelle/audi/a1/gb/296870/,Höhe,1409 mm
AUDI,A,A1 GB,2018,2026,Audi A1 Sportback 25 TFSI (01/19 - 09/19),ICE,https://www.adac.de/rund-ums-fahrzeug/autokatalog/marken-modelle/audi/a1/gb/296870/,Jahr der Zulassung des betroffenen Fahrzeugs,Pannen pro 1000 Fahrzeuge
AUDI,A,A1 GB,2018,2026,Audi A1 Sportback 25 TFSI (01/19 - 09/19),ICE,https://www.adac.de/rund-ums-fahrzeug/autokatalog/marken-modelle/audi/a1/gb/296870/,KFZ-Steuer ohne Befreiung/Jahr (kann durch WLTP abweichen),78 Euro
AUDI,A,A1 GB,2018,2026,Audi A1 Sportback 25 TFSI (01/19 - 09/19),ICE,https://www.adac.de/rund-ums-fahrzeug/autokatalog/marken-modelle/audi/a1/gb/296870/,KFZ-Steuer pro Jahr ohne Steuerbefreiung,78 €
AUDI,A,A1 GB,2018,2026,Audi A1 Sportback 25 TFSI (01/19 - 09/19),ICE,https://www.adac.de/rund-ums-fahrzeug/autokatalog/marken-modelle/audi/a1/gb/296870/,Karosserie,Schrägheck
AUDI,A,A1 GB,2018,2026,Audi A1 Sportback 25 TFSI (01/19 - 09/19),ICE,https://www.adac.de/rund-ums-fahrzeug/autokatalog/marken-modelle/audi/a1/gb/296870/,Klassenübliche Ausstattung nach ADAC-Vorgabe,3580 Euro
AUDI,A,A1 GB,2018,2026,Audi A1 Sportback 25 TFSI (01/19 - 09/19),ICE,https://www.adac.de/rund-ums-fahrzeug/autokatalog/marken-modelle/audi/a1/gb/296870/,Klimaanlage,Serie
AUDI,A,A1 GB,2018,2026,Audi A1 Sportback 25 TFSI (01/19 - 09/19),ICE,https://www.adac.de/rund-ums-fahrzeug/autokatalog/marken-modelle/audi/a1/gb/296870/,Kofferraumvolumen dachhoch mit umgeklappter Rücksitzbank,1090 l
AUDI,A,A1 GB,2018,2026,Audi A1 Sportback 25 TFSI (01/19 - 09/19),ICE,https://www.adac.de/rund-ums-fahrzeug/autokatalog/marken-modelle/audi/a1/gb/296870/,Kofferraumvolumen normal,335 l
AUDI,A,A1 GB,2018,2026,Audi A1 Sportback 25 TFSI (01/19 - 09/19),ICE,https://www.adac.de/rund-ums-fahrzeug/autokatalog/marken-modelle/audi/a1/gb/296870/,Kollisionswarnung,Serie
AUDI,A,A1 GB,2018,2026,Audi A1 Sportback 25 TFSI (01/19 - 09/19),ICE,https://www.adac.de/rund-ums-fahrzeug/autokatalog/marken-modelle/audi/a1/gb/296870/,Kopfairbag hinten,Serie
AUDI,A,A1 GB,2018,2026,Audi A1 Sportback 25 TFSI (01/19 - 09/19),ICE,https://www.adac.de/rund-ums-fahrzeug/autokatalog/marken-modelle/audi/a1/gb/296870/,Kopfairbag hinten - Bezeichnung,Windowbag
AUDI,A,A1 GB,2018,2026,Audi A1 Sportback 25 TFSI (01/19 - 09/19),ICE,https://www.adac.de/rund-ums-fahrzeug/autokatalog/marken-modelle/audi/a1/gb/296870/,Kopfairbag vorne,Serie
AUDI,A,A1 GB,2018,2026,Audi A1 Sportback 25 TFSI (01/19 - 09/19),ICE,https://www.adac.de/rund-ums-fahrzeug/autokatalog/marken-modelle/audi/a1/gb/296870/,Kopfairbag vorne - Bezeichnung,Windowbag
AUDI,A,A1 GB,2018,2026,Audi A1 Sportback 25 TFSI (01/19 - 09/19),ICE,https://www.adac.de/rund-ums-fahrzeug/autokatalog/marken-modelle/audi/a1/gb/296870/,Kopfstütze hinten Mitte,Serie
AUDI,A,A1 GB,2018,2026,Audi A1 Sportback 25 TFSI (01/19 - 09/19),ICE,https://www.adac.de/rund-ums-fahrzeug/autokatalog/marken-modelle/audi/a1/gb/296870/,Kopfstützen hinten,Serie
AUDI,A,A1 GB,2018,2026,Audi A1 Sportback 25 TFSI (01/19 - 09/19),ICE,https://www.adac.de/rund-ums-fahrzeug/autokatalog/marken-modelle/audi/a1/gb/296870/,Kraftstoffart,Super
AUDI,A,A1 GB,2018,2026,Audi A1 Sportback 25 TFSI (01/19 - 09/19),ICE,https://www.adac.de/rund-ums-fahrzeug/autokatalog/marken-modelle/audi/a1/gb/296870/,Kurvenlicht,Paket
AUDI,A,A1 GB,2018,2026,Audi A1 Sportback 25 TFSI (01/19 - 09/19),ICE,https://www.adac.de/rund-ums-fahrzeug/autokatalog/marken-modelle/audi/a1/gb/296870/,LED-Scheinwerfer,980 Euro
AUDI,A,A1 GB,2018,2026,Audi A1 Sportback 25 TFSI (01/19 - 09/19),ICE,https://www.adac.de/rund-ums-fahrzeug/autokatalog/marken-modelle/audi/a1/gb/296870/,Lackgarantie,3 Jahre
AUDI,A,A1 GB,2018,2026,Audi A1 Sportback 25 TFSI (01/19 - 09/19),ICE,https://www.adac.de/rund-ums-fahrzeug/autokatalog/marken-modelle/audi/a1/gb/296870/,Lederausstattung,850 Euro
AUDI,A,A1 GB,2018,2026,Audi A1 Sportback 25 TFSI (01/19 - 09/19),ICE,https://www.adac.de/rund-ums-fahrzeug/autokatalog/marken-modelle/audi/a1/gb/296870/,Leergewicht (EU),1165 kg
AUDI,A,A1 GB,2018,2026,Audi A1 Sportback 25 TFSI (01/19 - 09/19),ICE,https://www.adac.de/rund-ums-fahrzeug/autokatalog/marken-modelle/audi/a1/gb/296870/,Leistung / Drehmoment (Verbrennungsmotor),70 kW (95 PS) / 175 Nm
AUDI,A,A1 GB,2018,2026,Audi A1 Sportback 25 TFSI (01/19 - 09/19),ICE,https://www.adac.de/rund-ums-fahrzeug/autokatalog/marken-modelle/audi/a1/gb/296870/,Leistung maximal bei U/min. (Verbrennungsmotor),5000 U/min
AUDI,A,A1 GB,2018,2026,Audi A1 Sportback 25 TFSI (01/19 - 09/19),ICE,https://www.adac.de/rund-ums-fahrzeug/autokatalog/marken-modelle/audi/a1/gb/296870/,Leistung maximal in PS (Systemleistung),95
AUDI,A,A1 GB,2018,2026,Audi A1 Sportback 25 TFSI (01/19 - 09/19),ICE,https://www.adac.de/rund-ums-fahrzeug/autokatalog/marken-modelle/audi/a1/gb/296870/,Leistung maximal in kW (Systemleistung),70
AUDI,A,A1 GB,2018,2026,Audi A1 Sportback 25 TFSI (01/19 - 09/19),ICE,https://www.adac.de/rund-ums-fahrzeug/autokatalog/marken-modelle/audi/a1/gb/296870/,Lichtsensor,Serie
AUDI,A,A1 GB,2018,2026,Audi A1 Sportback 25 TFSI (01/19 - 09/19),ICE,https://www.adac.de/rund-ums-fahrzeug/autokatalog/marken-modelle/audi/a1/gb/296870/,Länge,4029 mm
AUDI,A,A1 GB,2018,2026,Audi A1 Sportback 25 TFSI (01/19 - 09/19),ICE,https://www.adac.de/rund-ums-fahrzeug/autokatalog/marken-modelle/audi/a1/gb/296870/,Marke,Audi
AUDI,A,A1 GB,2018,2026,Audi A1 Sportback 25 TFSI (01/19 - 09/19),ICE,https://www.adac.de/rund-ums-fahrzeug/autokatalog/marken-modelle/audi/a1/gb/296870/,Metallic-Lackierung,550 Euro
AUDI,A,A1 GB,2018,2026,Audi A1 Sportback 25 TFSI (01/19 - 09/19),ICE,https://www.adac.de/rund-ums-fahrzeug/autokatalog/marken-modelle/audi/a1/gb/296870/,Modell,A1 Sportback 25 TFSI
AUDI,A,A1 GB,2018,2026,Audi A1 Sportback 25 TFSI (01/19 - 09/19),ICE,https://www.adac.de/rund-ums-fahrzeug/autokatalog/marken-modelle/audi/a1/gb/296870/,Modellende,09/19
AUDI,A,A1 GB,2018,2026,Audi A1 Sportback 25 TFSI (01/19 - 09/19),ICE,https://www.adac.de/rund-ums-fahrzeug/autokatalog/marken-modelle/audi/a1/gb/296870/,Modellstart,01/19
AUDI,A,A1 GB,2018,2026,Audi A1 Sportback 25 TFSI (01/19 - 09/19),ICE,https://www.adac.de/rund-ums-fahrzeug/autokatalog/marken-modelle/audi/a1/gb/296870/,Motorart,Otto
AUDI,A,A1 GB,2018,2026,Audi A1 Sportback 25 TFSI (01/19 - 09/19),ICE,https://www.adac.de/rund-ums-fahrzeug/autokatalog/marken-modelle/audi/a1/gb/296870/,Motorcode,DKL
AUDI,A,A1 GB,2018,2026,Audi A1 Sportback 25 TFSI (01/19 - 09/19),ICE,https://www.adac.de/rund-ums-fahrzeug/autokatalog/marken-modelle/audi/a1/gb/296870/,Navigation,3210 Euro
AUDI,A,A1 GB,2018,2026,Audi A1 Sportback 25 TFSI (01/19 - 09/19),ICE,https://www.adac.de/rund-ums-fahrzeug/autokatalog/marken-modelle/audi/a1/gb/296870/,Navigation - Bezeichnung,Farbdisplay
AUDI,A,A1 GB,2018,2026,Audi A1 Sportback 25 TFSI (01/19 - 09/19),ICE,https://www.adac.de/rund-ums-fahrzeug/autokatalog/marken-modelle/audi/a1/gb/296870/,Nockenwellensteuerung,Zahnriemen
AUDI,A,A1 GB,2018,2026,Audi A1 Sportback 25 TFSI (01/19 - 09/19),ICE,https://www.adac.de/rund-ums-fahrzeug/autokatalog/marken-modelle/audi/a1/gb/296870/,Notbremsassistent,Paket
AUDI,A,A1 GB,2018,2026,Audi A1 Sportback 25 TFSI (01/19 - 09/19),ICE,https://www.adac.de/rund-ums-fahrzeug/autokatalog/marken-modelle/audi/a1/gb/296870/,Notruffunktion,Serie
AUDI,A,A1 GB,2018,2026,Audi A1 Sportback 25 TFSI (01/19 - 09/19),ICE,https://www.adac.de/rund-ums-fahrzeug/autokatalog/marken-modelle/audi/a1/gb/296870/,PreCrash-System,200 Euro
AUDI,A,A1 GB,2018,2026,Audi A1 Sportback 25 TFSI (01/19 - 09/19),ICE,https://www.adac.de/rund-ums-fahrzeug/autokatalog/marken-modelle/audi/a1/gb/296870/,PreCrash-System - Bezeichnung,Reversible Gurtstraffer/Schließfunktion
AUDI,A,A1 GB,2018,2026,Audi A1 Sportback 25 TFSI (01/19 - 09/19),ICE,https://www.adac.de/rund-ums-fahrzeug/autokatalog/marken-modelle/audi/a1/gb/296870/,Radio,Serie
AUDI,A,A1 GB,2018,2026,Audi A1 Sportback 25 TFSI (01/19 - 09/19),ICE,https://www.adac.de/rund-ums-fahrzeug/autokatalog/marken-modelle/audi/a1/gb/296870/,Radio - Bezeichnung,MMI Radio
AUDI,A,A1 GB,2018,2026,Audi A1 Sportback 25 TFSI (01/19 - 09/19),ICE,https://www.adac.de/rund-ums-fahrzeug/autokatalog/marken-modelle/audi/a1/gb/296870/,Radstand,2563 mm
AUDI,A,A1 GB,2018,2026,Audi A1 Sportback 25 TFSI (01/19 - 09/19),ICE,https://www.adac.de/rund-ums-fahrzeug/autokatalog/marken-modelle/audi/a1/gb/296870/,Regensensor,Serie
AUDI,A,A1 GB,2018,2026,Audi A1 Sportback 25 TFSI (01/19 - 09/19),ICE,https://www.adac.de/rund-ums-fahrzeug/autokatalog/marken-modelle/audi/a1/gb/296870/,Reifendruckkontrolle,Serie
AUDI,A,A1 GB,2018,2026,Audi A1 Sportback 25 TFSI (01/19 - 09/19),ICE,https://www.adac.de/rund-ums-fahrzeug/autokatalog/marken-modelle/audi/a1/gb/296870/,Reifendruckkontrolle - Bezeichnung,indirekte Messung (ABS)
AUDI,A,A1 GB,2018,2026,Audi A1 Sportback 25 TFSI (01/19 - 09/19),ICE,https://www.adac.de/rund-ums-fahrzeug/autokatalog/marken-modelle/audi/a1/gb/296870/,Reifengröße,185/65R15
AUDI,A,A1 GB,2018,2026,Audi A1 Sportback 25 TFSI (01/19 - 09/19),ICE,https://www.adac.de/rund-ums-fahrzeug/autokatalog/marken-modelle/audi/a1/gb/296870/,Rücksitzbank umklappbar,Serie
AUDI,A,A1 GB,2018,2026,Audi A1 Sportback 25 TFSI (01/19 - 09/19),ICE,https://www.adac.de/rund-ums-fahrzeug/autokatalog/marken-modelle/audi/a1/gb/296870/,Schadstoffklasse,Euro 6d-TEMP (WLTP) 36AG-AI
AUDI,A,A1 GB,2018,2026,Audi A1 Sportback 25 TFSI (01/19 - 09/19),ICE,https://www.adac.de/rund-ums-fahrzeug/autokatalog/marken-modelle/audi/a1/gb/296870/,Schaltpunktanzeige,Paket
AUDI,A,A1 GB,2018,2026,Audi A1 Sportback 25 TFSI (01/19 - 09/19),ICE,https://www.adac.de/rund-ums-fahrzeug/autokatalog/marken-modelle/audi/a1/gb/296870/,Seitenairbag vorne,Serie
AUDI,A,A1 GB,2018,2026,Audi A1 Sportback 25 TFSI (01/19 - 09/19),ICE,https://www.adac.de/rund-ums-fahrzeug/autokatalog/marken-modelle/audi/a1/gb/296870/,Servolenkung,Serie
AUDI,A,A1 GB,2018,2026,Audi A1 Sportback 25 TFSI (01/19 - 09/19),ICE,https://www.adac.de/rund-ums-fahrzeug/autokatalog/marken-modelle/audi/a1/gb/296870/,Sitzanzahl,5
AUDI,A,A1 GB,2018,2026,Audi A1 Sportback 25 TFSI (01/19 - 09/19),ICE,https://www.adac.de/rund-ums-fahrzeug/autokatalog/marken-modelle/audi/a1/gb/296870/,Smartphone-Induktive Ladeeinrichtung,Paket
AUDI,A,A1 GB,2018,2026,Audi A1 Sportback 25 TFSI (01/19 - 09/19),ICE,https://www.adac.de/rund-ums-fahrzeug/autokatalog/marken-modelle/audi/a1/gb/296870/,Smartphone-Integration (Android Auto/Apple CarPlay),535 Euro
AUDI,A,A1 GB,2018,2026,Audi A1 Sportback 25 TFSI (01/19 - 09/19),ICE,https://www.adac.de/rund-ums-fahrzeug/autokatalog/marken-modelle/audi/a1/gb/296870/,Speed-Limiter,Serie
AUDI,A,A1 GB,2018,2026,Audi A1 Sportback 25 TFSI (01/19 - 09/19),ICE,https://www.adac.de/rund-ums-fahrzeug/autokatalog/marken-modelle/audi/a1/gb/296870/,Spurhalteassistent,Serie
AUDI,A,A1 GB,2018,2026,Audi A1 Sportback 25 TFSI (01/19 - 09/19),ICE,https://www.adac.de/rund-ums-fahrzeug/autokatalog/marken-modelle/audi/a1/gb/296870/,Start-/Stopp-Automatik (Verbrennungsmotor),Serie
AUDI,A,A1 GB,2018,2026,Audi A1 Sportback 25 TFSI (01/19 - 09/19),ICE,https://www.adac.de/rund-ums-fahrzeug/autokatalog/marken-modelle/audi/a1/gb/296870/,Tankgröße,"40,0 l"
AUDI,A,A1 GB,2018,2026,Audi A1 Sportback 25 TFSI (01/19 - 09/19),ICE,https://www.adac.de/rund-ums-fahrzeug/autokatalog/marken-modelle/audi/a1/gb/296870/,Teilkaskobeitrag 150 € SB,638 €
AUDI,A,A1 GB,2018,2026,Audi A1 Sportback 25 TFSI (01/19 - 09/19),ICE,https://www.adac.de/rund-ums-fahrzeug/autokatalog/marken-modelle/audi/a1/gb/296870/,Typklassen (KH/VK/TK),17/19/22
AUDI,A,A1 GB,2018,2026,Audi A1 Sportback 25 TFSI (01/19 - 09/19),ICE,https://www.adac.de/rund-ums-fahrzeug/autokatalog/marken-modelle/audi/a1/gb/296870/,Türanzahl,5
AUDI,A,A1 GB,2018,2026,Audi A1 Sportback 25 TFSI (01/19 - 09/19),ICE,https://www.adac.de/rund-ums-fahrzeug/autokatalog/marken-modelle/audi/a1/gb/296870/,Variable Lichtverteilung,Paket
AUDI,A,A1 GB,2018,2026,Audi A1 Sportback 25 TFSI (01/19 - 09/19),ICE,https://www.adac.de/rund-ums-fahrzeug/autokatalog/marken-modelle/audi/a1/gb/296870/,Verbrauch Autobahn (WLTP),"5,7 l/100 km"
AUDI,A,A1 GB,2018,2026,Audi A1 Sportback 25 TFSI (01/19 - 09/19),ICE,https://www.adac.de/rund-ums-fahrzeug/autokatalog/marken-modelle/audi/a1/gb/296870/,Verbrauch Kurzstrecke (WLTP),"6,9 l/100 km"
AUDI,A,A1 GB,2018,2026,Audi A1 Sportback 25 TFSI (01/19 - 09/19),ICE,https://www.adac.de/rund-ums-fahrzeug/autokatalog/marken-modelle/audi/a1/gb/296870/,Verbrauch Landstraße (WLTP),"4,8 l/100 km"
AUDI,A,A1 GB,2018,2026,Audi A1 Sportback 25 TFSI (01/19 - 09/19),ICE,https://www.adac.de/rund-ums-fahrzeug/autokatalog/marken-modelle/audi/a1/gb/296870/,Verbrauch Stadtrand (WLTP),"5,3 l/100 km"
AUDI,A,A1 GB,2018,2026,Audi A1 Sportback 25 TFSI (01/19 - 09/19),ICE,https://www.adac.de/rund-ums-fahrzeug/autokatalog/marken-modelle/audi/a1/gb/296870/,Verbrauch kombiniert (WLTP),"5,5 l/100 km"
AUDI,A,A1 GB,2018,2026,Audi A1 Sportback 25 TFSI (01/19 - 09/19),ICE,https://www.adac.de/rund-ums-fahrzeug/autokatalog/marken-modelle/audi/a1/gb/296870/,Vollkaskobetrag 100% 500 € SB,1.472 €
AUDI,A,A1 GB,2018,2026,Audi A1 Sportback 25 TFSI (01/19 - 09/19),ICE,https://www.adac.de/rund-ums-fahrzeug/autokatalog/marken-modelle/audi/a1/gb/296870/,WLAN Hotspot,Paket
AUDI,A,A1 GB,2018,2026,Audi A1 Sportback 25 TFSI (01/19 - 09/19),ICE,https://www.adac.de/rund-ums-fahrzeug/autokatalog/marken-modelle/audi/a1/gb/296870/,Wendekreis,"10,6 m"
AUDI,A,A1 GB,2018,2026,Audi A1 Sportback 25 TFSI (01/19 - 09/19),ICE,https://www.adac.de/rund-ums-fahrzeug/autokatalog/marken-modelle/audi/a1/gb/296870/,Werkstattkosten,98 €
AUDI,A,A1 GB,2018,2026,Audi A1 Sportback 25 TFSI (01/19 - 09/19),ICE,https://www.adac.de/rund-ums-fahrzeug/autokatalog/marken-modelle/audi/a1/gb/296870/,Wertverlust,59 €
AUDI,A,A1 GB,2018,2026,Audi A1 Sportback 25 TFSI (01/19 - 09/19),ICE,https://www.adac.de/rund-ums-fahrzeug/autokatalog/marken-modelle/audi/a1/gb/296870/,Zentralverriegelung,Serie
AUDI,A,A1 GB,2018,2026,Audi A1 Sportback 25 TFSI (01/19 - 09/19),ICE,https://www.adac.de/rund-ums-fahrzeug/autokatalog/marken-modelle/audi/a1/gb/296870/,Zul. Gesamtgewicht,1630 kg
AUDI,A,A1 GB,2018,2026,Audi A1 Sportback 25 TFSI (01/19 - 09/19),ICE,https://www.adac.de/rund-ums-fahrzeug/autokatalog/marken-modelle/audi/a1/gb/296870/,Zuladung,465 kg
AUDI,A,A1 GB,2018,2026,Audi A1 Sportback 25 TFSI (01/19 - 09/19),ICE,https://www.adac.de/rund-ums-fahrzeug/autokatalog/marken-modelle/audi/a1/gb/296870/,Zusätzliche Garantien,"Mobilitätsgarantie: 2 Jahre europaweit, erweiterbar auf lebenslang unter Einhaltung aller Inspektionen;"
AUDI,A,A1 GB,2018,2026,Audi A1 Sportback 25 TFSI (03/24 - 06/25),ICE,https://www.adac.de/rund-ums-fahrzeug/autokatalog/marken-modelle/audi/a1/gb/333734/,3-Punkt-Gurt hinten Mitte,Serie
AUDI,A,A1 GB,2018,2026,Audi A1 Sportback 25 TFSI (03/24 - 06/25),ICE,https://www.adac.de/rund-ums-fahrzeug/autokatalog/marken-modelle/audi/a1/gb/333734/,3-Punkt-Gurt hinten Mitte - Bezeichnung,3-Punkt Gurt
AUDI,A,A1 GB,2018,2026,Audi A1 Sportback 25 TFSI (03/24 - 06/25),ICE,https://www.adac.de/rund-ums-fahrzeug/autokatalog/marken-modelle/audi/a1/gb/333734/,ABS,Serie
AUDI,A,A1 GB,2018,2026,Audi A1 Sportback 25 TFSI (03/24 - 06/25),ICE,https://www.adac.de/rund-ums-fahrzeug/autokatalog/marken-modelle/audi/a1/gb/333734/,Abgasreinigung (Verbrennungsmotor),Otto-Partikelfilter
AUDI,A,A1 GB,2018,2026,Audi A1 Sportback 25 TFSI (03/24 - 06/25),ICE,https://www.adac.de/rund-ums-fahrzeug/autokatalog/marken-modelle/audi/a1/gb/333734/,Airbag Beifahrer,Serie
AUDI,A,A1 GB,2018,2026,Audi A1 Sportback 25 TFSI (03/24 - 06/25),ICE,https://www.adac.de/rund-ums-fahrzeug/autokatalog/marken-modelle/audi/a1/gb/333734/,Airbag Deaktivierung,Serie
AUDI,A,A1 GB,2018,2026,Audi A1 Sportback 25 TFSI (03/24 - 06/25),ICE,https://www.adac.de/rund-ums-fahrzeug/autokatalog/marken-modelle/audi/a1/gb/333734/,Airbag Deaktivierung - Bezeichnung,Schalter
AUDI,A,A1 GB,2018,2026,Audi A1 Sportback 25 TFSI (03/24 - 06/25),ICE,https://www.adac.de/rund-ums-fahrzeug/autokatalog/marken-modelle/audi/a1/gb/333734/,Airbag Fahrer,Serie
AUDI,A,A1 GB,2018,2026,Audi A1 Sportback 25 TFSI (03/24 - 06/25),ICE,https://www.adac.de/rund-ums-fahrzeug/autokatalog/marken-modelle/audi/a1/gb/333734/,Aktive Kopfstützen,Serie
AUDI,A,A1 GB,2018,2026,Audi A1 Sportback 25 TFSI (03/24 - 06/25),ICE,https://www.adac.de/rund-ums-fahrzeug/autokatalog/marken-modelle/audi/a1/gb/333734/,Alufelgen,450 Euro
AUDI,A,A1 GB,2018,2026,Audi A1 Sportback 25 TFSI (03/24 - 06/25),ICE,https://www.adac.de/rund-ums-fahrzeug/autokatalog/marken-modelle/audi/a1/gb/333734/,Antriebsart,Vorderrad
AUDI,A,A1 GB,2018,2026,Audi A1 Sportback 25 TFSI (03/24 - 06/25),ICE,https://www.adac.de/rund-ums-fahrzeug/autokatalog/marken-modelle/audi/a1/gb/333734/,Antriebsschlupfregelung,Serie
AUDI,A,A1 GB,2018,2026,Audi A1 Sportback 25 TFSI (03/24 - 06/25),ICE,https://www.adac.de/rund-ums-fahrzeug/autokatalog/marken-modelle/audi/a1/gb/333734/,Antriebsschlupfregelung - Bezeichnung,Autom. Stabilitätskontrolle mit Traktion
AUDI,A,A1 GB,2018,2026,Audi A1 Sportback 25 TFSI (03/24 - 06/25),ICE,https://www.adac.de/rund-ums-fahrzeug/autokatalog/marken-modelle/audi/a1/gb/333734/,Anzahl Gänge,5
AUDI,A,A1 GB,2018,2026,Audi A1 Sportback 25 TFSI (03/24 - 06/25),ICE,https://www.adac.de/rund-ums-fahrzeug/autokatalog/marken-modelle/audi/a1/gb/333734/,Anzahl Ventile (Verbrennungsmotor),4
AUDI,A,A1 GB,2018,2026,Audi A1 Sportback 25 TFSI (03/24 - 06/25),ICE,https://www.adac.de/rund-ums-fahrzeug/autokatalog/marken-modelle/audi/a1/gb/333734/,Anzahl Zylinder (Verbrennungsmotor),3
AUDI,A,A1 GB,2018,2026,Audi A1 Sportback 25 TFSI (03/24 - 06/25),ICE,https://www.adac.de/rund-ums-fahrzeug/autokatalog/marken-modelle/audi/a1/gb/333734/,Aufladung (Verbrennungsmotor),Turbo
AUDI,A,A1 GB,2018,2026,Audi A1 Sportback 25 TFSI (03/24 - 06/25),ICE,https://www.adac.de/rund-ums-fahrzeug/autokatalog/marken-modelle/audi/a1/gb/333734/,Autom. Abstandsregelung,550 Euro
AUDI,A,A1 GB,2018,2026,Audi A1 Sportback 25 TFSI (03/24 - 06/25),ICE,https://www.adac.de/rund-ums-fahrzeug/autokatalog/marken-modelle/audi/a1/gb/333734/,Baureihe,A1 (GB) (11/18 - 04/26)
AUDI,A,A1 GB,2018,2026,Audi A1 Sportback 25 TFSI (03/24 - 06/25),ICE,https://www.adac.de/rund-ums-fahrzeug/autokatalog/marken-modelle/audi/a1/gb/333734/,Baureihenende,04/26
AUDI,A,A1 GB,2018,2026,Audi A1 Sportback 25 TFSI (03/24 - 06/25),ICE,https://www.adac.de/rund-ums-fahrzeug/autokatalog/marken-modelle/audi/a1/gb/333734/,Baureihenstart,11/18
AUDI,A,A1 GB,2018,2026,Audi A1 Sportback 25 TFSI (03/24 - 06/25),ICE,https://www.adac.de/rund-ums-fahrzeug/autokatalog/marken-modelle/audi/a1/gb/333734/,Berganfahrassistent,60 Euro
AUDI,A,A1 GB,2018,2026,Audi A1 Sportback 25 TFSI (03/24 - 06/25),ICE,https://www.adac.de/rund-ums-fahrzeug/autokatalog/marken-modelle/audi/a1/gb/333734/,Beschleunigung 0-100km/h,"11,0 s"
AUDI,A,A1 GB,2018,2026,Audi A1 Sportback 25 TFSI (03/24 - 06/25),ICE,https://www.adac.de/rund-ums-fahrzeug/autokatalog/marken-modelle/audi/a1/gb/333734/,Betriebskosten,157 €
AUDI,A,A1 GB,2018,2026,Audi A1 Sportback 25 TFSI (03/24 - 06/25),ICE,https://www.adac.de/rund-ums-fahrzeug/autokatalog/marken-modelle/audi/a1/gb/333734/,Breite,1740 mm
AUDI,A,A1 GB,2018,2026,Audi A1 Sportback 25 TFSI (03/24 - 06/25),ICE,https://www.adac.de/rund-ums-fahrzeug/autokatalog/marken-modelle/audi/a1/gb/333734/,Breite (inkl. Außenspiegel),1940 mm
AUDI,A,A1 GB,2018,2026,Audi A1 Sportback 25 TFSI (03/24 - 06/25),ICE,https://www.adac.de/rund-ums-fahrzeug/autokatalog/marken-modelle/audi/a1/gb/333734/,Bremsassistent,Serie
AUDI,A,A1 GB,2018,2026,Audi A1 Sportback 25 TFSI (03/24 - 06/25),ICE,https://www.adac.de/rund-ums-fahrzeug/autokatalog/marken-modelle/audi/a1/gb/333734/,Bremsassistent - Bezeichnung,Multikollisionsbremse
AUDI,A,A1 GB,2018,2026,Audi A1 Sportback 25 TFSI (03/24 - 06/25),ICE,https://www.adac.de/rund-ums-fahrzeug/autokatalog/marken-modelle/audi/a1/gb/333734/,Bremse hinten,Scheibe
AUDI,A,A1 GB,2018,2026,Audi A1 Sportback 25 TFSI (03/24 - 06/25),ICE,https://www.adac.de/rund-ums-fahrzeug/autokatalog/marken-modelle/audi/a1/gb/333734/,Bremse vorne,Scheibe
AUDI,A,A1 GB,2018,2026,Audi A1 Sportback 25 TFSI (03/24 - 06/25),ICE,https://www.adac.de/rund-ums-fahrzeug/autokatalog/marken-modelle/audi/a1/gb/333734/,Bremslicht dynamisch,Serie
AUDI,A,A1 GB,2018,2026,Audi A1 Sportback 25 TFSI (03/24 - 06/25),ICE,https://www.adac.de/rund-ums-fahrzeug/autokatalog/marken-modelle/audi/a1/gb/333734/,Bremslicht dynamisch - Bezeichnung,Flashing Brake Light und Aktivierung der Warnblinkanlage (kurz vor Stillstand)
AUDI,A,A1 GB,2018,2026,Audi A1 Sportback 25 TFSI (03/24 - 06/25),ICE,https://www.adac.de/rund-ums-fahrzeug/autokatalog/marken-modelle/audi/a1/gb/333734/,CO2-Effizienzklasse,D
AUDI,A,A1 GB,2018,2026,Audi A1 Sportback 25 TFSI (03/24 - 06/25),ICE,https://www.adac.de/rund-ums-fahrzeug/autokatalog/marken-modelle/audi/a1/gb/333734/,CO2-Wert kombiniert (WLTP),120 g/km
AUDI,A,A1 GB,2018,2026,Audi A1 Sportback 25 TFSI (03/24 - 06/25),ICE,https://www.adac.de/rund-ums-fahrzeug/autokatalog/marken-modelle/audi/a1/gb/333734/,City-Notbremsassistent,Serie
AUDI,A,A1 GB,2018,2026,Audi A1 Sportback 25 TFSI (03/24 - 06/25),ICE,https://www.adac.de/rund-ums-fahrzeug/autokatalog/marken-modelle/audi/a1/gb/333734/,Dachlast,75 kg
AUDI,A,A1 GB,2018,2026,Audi A1 Sportback 25 TFSI (03/24 - 06/25),ICE,https://www.adac.de/rund-ums-fahrzeug/autokatalog/marken-modelle/audi/a1/gb/333734/,Digitaler Radioempfang (DAB),Serie
AUDI,A,A1 GB,2018,2026,Audi A1 Sportback 25 TFSI (03/24 - 06/25),ICE,https://www.adac.de/rund-ums-fahrzeug/autokatalog/marken-modelle/audi/a1/gb/333734/,Drehmoment (Systemleistung),175 Nm
AUDI,A,A1 GB,2018,2026,Audi A1 Sportback 25 TFSI (03/24 - 06/25),ICE,https://www.adac.de/rund-ums-fahrzeug/autokatalog/marken-modelle/audi/a1/gb/333734/,Drehmoment maximal bei U/min. (Verbrennungsmotor),1600 U/min
AUDI,A,A1 GB,2018,2026,Audi A1 Sportback 25 TFSI (03/24 - 06/25),ICE,https://www.adac.de/rund-ums-fahrzeug/autokatalog/marken-modelle/audi/a1/gb/333734/,Durchrostung,12 Jahre
AUDI,A,A1 GB,2018,2026,Audi A1 Sportback 25 TFSI (03/24 - 06/25),ICE,https://www.adac.de/rund-ums-fahrzeug/autokatalog/marken-modelle/audi/a1/gb/333734/,Einbauposition / Motorbauart (Verbrennungsmotor),Frontmotor / Reihe
AUDI,A,A1 GB,2018,2026,Audi A1 Sportback 25 TFSI (03/24 - 06/25),ICE,https://www.adac.de/rund-ums-fahrzeug/autokatalog/marken-modelle/audi/a1/gb/333734/,Einparkassistent,420 Euro
AUDI,A,A1 GB,2018,2026,Audi A1 Sportback 25 TFSI (03/24 - 06/25),ICE,https://www.adac.de/rund-ums-fahrzeug/autokatalog/marken-modelle/audi/a1/gb/333734/,Einparkhilfe,Serie
AUDI,A,A1 GB,2018,2026,Audi A1 Sportback 25 TFSI (03/24 - 06/25),ICE,https://www.adac.de/rund-ums-fahrzeug/autokatalog/marken-modelle/audi/a1/gb/333734/,Einparkhilfe - Bezeichnung,hinten
AUDI,A,A1 GB,2018,2026,Audi A1 Sportback 25 TFSI (03/24 - 06/25),ICE,https://www.adac.de/rund-ums-fahrzeug/autokatalog/marken-modelle/audi/a1/gb/333734/,Fahrdynamikregelung,Serie
AUDI,A,A1 GB,2018,2026,Audi A1 Sportback 25 TFSI (03/24 - 06/25),ICE,https://www.adac.de/rund-ums-fahrzeug/autokatalog/marken-modelle/audi/a1/gb/333734/,Fahrdynamikregelung - Bezeichnung,Elektronisches Stabilitätsprogramm
AUDI,A,A1 GB,2018,2026,Audi A1 Sportback 25 TFSI (03/24 - 06/25),ICE,https://www.adac.de/rund-ums-fahrzeug/autokatalog/marken-modelle/audi/a1/gb/333734/,Fahrgeräusch,70 dB
AUDI,A,A1 GB,2018,2026,Audi A1 Sportback 25 TFSI (03/24 - 06/25),ICE,https://www.adac.de/rund-ums-fahrzeug/autokatalog/marken-modelle/audi/a1/gb/333734/,Fahrzeugklasse,Kleinwagen (z.B. Polo)
AUDI,A,A1 GB,2018,2026,Audi A1 Sportback 25 TFSI (03/24 - 06/25),ICE,https://www.adac.de/rund-ums-fahrzeug/autokatalog/marken-modelle/audi/a1/gb/333734/,Federung hinten,Schraube
AUDI,A,A1 GB,2018,2026,Audi A1 Sportback 25 TFSI (03/24 - 06/25),ICE,https://www.adac.de/rund-ums-fahrzeug/autokatalog/marken-modelle/audi/a1/gb/333734/,Federung vorne,Schraube
AUDI,A,A1 GB,2018,2026,Audi A1 Sportback 25 TFSI (03/24 - 06/25),ICE,https://www.adac.de/rund-ums-fahrzeug/autokatalog/marken-modelle/audi/a1/gb/333734/,Fensterheber elektr. hinten,Serie
AUDI,A,A1 GB,2018,2026,Audi A1 Sportback 25 TFSI (03/24 - 06/25),ICE,https://www.adac.de/rund-ums-fahrzeug/autokatalog/marken-modelle/audi/a1/gb/333734/,Fensterheber elektr. vorne,Serie
AUDI,A,A1 GB,2018,2026,Audi A1 Sportback 25 TFSI (03/24 - 06/25),ICE,https://www.adac.de/rund-ums-fahrzeug/autokatalog/marken-modelle/audi/a1/gb/333734/,Fernlichtassistent,135 Euro
AUDI,A,A1 GB,2018,2026,Audi A1 Sportback 25 TFSI (03/24 - 06/25),ICE,https://www.adac.de/rund-ums-fahrzeug/autokatalog/marken-modelle/audi/a1/gb/333734/,Fixkosten,138 €
AUDI,A,A1 GB,2018,2026,Audi A1 Sportback 25 TFSI (03/24 - 06/25),ICE,https://www.adac.de/rund-ums-fahrzeug/autokatalog/marken-modelle/audi/a1/gb/333734/,Freisprecheinrichtung,Serie
AUDI,A,A1 GB,2018,2026,Audi A1 Sportback 25 TFSI (03/24 - 06/25),ICE,https://www.adac.de/rund-ums-fahrzeug/autokatalog/marken-modelle/audi/a1/gb/333734/,Fußgängererkennung,Serie
AUDI,A,A1 GB,2018,2026,Audi A1 Sportback 25 TFSI (03/24 - 06/25),ICE,https://www.adac.de/rund-ums-fahrzeug/autokatalog/marken-modelle/audi/a1/gb/333734/,Garantie (Fahrzeug),2 Jahre
AUDI,A,A1 GB,2018,2026,Audi A1 Sportback 25 TFSI (03/24 - 06/25),ICE,https://www.adac.de/rund-ums-fahrzeug/autokatalog/marken-modelle/audi/a1/gb/333734/,Gemischaufbereitung (Verbrennungsmotor),Direkteinspritzung
AUDI,A,A1 GB,2018,2026,Audi A1 Sportback 25 TFSI (03/24 - 06/25),ICE,https://www.adac.de/rund-ums-fahrzeug/autokatalog/marken-modelle/audi/a1/gb/333734/,Getriebeart,Schaltgetriebe
AUDI,A,A1 GB,2018,2026,Audi A1 Sportback 25 TFSI (03/24 - 06/25),ICE,https://www.adac.de/rund-ums-fahrzeug/autokatalog/marken-modelle/audi/a1/gb/333734/,Grundpreis,22950 Euro
AUDI,A,A1 GB,2018,2026,Audi A1 Sportback 25 TFSI (03/24 - 06/25),ICE,https://www.adac.de/rund-ums-fahrzeug/autokatalog/marken-modelle/audi/a1/gb/333734/,HSN/TSN Schlüsselnummern,0588/BNN
AUDI,A,A1 GB,2018,2026,Audi A1 Sportback 25 TFSI (03/24 - 06/25),ICE,https://www.adac.de/rund-ums-fahrzeug/autokatalog/marken-modelle/audi/a1/gb/333734/,Haftpflichtbeitrag 100%,1.320 €
AUDI,A,A1 GB,2018,2026,Audi A1 Sportback 25 TFSI (03/24 - 06/25),ICE,https://www.adac.de/rund-ums-fahrzeug/autokatalog/marken-modelle/audi/a1/gb/333734/,Herstellerinterne Baureihenbezeichnung,GB
AUDI,A,A1 GB,2018,2026,Audi A1 Sportback 25 TFSI (03/24 - 06/25),ICE,https://www.adac.de/rund-ums-fahrzeug/autokatalog/marken-modelle/audi/a1/gb/333734/,Hubraum (Verbrennungsmotor),999 ccm
AUDI,A,A1 GB,2018,2026,Audi A1 Sportback 25 TFSI (03/24 - 06/25),ICE,https://www.adac.de/rund-ums-fahrzeug/autokatalog/marken-modelle/audi/a1/gb/333734/,Höchstgeschwindigkeit,193 km/h
AUDI,A,A1 GB,2018,2026,Audi A1 Sportback 25 TFSI (03/24 - 06/25),ICE,https://www.adac.de/rund-ums-fahrzeug/autokatalog/marken-modelle/audi/a1/gb/333734/,Höhe,1409 mm
AUDI,A,A1 GB,2018,2026,Audi A1 Sportback 25 TFSI (03/24 - 06/25),ICE,https://www.adac.de/rund-ums-fahrzeug/autokatalog/marken-modelle/audi/a1/gb/333734/,KFZ-Steuer ohne Befreiung/Jahr (kann durch WLTP abweichen),71 Euro
AUDI,A,A1 GB,2018,2026,Audi A1 Sportback 25 TFSI (03/24 - 06/25),ICE,https://www.adac.de/rund-ums-fahrzeug/autokatalog/marken-modelle/audi/a1/gb/333734/,KFZ-Steuer pro Jahr ohne Steuerbefreiung,71 €
AUDI,A,A1 GB,2018,2026,Audi A1 Sportback 25 TFSI (03/24 - 06/25),ICE,https://www.adac.de/rund-ums-fahrzeug/autokatalog/marken-modelle/audi/a1/gb/333734/,Karosserie,Schrägheck
AUDI,A,A1 GB,2018,2026,Audi A1 Sportback 25 TFSI (03/24 - 06/25),ICE,https://www.adac.de/rund-ums-fahrzeug/autokatalog/marken-modelle/audi/a1/gb/333734/,Klassenübliche Ausstattung nach ADAC-Vorgabe,1965 Euro
AUDI,A,A1 GB,2018,2026,Audi A1 Sportback 25 TFSI (03/24 - 06/25),ICE,https://www.adac.de/rund-ums-fahrzeug/autokatalog/marken-modelle/audi/a1/gb/333734/,Klimaanlage,Serie
AUDI,A,A1 GB,2018,2026,Audi A1 Sportback 25 TFSI (03/24 - 06/25),ICE,https://www.adac.de/rund-ums-fahrzeug/autokatalog/marken-modelle/audi/a1/gb/333734/,Kofferraumvolumen dachhoch mit umgeklappter Rücksitzbank,1090 l
AUDI,A,A1 GB,2018,2026,Audi A1 Sportback 25 TFSI (03/24 - 06/25),ICE,https://www.adac.de/rund-ums-fahrzeug/autokatalog/marken-modelle/audi/a1/gb/333734/,Kofferraumvolumen normal,335 l
AUDI,A,A1 GB,2018,2026,Audi A1 Sportback 25 TFSI (03/24 - 06/25),ICE,https://www.adac.de/rund-ums-fahrzeug/autokatalog/marken-modelle/audi/a1/gb/333734/,Kollisionswarnung,Serie
AUDI,A,A1 GB,2018,2026,Audi A1 Sportback 25 TFSI (03/24 - 06/25),ICE,https://www.adac.de/rund-ums-fahrzeug/autokatalog/marken-modelle/audi/a1/gb/333734/,Kopfairbag hinten,Serie
AUDI,A,A1 GB,2018,2026,Audi A1 Sportback 25 TFSI (03/24 - 06/25),ICE,https://www.adac.de/rund-ums-fahrzeug/autokatalog/marken-modelle/audi/a1/gb/333734/,Kopfairbag hinten - Bezeichnung,Windowbag
AUDI,A,A1 GB,2018,2026,Audi A1 Sportback 25 TFSI (03/24 - 06/25),ICE,https://www.adac.de/rund-ums-fahrzeug/autokatalog/marken-modelle/audi/a1/gb/333734/,Kopfairbag vorne,Serie
AUDI,A,A1 GB,2018,2026,Audi A1 Sportback 25 TFSI (03/24 - 06/25),ICE,https://www.adac.de/rund-ums-fahrzeug/autokatalog/marken-modelle/audi/a1/gb/333734/,Kopfairbag vorne - Bezeichnung,Windowbag
AUDI,A,A1 GB,2018,2026,Audi A1 Sportback 25 TFSI (03/24 - 06/25),ICE,https://www.adac.de/rund-ums-fahrzeug/autokatalog/marken-modelle/audi/a1/gb/333734/,Kopfstütze hinten Mitte,Serie
AUDI,A,A1 GB,2018,2026,Audi A1 Sportback 25 TFSI (03/24 - 06/25),ICE,https://www.adac.de/rund-ums-fahrzeug/autokatalog/marken-modelle/audi/a1/gb/333734/,Kopfstützen hinten,Serie
AUDI,A,A1 GB,2018,2026,Audi A1 Sportback 25 TFSI (03/24 - 06/25),ICE,https://www.adac.de/rund-ums-fahrzeug/autokatalog/marken-modelle/audi/a1/gb/333734/,Kraftstoffart,Super
AUDI,A,A1 GB,2018,2026,Audi A1 Sportback 25 TFSI (03/24 - 06/25),ICE,https://www.adac.de/rund-ums-fahrzeug/autokatalog/marken-modelle/audi/a1/gb/333734/,Kurvenlicht,Paket
AUDI,A,A1 GB,2018,2026,Audi A1 Sportback 25 TFSI (03/24 - 06/25),ICE,https://www.adac.de/rund-ums-fahrzeug/autokatalog/marken-modelle/audi/a1/gb/333734/,LED-Scheinwerfer,980 Euro
AUDI,A,A1 GB,2018,2026,Audi A1 Sportback 25 TFSI (03/24 - 06/25),ICE,https://www.adac.de/rund-ums-fahrzeug/autokatalog/marken-modelle/audi/a1/gb/333734/,Lackgarantie,3 Jahre
AUDI,A,A1 GB,2018,2026,Audi A1 Sportback 25 TFSI (03/24 - 06/25),ICE,https://www.adac.de/rund-ums-fahrzeug/autokatalog/marken-modelle/audi/a1/gb/333734/,Lederausstattung,850 Euro
AUDI,A,A1 GB,2018,2026,Audi A1 Sportback 25 TFSI (03/24 - 06/25),ICE,https://www.adac.de/rund-ums-fahrzeug/autokatalog/marken-modelle/audi/a1/gb/333734/,Leergewicht (EU),1175 kg
AUDI,A,A1 GB,2018,2026,Audi A1 Sportback 25 TFSI (03/24 - 06/25),ICE,https://www.adac.de/rund-ums-fahrzeug/autokatalog/marken-modelle/audi/a1/gb/333734/,Leistung / Drehmoment (Verbrennungsmotor),70 kW (95 PS) / 175 Nm
AUDI,A,A1 GB,2018,2026,Audi A1 Sportback 25 TFSI (03/24 - 06/25),ICE,https://www.adac.de/rund-ums-fahrzeug/autokatalog/marken-modelle/audi/a1/gb/333734/,Leistung maximal bei U/min. (Verbrennungsmotor),5000 U/min
AUDI,A,A1 GB,2018,2026,Audi A1 Sportback 25 TFSI (03/24 - 06/25),ICE,https://www.adac.de/rund-ums-fahrzeug/autokatalog/marken-modelle/audi/a1/gb/333734/,Leistung maximal in PS (Systemleistung),95
AUDI,A,A1 GB,2018,2026,Audi A1 Sportback 25 TFSI (03/24 - 06/25),ICE,https://www.adac.de/rund-ums-fahrzeug/autokatalog/marken-modelle/audi/a1/gb/333734/,Leistung maximal in kW (Systemleistung),70
AUDI,A,A1 GB,2018,2026,Audi A1 Sportback 25 TFSI (03/24 - 06/25),ICE,https://www.adac.de/rund-ums-fahrzeug/autokatalog/marken-modelle/audi/a1/gb/333734/,Lichtsensor,Serie
AUDI,A,A1 GB,2018,2026,Audi A1 Sportback 25 TFSI (03/24 - 06/25),ICE,https://www.adac.de/rund-ums-fahrzeug/autokatalog/marken-modelle/audi/a1/gb/333734/,Länge,4029 mm
AUDI,A,A1 GB,2018,2026,Audi A1 Sportback 25 TFSI (03/24 - 06/25),ICE,https://www.adac.de/rund-ums-fahrzeug/autokatalog/marken-modelle/audi/a1/gb/333734/,Marke,Audi
AUDI,A,A1 GB,2018,2026,Audi A1 Sportback 25 TFSI (03/24 - 06/25),ICE,https://www.adac.de/rund-ums-fahrzeug/autokatalog/marken-modelle/audi/a1/gb/333734/,Metallic-Lackierung,550 Euro
AUDI,A,A1 GB,2018,2026,Audi A1 Sportback 25 TFSI (03/24 - 06/25),ICE,https://www.adac.de/rund-ums-fahrzeug/autokatalog/marken-modelle/audi/a1/gb/333734/,Modell,A1 Sportback 25 TFSI
AUDI,A,A1 GB,2018,2026,Audi A1 Sportback 25 TFSI (03/24 - 06/25),ICE,https://www.adac.de/rund-ums-fahrzeug/autokatalog/marken-modelle/audi/a1/gb/333734/,Modellende,06/25
AUDI,A,A1 GB,2018,2026,Audi A1 Sportback 25 TFSI (03/24 - 06/25),ICE,https://www.adac.de/rund-ums-fahrzeug/autokatalog/marken-modelle/audi/a1/gb/333734/,Modellstart,03/24
AUDI,A,A1 GB,2018,2026,Audi A1 Sportback 25 TFSI (03/24 - 06/25),ICE,https://www.adac.de/rund-ums-fahrzeug/autokatalog/marken-modelle/audi/a1/gb/333734/,Motorart,Otto
AUDI,A,A1 GB,2018,2026,Audi A1 Sportback 25 TFSI (03/24 - 06/25),ICE,https://www.adac.de/rund-ums-fahrzeug/autokatalog/marken-modelle/audi/a1/gb/333734/,Motorcode,DLA
AUDI,A,A1 GB,2018,2026,Audi A1 Sportback 25 TFSI (03/24 - 06/25),ICE,https://www.adac.de/rund-ums-fahrzeug/autokatalog/marken-modelle/audi/a1/gb/333734/,Müdigkeitserkennung,Serie
AUDI,A,A1 GB,2018,2026,Audi A1 Sportback 25 TFSI (03/24 - 06/25),ICE,https://www.adac.de/rund-ums-fahrzeug/autokatalog/marken-modelle/audi/a1/gb/333734/,Navigation,1965 Euro
AUDI,A,A1 GB,2018,2026,Audi A1 Sportback 25 TFSI (03/24 - 06/25),ICE,https://www.adac.de/rund-ums-fahrzeug/autokatalog/marken-modelle/audi/a1/gb/333734/,Navigation - Bezeichnung,Farbdisplay
AUDI,A,A1 GB,2018,2026,Audi A1 Sportback 25 TFSI (03/24 - 06/25),ICE,https://www.adac.de/rund-ums-fahrzeug/autokatalog/marken-modelle/audi/a1/gb/333734/,Nockenwellensteuerung,Zahnriemen
AUDI,A,A1 GB,2018,2026,Audi A1 Sportback 25 TFSI (03/24 - 06/25),ICE,https://www.adac.de/rund-ums-fahrzeug/autokatalog/marken-modelle/audi/a1/gb/333734/,Notbremsassistent,Paket
AUDI,A,A1 GB,2018,2026,Audi A1 Sportback 25 TFSI (03/24 - 06/25),ICE,https://www.adac.de/rund-ums-fahrzeug/autokatalog/marken-modelle/audi/a1/gb/333734/,Notruffunktion,Serie
AUDI,A,A1 GB,2018,2026,Audi A1 Sportback 25 TFSI (03/24 - 06/25),ICE,https://www.adac.de/rund-ums-fahrzeug/autokatalog/marken-modelle/audi/a1/gb/333734/,PreCrash-System,200 Euro
AUDI,A,A1 GB,2018,2026,Audi A1 Sportback 25 TFSI (03/24 - 06/25),ICE,https://www.adac.de/rund-ums-fahrzeug/autokatalog/marken-modelle/audi/a1/gb/333734/,PreCrash-System - Bezeichnung,Reversible Gurtstraffer/Schließfunktion
AUDI,A,A1 GB,2018,2026,Audi A1 Sportback 25 TFSI (03/24 - 06/25),ICE,https://www.adac.de/rund-ums-fahrzeug/autokatalog/marken-modelle/audi/a1/gb/333734/,Querverkehrassistent hinten,Paket
AUDI,A,A1 GB,2018,2026,Audi A1 Sportback 25 TFSI (03/24 - 06/25),ICE,https://www.adac.de/rund-ums-fahrzeug/autokatalog/marken-modelle/audi/a1/gb/333734/,Radio,Serie
AUDI,A,A1 GB,2018,2026,Audi A1 Sportback 25 TFSI (03/24 - 06/25),ICE,https://www.adac.de/rund-ums-fahrzeug/autokatalog/marken-modelle/audi/a1/gb/333734/,Radio - Bezeichnung,MMI Radio plus
AUDI,A,A1 GB,2018,2026,Audi A1 Sportback 25 TFSI (03/24 - 06/25),ICE,https://www.adac.de/rund-ums-fahrzeug/autokatalog/marken-modelle/audi/a1/gb/333734/,Radstand,2563 mm
AUDI,A,A1 GB,2018,2026,Audi A1 Sportback 25 TFSI (03/24 - 06/25),ICE,https://www.adac.de/rund-ums-fahrzeug/autokatalog/marken-modelle/audi/a1/gb/333734/,Regensensor,Serie
AUDI,A,A1 GB,2018,2026,Audi A1 Sportback 25 TFSI (03/24 - 06/25),ICE,https://www.adac.de/rund-ums-fahrzeug/autokatalog/marken-modelle/audi/a1/gb/333734/,Reifendruckkontrolle,Serie
AUDI,A,A1 GB,2018,2026,Audi A1 Sportback 25 TFSI (03/24 - 06/25),ICE,https://www.adac.de/rund-ums-fahrzeug/autokatalog/marken-modelle/audi/a1/gb/333734/,Reifendruckkontrolle - Bezeichnung,indirekte Messung (ABS)
AUDI,A,A1 GB,2018,2026,Audi A1 Sportback 25 TFSI (03/24 - 06/25),ICE,https://www.adac.de/rund-ums-fahrzeug/autokatalog/marken-modelle/audi/a1/gb/333734/,Reifengröße,185/65R15
AUDI,A,A1 GB,2018,2026,Audi A1 Sportback 25 TFSI (03/24 - 06/25),ICE,https://www.adac.de/rund-ums-fahrzeug/autokatalog/marken-modelle/audi/a1/gb/333734/,Rücksitzbank umklappbar,Serie
AUDI,A,A1 GB,2018,2026,Audi A1 Sportback 25 TFSI (03/24 - 06/25),ICE,https://www.adac.de/rund-ums-fahrzeug/autokatalog/marken-modelle/audi/a1/gb/333734/,Schadstoffklasse,Euro 6e (WLTP) 36EA
AUDI,A,A1 GB,2018,2026,Audi A1 Sportback 25 TFSI (03/24 - 06/25),ICE,https://www.adac.de/rund-ums-fahrzeug/autokatalog/marken-modelle/audi/a1/gb/333734/,Schaltpunktanzeige,Paket
AUDI,A,A1 GB,2018,2026,Audi A1 Sportback 25 TFSI (03/24 - 06/25),ICE,https://www.adac.de/rund-ums-fahrzeug/autokatalog/marken-modelle/audi/a1/gb/333734/,Seitenairbag vorne,Serie
AUDI,A,A1 GB,2018,2026,Audi A1 Sportback 25 TFSI (03/24 - 06/25),ICE,https://www.adac.de/rund-ums-fahrzeug/autokatalog/marken-modelle/audi/a1/gb/333734/,Servolenkung,Serie
AUDI,A,A1 GB,2018,2026,Audi A1 Sportback 25 TFSI (03/24 - 06/25),ICE,https://www.adac.de/rund-ums-fahrzeug/autokatalog/marken-modelle/audi/a1/gb/333734/,Sitzanzahl,5
AUDI,A,A1 GB,2018,2026,Audi A1 Sportback 25 TFSI (03/24 - 06/25),ICE,https://www.adac.de/rund-ums-fahrzeug/autokatalog/marken-modelle/audi/a1/gb/333734/,Smartphone-Induktive Ladeeinrichtung,Paket
AUDI,A,A1 GB,2018,2026,Audi A1 Sportback 25 TFSI (03/24 - 06/25),ICE,https://www.adac.de/rund-ums-fahrzeug/autokatalog/marken-modelle/audi/a1/gb/333734/,Smartphone-Integration (Android Auto/Apple CarPlay),545 Euro
AUDI,A,A1 GB,2018,2026,Audi A1 Sportback 25 TFSI (03/24 - 06/25),ICE,https://www.adac.de/rund-ums-fahrzeug/autokatalog/marken-modelle/audi/a1/gb/333734/,Speed-Limiter,Serie
AUDI,A,A1 GB,2018,2026,Audi A1 Sportback 25 TFSI (03/24 - 06/25),ICE,https://www.adac.de/rund-ums-fahrzeug/autokatalog/marken-modelle/audi/a1/gb/333734/,Spurhalteassistent,Serie
AUDI,A,A1 GB,2018,2026,Audi A1 Sportback 25 TFSI (03/24 - 06/25),ICE,https://www.adac.de/rund-ums-fahrzeug/autokatalog/marken-modelle/audi/a1/gb/333734/,Spurwechselassistent,350 Euro
AUDI,A,A1 GB,2018,2026,Audi A1 Sportback 25 TFSI (03/24 - 06/25),ICE,https://www.adac.de/rund-ums-fahrzeug/autokatalog/marken-modelle/audi/a1/gb/333734/,Start-/Stopp-Automatik (Verbrennungsmotor),Serie
AUDI,A,A1 GB,2018,2026,Audi A1 Sportback 25 TFSI (03/24 - 06/25),ICE,https://www.adac.de/rund-ums-fahrzeug/autokatalog/marken-modelle/audi/a1/gb/333734/,Tankgröße,"40,0 l"
AUDI,A,A1 GB,2018,2026,Audi A1 Sportback 25 TFSI (03/24 - 06/25),ICE,https://www.adac.de/rund-ums-fahrzeug/autokatalog/marken-modelle/audi/a1/gb/333734/,Teilkaskobeitrag 150 € SB,638 €
AUDI,A,A1 GB,2018,2026,Audi A1 Sportback 25 TFSI (03/24 - 06/25),ICE,https://www.adac.de/rund-ums-fahrzeug/autokatalog/marken-modelle/audi/a1/gb/333734/,Typklassen (KH/VK/TK),17/19/22
AUDI,A,A1 GB,2018,2026,Audi A1 Sportback 25 TFSI (03/24 - 06/25),ICE,https://www.adac.de/rund-ums-fahrzeug/autokatalog/marken-modelle/audi/a1/gb/333734/,Türanzahl,5
AUDI,A,A1 GB,2018,2026,Audi A1 Sportback 25 TFSI (03/24 - 06/25),ICE,https://www.adac.de/rund-ums-fahrzeug/autokatalog/marken-modelle/audi/a1/gb/333734/,Variable Lichtverteilung,Paket
AUDI,A,A1 GB,2018,2026,Audi A1 Sportback 25 TFSI (03/24 - 06/25),ICE,https://www.adac.de/rund-ums-fahrzeug/autokatalog/marken-modelle/audi/a1/gb/333734/,Verbrauch Autobahn (WLTP),"5,4 l/100 km"
AUDI,A,A1 GB,2018,2026,Audi A1 Sportback 25 TFSI (03/24 - 06/25),ICE,https://www.adac.de/rund-ums-fahrzeug/autokatalog/marken-modelle/audi/a1/gb/333734/,Verbrauch Kurzstrecke (WLTP),"6,7 l/100 km"
AUDI,A,A1 GB,2018,2026,Audi A1 Sportback 25 TFSI (03/24 - 06/25),ICE,https://www.adac.de/rund-ums-fahrzeug/autokatalog/marken-modelle/audi/a1/gb/333734/,Verbrauch Landstraße (WLTP),"4,6 l/100 km"
AUDI,A,A1 GB,2018,2026,Audi A1 Sportback 25 TFSI (03/24 - 06/25),ICE,https://www.adac.de/rund-ums-fahrzeug/autokatalog/marken-modelle/audi/a1/gb/333734/,Verbrauch Stadtrand (WLTP),"5,2 l/100 km"
AUDI,A,A1 GB,2018,2026,Audi A1 Sportback 25 TFSI (03/24 - 06/25),ICE,https://www.adac.de/rund-ums-fahrzeug/autokatalog/marken-modelle/audi/a1/gb/333734/,Verbrauch kombiniert (WLTP),"5,3 l/100 km"
AUDI,A,A1 GB,2018,2026,Audi A1 Sportback 25 TFSI (03/24 - 06/25),ICE,https://www.adac.de/rund-ums-fahrzeug/autokatalog/marken-modelle/audi/a1/gb/333734/,Verkehrsschild-Erkennung,Serie
AUDI,A,A1 GB,2018,2026,Audi A1 Sportback 25 TFSI (03/24 - 06/25),ICE,https://www.adac.de/rund-ums-fahrzeug/autokatalog/marken-modelle/audi/a1/gb/333734/,Vollkaskobetrag 100% 500 € SB,1.472 €
AUDI,A,A1 GB,2018,2026,Audi A1 Sportback 25 TFSI (03/24 - 06/25),ICE,https://www.adac.de/rund-ums-fahrzeug/autokatalog/marken-modelle/audi/a1/gb/333734/,WLAN Hotspot,Paket
AUDI,A,A1 GB,2018,2026,Audi A1 Sportback 25 TFSI (03/24 - 06/25),ICE,https://www.adac.de/rund-ums-fahrzeug/autokatalog/marken-modelle/audi/a1/gb/333734/,Wendekreis,"10,6 m"
AUDI,A,A1 GB,2018,2026,Audi A1 Sportback 25 TFSI (03/24 - 06/25),ICE,https://www.adac.de/rund-ums-fahrzeug/autokatalog/marken-modelle/audi/a1/gb/333734/,Werkstattkosten,78  €
AUDI,A,A1 GB,2018,2026,Audi A1 Sportback 25 TFSI (03/24 - 06/25),ICE,https://www.adac.de/rund-ums-fahrzeug/autokatalog/marken-modelle/audi/a1/gb/333734/,Wertverlust,114 €
AUDI,A,A1 GB,2018,2026,Audi A1 Sportback 25 TFSI (03/24 - 06/25),ICE,https://www.adac.de/rund-ums-fahrzeug/autokatalog/marken-modelle/audi/a1/gb/333734/,Zentralverriegelung,Serie
AUDI,A,A1 GB,2018,2026,Audi A1 Sportback 25 TFSI (03/24 - 06/25),ICE,https://www.adac.de/rund-ums-fahrzeug/autokatalog/marken-modelle/audi/a1/gb/333734/,Zul. Gesamtgewicht,1630 kg
AUDI,A,A1 GB,2018,2026,Audi A1 Sportback 25 TFSI (03/24 - 06/25),ICE,https://www.adac.de/rund-ums-fahrzeug/autokatalog/marken-modelle/audi/a1/gb/333734/,Zuladung,455 kg
AUDI,A,A1 GB,2018,2026,Audi A1 Sportback 25 TFSI (03/24 - 06/25),ICE,https://www.adac.de/rund-ums-fahrzeug/autokatalog/marken-modelle/audi/a1/gb/333734/,Zusätzliche Garantien,"Mobilitätsgarantie: 2 Jahre europaweit, erweiterbar auf lebenslang unter Einhaltung aller Inspektionen;"
AUDI,A,A1 GB,2018,2026,Audi A1 Sportback 25 TFSI (06/25 - 04/26),ICE,https://www.adac.de/rund-ums-fahrzeug/autokatalog/marken-modelle/audi/a1/gb/340503/,3-Punkt-Gurt hinten Mitte,Serie
AUDI,A,A1 GB,2018,2026,Audi A1 Sportback 25 TFSI (06/25 - 04/26),ICE,https://www.adac.de/rund-ums-fahrzeug/autokatalog/marken-modelle/audi/a1/gb/340503/,3-Punkt-Gurt hinten Mitte - Bezeichnung,3-Punkt Gurt
AUDI,A,A1 GB,2018,2026,Audi A1 Sportback 25 TFSI (06/25 - 04/26),ICE,https://www.adac.de/rund-ums-fahrzeug/autokatalog/marken-modelle/audi/a1/gb/340503/,ABS,Serie
AUDI,A,A1 GB,2018,2026,Audi A1 Sportback 25 TFSI (06/25 - 04/26),ICE,https://www.adac.de/rund-ums-fahrzeug/autokatalog/marken-modelle/audi/a1/gb/340503/,Abgasreinigung (Verbrennungsmotor),Otto-Partikelfilter
AUDI,A,A1 GB,2018,2026,Audi A1 Sportback 25 TFSI (06/25 - 04/26),ICE,https://www.adac.de/rund-ums-fahrzeug/autokatalog/marken-modelle/audi/a1/gb/340503/,Airbag Beifahrer,Serie
AUDI,A,A1 GB,2018,2026,Audi A1 Sportback 25 TFSI (06/25 - 04/26),ICE,https://www.adac.de/rund-ums-fahrzeug/autokatalog/marken-modelle/audi/a1/gb/340503/,Airbag Deaktivierung,Serie
AUDI,A,A1 GB,2018,2026,Audi A1 Sportback 25 TFSI (06/25 - 04/26),ICE,https://www.adac.de/rund-ums-fahrzeug/autokatalog/marken-modelle/audi/a1/gb/340503/,Airbag Deaktivierung - Bezeichnung,Schalter
AUDI,A,A1 GB,2018,2026,Audi A1 Sportback 25 TFSI (06/25 - 04/26),ICE,https://www.adac.de/rund-ums-fahrzeug/autokatalog/marken-modelle/audi/a1/gb/340503/,Airbag Fahrer,Serie
AUDI,A,A1 GB,2018,2026,Audi A1 Sportback 25 TFSI (06/25 - 04/26),ICE,https://www.adac.de/rund-ums-fahrzeug/autokatalog/marken-modelle/audi/a1/gb/340503/,Aktive Kopfstützen,Serie
AUDI,A,A1 GB,2018,2026,Audi A1 Sportback 25 TFSI (06/25 - 04/26),ICE,https://www.adac.de/rund-ums-fahrzeug/autokatalog/marken-modelle/audi/a1/gb/340503/,Alufelgen,450 Euro
AUDI,A,A1 GB,2018,2026,Audi A1 Sportback 25 TFSI (06/25 - 04/26),ICE,https://www.adac.de/rund-ums-fahrzeug/autokatalog/marken-modelle/audi/a1/gb/340503/,Antriebsart,Vorderrad
AUDI,A,A1 GB,2018,2026,Audi A1 Sportback 25 TFSI (06/25 - 04/26),ICE,https://www.adac.de/rund-ums-fahrzeug/autokatalog/marken-modelle/audi/a1/gb/340503/,Antriebsschlupfregelung,Serie
AUDI,A,A1 GB,2018,2026,Audi A1 Sportback 25 TFSI (06/25 - 04/26),ICE,https://www.adac.de/rund-ums-fahrzeug/autokatalog/marken-modelle/audi/a1/gb/340503/,Antriebsschlupfregelung - Bezeichnung,Autom. Stabilitätskontrolle mit Traktion
AUDI,A,A1 GB,2018,2026,Audi A1 Sportback 25 TFSI (06/25 - 04/26),ICE,https://www.adac.de/rund-ums-fahrzeug/autokatalog/marken-modelle/audi/a1/gb/340503/,Anzahl Gänge,5
AUDI,A,A1 GB,2018,2026,Audi A1 Sportback 25 TFSI (06/25 - 04/26),ICE,https://www.adac.de/rund-ums-fahrzeug/autokatalog/marken-modelle/audi/a1/gb/340503/,Anzahl Ventile (Verbrennungsmotor),4
AUDI,A,A1 GB,2018,2026,Audi A1 Sportback 25 TFSI (06/25 - 04/26),ICE,https://www.adac.de/rund-ums-fahrzeug/autokatalog/marken-modelle/audi/a1/gb/340503/,Anzahl Zylinder (Verbrennungsmotor),3
AUDI,A,A1 GB,2018,2026,Audi A1 Sportback 25 TFSI (06/25 - 04/26),ICE,https://www.adac.de/rund-ums-fahrzeug/autokatalog/marken-modelle/audi/a1/gb/340503/,Aufladung (Verbrennungsmotor),Turbo
AUDI,A,A1 GB,2018,2026,Audi A1 Sportback 25 TFSI (06/25 - 04/26),ICE,https://www.adac.de/rund-ums-fahrzeug/autokatalog/marken-modelle/audi/a1/gb/340503/,Autom. Abstandsregelung,550 Euro
AUDI,A,A1 GB,2018,2026,Audi A1 Sportback 25 TFSI (06/25 - 04/26),ICE,https://www.adac.de/rund-ums-fahrzeug/autokatalog/marken-modelle/audi/a1/gb/340503/,Baureihe,A1 (GB) (11/18 - 04/26)
AUDI,A,A1 GB,2018,2026,Audi A1 Sportback 25 TFSI (06/25 - 04/26),ICE,https://www.adac.de/rund-ums-fahrzeug/autokatalog/marken-modelle/audi/a1/gb/340503/,Baureihenende,04/26
AUDI,A,A1 GB,2018,2026,Audi A1 Sportback 25 TFSI (06/25 - 04/26),ICE,https://www.adac.de/rund-ums-fahrzeug/autokatalog/marken-modelle/audi/a1/gb/340503/,Baureihenstart,11/18
AUDI,A,A1 GB,2018,2026,Audi A1 Sportback 25 TFSI (06/25 - 04/26),ICE,https://www.adac.de/rund-ums-fahrzeug/autokatalog/marken-modelle/audi/a1/gb/340503/,Berganfahrassistent,60 Euro
AUDI,A,A1 GB,2018,2026,Audi A1 Sportback 25 TFSI (06/25 - 04/26),ICE,https://www.adac.de/rund-ums-fahrzeug/autokatalog/marken-modelle/audi/a1/gb/340503/,Beschleunigung 0-100km/h,"11,0 s"
AUDI,A,A1 GB,2018,2026,Audi A1 Sportback 25 TFSI (06/25 - 04/26),ICE,https://www.adac.de/rund-ums-fahrzeug/autokatalog/marken-modelle/audi/a1/gb/340503/,Betriebskosten,154 €
AUDI,A,A1 GB,2018,2026,Audi A1 Sportback 25 TFSI (06/25 - 04/26),ICE,https://www.adac.de/rund-ums-fahrzeug/autokatalog/marken-modelle/audi/a1/gb/340503/,Breite,1740 mm
AUDI,A,A1 GB,2018,2026,Audi A1 Sportback 25 TFSI (06/25 - 04/26),ICE,https://www.adac.de/rund-ums-fahrzeug/autokatalog/marken-modelle/audi/a1/gb/340503/,Breite (inkl. Außenspiegel),1940 mm
AUDI,A,A1 GB,2018,2026,Audi A1 Sportback 25 TFSI (06/25 - 04/26),ICE,https://www.adac.de/rund-ums-fahrzeug/autokatalog/marken-modelle/audi/a1/gb/340503/,Bremsassistent,Serie
AUDI,A,A1 GB,2018,2026,Audi A1 Sportback 25 TFSI (06/25 - 04/26),ICE,https://www.adac.de/rund-ums-fahrzeug/autokatalog/marken-modelle/audi/a1/gb/340503/,Bremsassistent - Bezeichnung,Multikollisionsbremse
AUDI,A,A1 GB,2018,2026,Audi A1 Sportback 25 TFSI (06/25 - 04/26),ICE,https://www.adac.de/rund-ums-fahrzeug/autokatalog/marken-modelle/audi/a1/gb/340503/,Bremse hinten,Scheibe
AUDI,A,A1 GB,2018,2026,Audi A1 Sportback 25 TFSI (06/25 - 04/26),ICE,https://www.adac.de/rund-ums-fahrzeug/autokatalog/marken-modelle/audi/a1/gb/340503/,Bremse vorne,Scheibe
AUDI,A,A1 GB,2018,2026,Audi A1 Sportback 25 TFSI (06/25 - 04/26),ICE,https://www.adac.de/rund-ums-fahrzeug/autokatalog/marken-modelle/audi/a1/gb/340503/,Bremslicht dynamisch,Serie
AUDI,A,A1 GB,2018,2026,Audi A1 Sportback 25 TFSI (06/25 - 04/26),ICE,https://www.adac.de/rund-ums-fahrzeug/autokatalog/marken-modelle/audi/a1/gb/340503/,Bremslicht dynamisch - Bezeichnung,Flashing Brake Light und Aktivierung der Warnblinkanlage (kurz vor Stillstand)
AUDI,A,A1 GB,2018,2026,Audi A1 Sportback 25 TFSI (06/25 - 04/26),ICE,https://www.adac.de/rund-ums-fahrzeug/autokatalog/marken-modelle/audi/a1/gb/340503/,CO2-Effizienzklasse,D
AUDI,A,A1 GB,2018,2026,Audi A1 Sportback 25 TFSI (06/25 - 04/26),ICE,https://www.adac.de/rund-ums-fahrzeug/autokatalog/marken-modelle/audi/a1/gb/340503/,CO2-Wert kombiniert (WLTP),119 g/km
AUDI,A,A1 GB,2018,2026,Audi A1 Sportback 25 TFSI (06/25 - 04/26),ICE,https://www.adac.de/rund-ums-fahrzeug/autokatalog/marken-modelle/audi/a1/gb/340503/,City-Notbremsassistent,Serie
AUDI,A,A1 GB,2018,2026,Audi A1 Sportback 25 TFSI (06/25 - 04/26),ICE,https://www.adac.de/rund-ums-fahrzeug/autokatalog/marken-modelle/audi/a1/gb/340503/,Dachlast,75 kg
AUDI,A,A1 GB,2018,2026,Audi A1 Sportback 25 TFSI (06/25 - 04/26),ICE,https://www.adac.de/rund-ums-fahrzeug/autokatalog/marken-modelle/audi/a1/gb/340503/,Digitaler Radioempfang (DAB),Serie
AUDI,A,A1 GB,2018,2026,Audi A1 Sportback 25 TFSI (06/25 - 04/26),ICE,https://www.adac.de/rund-ums-fahrzeug/autokatalog/marken-modelle/audi/a1/gb/340503/,Drehmoment (Systemleistung),175 Nm
AUDI,A,A1 GB,2018,2026,Audi A1 Sportback 25 TFSI (06/25 - 04/26),ICE,https://www.adac.de/rund-ums-fahrzeug/autokatalog/marken-modelle/audi/a1/gb/340503/,Drehmoment maximal bei U/min. (Verbrennungsmotor),1600 U/min
AUDI,A,A1 GB,2018,2026,Audi A1 Sportback 25 TFSI (06/25 - 04/26),ICE,https://www.adac.de/rund-ums-fahrzeug/autokatalog/marken-modelle/audi/a1/gb/340503/,Durchrostung,12 Jahre
AUDI,A,A1 GB,2018,2026,Audi A1 Sportback 25 TFSI (06/25 - 04/26),ICE,https://www.adac.de/rund-ums-fahrzeug/autokatalog/marken-modelle/audi/a1/gb/340503/,Einbauposition / Motorbauart (Verbrennungsmotor),Frontmotor / Reihe
AUDI,A,A1 GB,2018,2026,Audi A1 Sportback 25 TFSI (06/25 - 04/26),ICE,https://www.adac.de/rund-ums-fahrzeug/autokatalog/marken-modelle/audi/a1/gb/340503/,Einparkassistent,420 Euro
AUDI,A,A1 GB,2018,2026,Audi A1 Sportback 25 TFSI (06/25 - 04/26),ICE,https://www.adac.de/rund-ums-fahrzeug/autokatalog/marken-modelle/audi/a1/gb/340503/,Einparkhilfe,Serie
AUDI,A,A1 GB,2018,2026,Audi A1 Sportback 25 TFSI (06/25 - 04/26),ICE,https://www.adac.de/rund-ums-fahrzeug/autokatalog/marken-modelle/audi/a1/gb/340503/,Einparkhilfe - Bezeichnung,hinten
AUDI,A,A1 GB,2018,2026,Audi A1 Sportback 25 TFSI (06/25 - 04/26),ICE,https://www.adac.de/rund-ums-fahrzeug/autokatalog/marken-modelle/audi/a1/gb/340503/,Fahrdynamikregelung,Serie
AUDI,A,A1 GB,2018,2026,Audi A1 Sportback 25 TFSI (06/25 - 04/26),ICE,https://www.adac.de/rund-ums-fahrzeug/autokatalog/marken-modelle/audi/a1/gb/340503/,Fahrdynamikregelung - Bezeichnung,Elektronisches Stabilitätsprogramm
AUDI,A,A1 GB,2018,2026,Audi A1 Sportback 25 TFSI (06/25 - 04/26),ICE,https://www.adac.de/rund-ums-fahrzeug/autokatalog/marken-modelle/audi/a1/gb/340503/,Fahrgeräusch,70 dB
AUDI,A,A1 GB,2018,2026,Audi A1 Sportback 25 TFSI (06/25 - 04/26),ICE,https://www.adac.de/rund-ums-fahrzeug/autokatalog/marken-modelle/audi/a1/gb/340503/,Fahrzeugklasse,Kleinwagen (z.B. Polo)
AUDI,A,A1 GB,2018,2026,Audi A1 Sportback 25 TFSI (06/25 - 04/26),ICE,https://www.adac.de/rund-ums-fahrzeug/autokatalog/marken-modelle/audi/a1/gb/340503/,Federung hinten,Schraube
AUDI,A,A1 GB,2018,2026,Audi A1 Sportback 25 TFSI (06/25 - 04/26),ICE,https://www.adac.de/rund-ums-fahrzeug/autokatalog/marken-modelle/audi/a1/gb/340503/,Federung vorne,Schraube
AUDI,A,A1 GB,2018,2026,Audi A1 Sportback 25 TFSI (06/25 - 04/26),ICE,https://www.adac.de/rund-ums-fahrzeug/autokatalog/marken-modelle/audi/a1/gb/340503/,Fensterheber elektr. hinten,Serie
AUDI,A,A1 GB,2018,2026,Audi A1 Sportback 25 TFSI (06/25 - 04/26),ICE,https://www.adac.de/rund-ums-fahrzeug/autokatalog/marken-modelle/audi/a1/gb/340503/,Fensterheber elektr. vorne,Serie
AUDI,A,A1 GB,2018,2026,Audi A1 Sportback 25 TFSI (06/25 - 04/26),ICE,https://www.adac.de/rund-ums-fahrzeug/autokatalog/marken-modelle/audi/a1/gb/340503/,Fernlichtassistent,135 Euro
AUDI,A,A1 GB,2018,2026,Audi A1 Sportback 25 TFSI (06/25 - 04/26),ICE,https://www.adac.de/rund-ums-fahrzeug/autokatalog/marken-modelle/audi/a1/gb/340503/,Fixkosten,138 €
AUDI,A,A1 GB,2018,2026,Audi A1 Sportback 25 TFSI (06/25 - 04/26),ICE,https://www.adac.de/rund-ums-fahrzeug/autokatalog/marken-modelle/audi/a1/gb/340503/,Freisprecheinrichtung,Serie
AUDI,A,A1 GB,2018,2026,Audi A1 Sportback 25 TFSI (06/25 - 04/26),ICE,https://www.adac.de/rund-ums-fahrzeug/autokatalog/marken-modelle/audi/a1/gb/340503/,Fußgängererkennung,Serie
AUDI,A,A1 GB,2018,2026,Audi A1 Sportback 25 TFSI (06/25 - 04/26),ICE,https://www.adac.de/rund-ums-fahrzeug/autokatalog/marken-modelle/audi/a1/gb/340503/,Garantie (Fahrzeug),2 Jahre
AUDI,A,A1 GB,2018,2026,Audi A1 Sportback 25 TFSI (06/25 - 04/26),ICE,https://www.adac.de/rund-ums-fahrzeug/autokatalog/marken-modelle/audi/a1/gb/340503/,Gemischaufbereitung (Verbrennungsmotor),Direkteinspritzung
AUDI,A,A1 GB,2018,2026,Audi A1 Sportback 25 TFSI (06/25 - 04/26),ICE,https://www.adac.de/rund-ums-fahrzeug/autokatalog/marken-modelle/audi/a1/gb/340503/,Getriebeart,Schaltgetriebe
AUDI,A,A1 GB,2018,2026,Audi A1 Sportback 25 TFSI (06/25 - 04/26),ICE,https://www.adac.de/rund-ums-fahrzeug/autokatalog/marken-modelle/audi/a1/gb/340503/,Grundpreis,23300 Euro
AUDI,A,A1 GB,2018,2026,Audi A1 Sportback 25 TFSI (06/25 - 04/26),ICE,https://www.adac.de/rund-ums-fahrzeug/autokatalog/marken-modelle/audi/a1/gb/340503/,HSN/TSN Schlüsselnummern,0588/BNN
AUDI,A,A1 GB,2018,2026,Audi A1 Sportback 25 TFSI (06/25 - 04/26),ICE,https://www.adac.de/rund-ums-fahrzeug/autokatalog/marken-modelle/audi/a1/gb/340503/,Haftpflichtbeitrag 100%,1.320 €
AUDI,A,A1 GB,2018,2026,Audi A1 Sportback 25 TFSI (06/25 - 04/26),ICE,https://www.adac.de/rund-ums-fahrzeug/autokatalog/marken-modelle/audi/a1/gb/340503/,Herstellerinterne Baureihenbezeichnung,GB
AUDI,A,A1 GB,2018,2026,Audi A1 Sportback 25 TFSI (06/25 - 04/26),ICE,https://www.adac.de/rund-ums-fahrzeug/autokatalog/marken-modelle/audi/a1/gb/340503/,Hubraum (Verbrennungsmotor),999 ccm
AUDI,A,A1 GB,2018,2026,Audi A1 Sportback 25 TFSI (06/25 - 04/26),ICE,https://www.adac.de/rund-ums-fahrzeug/autokatalog/marken-modelle/audi/a1/gb/340503/,Höchstgeschwindigkeit,193 km/h
AUDI,A,A1 GB,2018,2026,Audi A1 Sportback 25 TFSI (06/25 - 04/26),ICE,https://www.adac.de/rund-ums-fahrzeug/autokatalog/marken-modelle/audi/a1/gb/340503/,Höhe,1409 mm
AUDI,A,A1 GB,2018,2026,Audi A1 Sportback 25 TFSI (06/25 - 04/26),ICE,https://www.adac.de/rund-ums-fahrzeug/autokatalog/marken-modelle/audi/a1/gb/340503/,KFZ-Steuer ohne Befreiung/Jahr (kann durch WLTP abweichen),68 Euro
AUDI,A,A1 GB,2018,2026,Audi A1 Sportback 25 TFSI (06/25 - 04/26),ICE,https://www.adac.de/rund-ums-fahrzeug/autokatalog/marken-modelle/audi/a1/gb/340503/,KFZ-Steuer pro Jahr ohne Steuerbefreiung,68 €
AUDI,A,A1 GB,2018,2026,Audi A1 Sportback 25 TFSI (06/25 - 04/26),ICE,https://www.adac.de/rund-ums-fahrzeug/autokatalog/marken-modelle/audi/a1/gb/340503/,Karosserie,Schrägheck
AUDI,A,A1 GB,2018,2026,Audi A1 Sportback 25 TFSI (06/25 - 04/26),ICE,https://www.adac.de/rund-ums-fahrzeug/autokatalog/marken-modelle/audi/a1/gb/340503/,Klassenübliche Ausstattung nach ADAC-Vorgabe,1965 Euro
AUDI,A,A1 GB,2018,2026,Audi A1 Sportback 25 TFSI (06/25 - 04/26),ICE,https://www.adac.de/rund-ums-fahrzeug/autokatalog/marken-modelle/audi/a1/gb/340503/,Klimaanlage,Serie
AUDI,A,A1 GB,2018,2026,Audi A1 Sportback 25 TFSI (06/25 - 04/26),ICE,https://www.adac.de/rund-ums-fahrzeug/autokatalog/marken-modelle/audi/a1/gb/340503/,Kofferraumvolumen dachhoch mit umgeklappter Rücksitzbank,1090 l
AUDI,A,A1 GB,2018,2026,Audi A1 Sportback 25 TFSI (06/25 - 04/26),ICE,https://www.adac.de/rund-ums-fahrzeug/autokatalog/marken-modelle/audi/a1/gb/340503/,Kofferraumvolumen normal,335 l
AUDI,A,A1 GB,2018,2026,Audi A1 Sportback 25 TFSI (06/25 - 04/26),ICE,https://www.adac.de/rund-ums-fahrzeug/autokatalog/marken-modelle/audi/a1/gb/340503/,Kollisionswarnung,Serie
AUDI,A,A1 GB,2018,2026,Audi A1 Sportback 25 TFSI (06/25 - 04/26),ICE,https://www.adac.de/rund-ums-fahrzeug/autokatalog/marken-modelle/audi/a1/gb/340503/,Kopfairbag hinten,Serie
AUDI,A,A1 GB,2018,2026,Audi A1 Sportback 25 TFSI (06/25 - 04/26),ICE,https://www.adac.de/rund-ums-fahrzeug/autokatalog/marken-modelle/audi/a1/gb/340503/,Kopfairbag hinten - Bezeichnung,Windowbag
AUDI,A,A1 GB,2018,2026,Audi A1 Sportback 25 TFSI (06/25 - 04/26),ICE,https://www.adac.de/rund-ums-fahrzeug/autokatalog/marken-modelle/audi/a1/gb/340503/,Kopfairbag vorne,Serie
AUDI,A,A1 GB,2018,2026,Audi A1 Sportback 25 TFSI (06/25 - 04/26),ICE,https://www.adac.de/rund-ums-fahrzeug/autokatalog/marken-modelle/audi/a1/gb/340503/,Kopfairbag vorne - Bezeichnung,Windowbag
AUDI,A,A1 GB,2018,2026,Audi A1 Sportback 25 TFSI (06/25 - 04/26),ICE,https://www.adac.de/rund-ums-fahrzeug/autokatalog/marken-modelle/audi/a1/gb/340503/,Kopfstütze hinten Mitte,Serie
AUDI,A,A1 GB,2018,2026,Audi A1 Sportback 25 TFSI (06/25 - 04/26),ICE,https://www.adac.de/rund-ums-fahrzeug/autokatalog/marken-modelle/audi/a1/gb/340503/,Kopfstützen hinten,Serie
AUDI,A,A1 GB,2018,2026,Audi A1 Sportback 25 TFSI (06/25 - 04/26),ICE,https://www.adac.de/rund-ums-fahrzeug/autokatalog/marken-modelle/audi/a1/gb/340503/,Kraftstoffart,Super
AUDI,A,A1 GB,2018,2026,Audi A1 Sportback 25 TFSI (06/25 - 04/26),ICE,https://www.adac.de/rund-ums-fahrzeug/autokatalog/marken-modelle/audi/a1/gb/340503/,Kurvenlicht,Paket
AUDI,A,A1 GB,2018,2026,Audi A1 Sportback 25 TFSI (06/25 - 04/26),ICE,https://www.adac.de/rund-ums-fahrzeug/autokatalog/marken-modelle/audi/a1/gb/340503/,LED-Scheinwerfer,980 Euro
AUDI,A,A1 GB,2018,2026,Audi A1 Sportback 25 TFSI (06/25 - 04/26),ICE,https://www.adac.de/rund-ums-fahrzeug/autokatalog/marken-modelle/audi/a1/gb/340503/,Lackgarantie,3 Jahre
AUDI,A,A1 GB,2018,2026,Audi A1 Sportback 25 TFSI (06/25 - 04/26),ICE,https://www.adac.de/rund-ums-fahrzeug/autokatalog/marken-modelle/audi/a1/gb/340503/,Lederausstattung,850 Euro
AUDI,A,A1 GB,2018,2026,Audi A1 Sportback 25 TFSI (06/25 - 04/26),ICE,https://www.adac.de/rund-ums-fahrzeug/autokatalog/marken-modelle/audi/a1/gb/340503/,Leergewicht (EU),1175 kg
AUDI,A,A1 GB,2018,2026,Audi A1 Sportback 25 TFSI (06/25 - 04/26),ICE,https://www.adac.de/rund-ums-fahrzeug/autokatalog/marken-modelle/audi/a1/gb/340503/,Leistung / Drehmoment (Verbrennungsmotor),70 kW (95 PS) / 175 Nm
AUDI,A,A1 GB,2018,2026,Audi A1 Sportback 25 TFSI (06/25 - 04/26),ICE,https://www.adac.de/rund-ums-fahrzeug/autokatalog/marken-modelle/audi/a1/gb/340503/,Leistung maximal bei U/min. (Verbrennungsmotor),5000 U/min
AUDI,A,A1 GB,2018,2026,Audi A1 Sportback 25 TFSI (06/25 - 04/26),ICE,https://www.adac.de/rund-ums-fahrzeug/autokatalog/marken-modelle/audi/a1/gb/340503/,Leistung maximal in PS (Systemleistung),95
AUDI,A,A1 GB,2018,2026,Audi A1 Sportback 25 TFSI (06/25 - 04/26),ICE,https://www.adac.de/rund-ums-fahrzeug/autokatalog/marken-modelle/audi/a1/gb/340503/,Leistung maximal in kW (Systemleistung),70
AUDI,A,A1 GB,2018,2026,Audi A1 Sportback 25 TFSI (06/25 - 04/26),ICE,https://www.adac.de/rund-ums-fahrzeug/autokatalog/marken-modelle/audi/a1/gb/340503/,Lichtsensor,Serie
AUDI,A,A1 GB,2018,2026,Audi A1 Sportback 25 TFSI (06/25 - 04/26),ICE,https://www.adac.de/rund-ums-fahrzeug/autokatalog/marken-modelle/audi/a1/gb/340503/,Länge,4029 mm
AUDI,A,A1 GB,2018,2026,Audi A1 Sportback 25 TFSI (06/25 - 04/26),ICE,https://www.adac.de/rund-ums-fahrzeug/autokatalog/marken-modelle/audi/a1/gb/340503/,Marke,Audi
AUDI,A,A1 GB,2018,2026,Audi A1 Sportback 25 TFSI (06/25 - 04/26),ICE,https://www.adac.de/rund-ums-fahrzeug/autokatalog/marken-modelle/audi/a1/gb/340503/,Metallic-Lackierung,550 Euro
AUDI,A,A1 GB,2018,2026,Audi A1 Sportback 25 TFSI (06/25 - 04/26),ICE,https://www.adac.de/rund-ums-fahrzeug/autokatalog/marken-modelle/audi/a1/gb/340503/,Modell,A1 Sportback 25 TFSI
AUDI,A,A1 GB,2018,2026,Audi A1 Sportback 25 TFSI (06/25 - 04/26),ICE,https://www.adac.de/rund-ums-fahrzeug/autokatalog/marken-modelle/audi/a1/gb/340503/,Modellende,04/26
AUDI,A,A1 GB,2018,2026,Audi A1 Sportback 25 TFSI (06/25 - 04/26),ICE,https://www.adac.de/rund-ums-fahrzeug/autokatalog/marken-modelle/audi/a1/gb/340503/,Modellstart,06/25
AUDI,A,A1 GB,2018,2026,Audi A1 Sportback 25 TFSI (06/25 - 04/26),ICE,https://www.adac.de/rund-ums-fahrzeug/autokatalog/marken-modelle/audi/a1/gb/340503/,Motorart,Otto
AUDI,A,A1 GB,2018,2026,Audi A1 Sportback 25 TFSI (06/25 - 04/26),ICE,https://www.adac.de/rund-ums-fahrzeug/autokatalog/marken-modelle/audi/a1/gb/340503/,Motorcode,DUS
AUDI,A,A1 GB,2018,2026,Audi A1 Sportback 25 TFSI (06/25 - 04/26),ICE,https://www.adac.de/rund-ums-fahrzeug/autokatalog/marken-modelle/audi/a1/gb/340503/,Müdigkeitserkennung,Serie
AUDI,A,A1 GB,2018,2026,Audi A1 Sportback 25 TFSI (06/25 - 04/26),ICE,https://www.adac.de/rund-ums-fahrzeug/autokatalog/marken-modelle/audi/a1/gb/340503/,Navigation,1965 Euro
AUDI,A,A1 GB,2018,2026,Audi A1 Sportback 25 TFSI (06/25 - 04/26),ICE,https://www.adac.de/rund-ums-fahrzeug/autokatalog/marken-modelle/audi/a1/gb/340503/,Navigation - Bezeichnung,Farbdisplay
AUDI,A,A1 GB,2018,2026,Audi A1 Sportback 25 TFSI (06/25 - 04/26),ICE,https://www.adac.de/rund-ums-fahrzeug/autokatalog/marken-modelle/audi/a1/gb/340503/,Nockenwellensteuerung,Zahnriemen
AUDI,A,A1 GB,2018,2026,Audi A1 Sportback 25 TFSI (06/25 - 04/26),ICE,https://www.adac.de/rund-ums-fahrzeug/autokatalog/marken-modelle/audi/a1/gb/340503/,Notbremsassistent,Paket
AUDI,A,A1 GB,2018,2026,Audi A1 Sportback 25 TFSI (06/25 - 04/26),ICE,https://www.adac.de/rund-ums-fahrzeug/autokatalog/marken-modelle/audi/a1/gb/340503/,Notruffunktion,Serie
AUDI,A,A1 GB,2018,2026,Audi A1 Sportback 25 TFSI (06/25 - 04/26),ICE,https://www.adac.de/rund-ums-fahrzeug/autokatalog/marken-modelle/audi/a1/gb/340503/,PreCrash-System,200 Euro
AUDI,A,A1 GB,2018,2026,Audi A1 Sportback 25 TFSI (06/25 - 04/26),ICE,https://www.adac.de/rund-ums-fahrzeug/autokatalog/marken-modelle/audi/a1/gb/340503/,PreCrash-System - Bezeichnung,Reversible Gurtstraffer/Schließfunktion
AUDI,A,A1 GB,2018,2026,Audi A1 Sportback 25 TFSI (06/25 - 04/26),ICE,https://www.adac.de/rund-ums-fahrzeug/autokatalog/marken-modelle/audi/a1/gb/340503/,Querverkehrassistent hinten,Paket
AUDI,A,A1 GB,2018,2026,Audi A1 Sportback 25 TFSI (06/25 - 04/26),ICE,https://www.adac.de/rund-ums-fahrzeug/autokatalog/marken-modelle/audi/a1/gb/340503/,Radio,Serie
AUDI,A,A1 GB,2018,2026,Audi A1 Sportback 25 TFSI (06/25 - 04/26),ICE,https://www.adac.de/rund-ums-fahrzeug/autokatalog/marken-modelle/audi/a1/gb/340503/,Radio - Bezeichnung,MMI Radio plus
AUDI,A,A1 GB,2018,2026,Audi A1 Sportback 25 TFSI (06/25 - 04/26),ICE,https://www.adac.de/rund-ums-fahrzeug/autokatalog/marken-modelle/audi/a1/gb/340503/,Radstand,2563 mm
AUDI,A,A1 GB,2018,2026,Audi A1 Sportback 25 TFSI (06/25 - 04/26),ICE,https://www.adac.de/rund-ums-fahrzeug/autokatalog/marken-modelle/audi/a1/gb/340503/,Regensensor,Serie
AUDI,A,A1 GB,2018,2026,Audi A1 Sportback 25 TFSI (06/25 - 04/26),ICE,https://www.adac.de/rund-ums-fahrzeug/autokatalog/marken-modelle/audi/a1/gb/340503/,Reifendruckkontrolle,Serie
AUDI,A,A1 GB,2018,2026,Audi A1 Sportback 25 TFSI (06/25 - 04/26),ICE,https://www.adac.de/rund-ums-fahrzeug/autokatalog/marken-modelle/audi/a1/gb/340503/,Reifendruckkontrolle - Bezeichnung,indirekte Messung (ABS)
AUDI,A,A1 GB,2018,2026,Audi A1 Sportback 25 TFSI (06/25 - 04/26),ICE,https://www.adac.de/rund-ums-fahrzeug/autokatalog/marken-modelle/audi/a1/gb/340503/,Reifengröße,185/65R15
AUDI,A,A1 GB,2018,2026,Audi A1 Sportback 25 TFSI (06/25 - 04/26),ICE,https://www.adac.de/rund-ums-fahrzeug/autokatalog/marken-modelle/audi/a1/gb/340503/,Rücksitzbank umklappbar,Serie
AUDI,A,A1 GB,2018,2026,Audi A1 Sportback 25 TFSI (06/25 - 04/26),ICE,https://www.adac.de/rund-ums-fahrzeug/autokatalog/marken-modelle/audi/a1/gb/340503/,Schadstoffklasse,Euro 6e-bis (WLTP) 36EB
AUDI,A,A1 GB,2018,2026,Audi A1 Sportback 25 TFSI (06/25 - 04/26),ICE,https://www.adac.de/rund-ums-fahrzeug/autokatalog/marken-modelle/audi/a1/gb/340503/,Schaltpunktanzeige,Paket
AUDI,A,A1 GB,2018,2026,Audi A1 Sportback 25 TFSI (06/25 - 04/26),ICE,https://www.adac.de/rund-ums-fahrzeug/autokatalog/marken-modelle/audi/a1/gb/340503/,Seitenairbag vorne,Serie
AUDI,A,A1 GB,2018,2026,Audi A1 Sportback 25 TFSI (06/25 - 04/26),ICE,https://www.adac.de/rund-ums-fahrzeug/autokatalog/marken-modelle/audi/a1/gb/340503/,Servolenkung,Serie
AUDI,A,A1 GB,2018,2026,Audi A1 Sportback 25 TFSI (06/25 - 04/26),ICE,https://www.adac.de/rund-ums-fahrzeug/autokatalog/marken-modelle/audi/a1/gb/340503/,Sitzanzahl,5
AUDI,A,A1 GB,2018,2026,Audi A1 Sportback 25 TFSI (06/25 - 04/26),ICE,https://www.adac.de/rund-ums-fahrzeug/autokatalog/marken-modelle/audi/a1/gb/340503/,Smartphone-Induktive Ladeeinrichtung,Paket
AUDI,A,A1 GB,2018,2026,Audi A1 Sportback 25 TFSI (06/25 - 04/26),ICE,https://www.adac.de/rund-ums-fahrzeug/autokatalog/marken-modelle/audi/a1/gb/340503/,Smartphone-Integration (Android Auto/Apple CarPlay),545 Euro
AUDI,A,A1 GB,2018,2026,Audi A1 Sportback 25 TFSI (06/25 - 04/26),ICE,https://www.adac.de/rund-ums-fahrzeug/autokatalog/marken-modelle/audi/a1/gb/340503/,Speed-Limiter,Serie
AUDI,A,A1 GB,2018,2026,Audi A1 Sportback 25 TFSI (06/25 - 04/26),ICE,https://www.adac.de/rund-ums-fahrzeug/autokatalog/marken-modelle/audi/a1/gb/340503/,Spurhalteassistent,Serie
AUDI,A,A1 GB,2018,2026,Audi A1 Sportback 25 TFSI (06/25 - 04/26),ICE,https://www.adac.de/rund-ums-fahrzeug/autokatalog/marken-modelle/audi/a1/gb/340503/,Spurwechselassistent,350 Euro
AUDI,A,A1 GB,2018,2026,Audi A1 Sportback 25 TFSI (06/25 - 04/26),ICE,https://www.adac.de/rund-ums-fahrzeug/autokatalog/marken-modelle/audi/a1/gb/340503/,Start-/Stopp-Automatik (Verbrennungsmotor),Serie
AUDI,A,A1 GB,2018,2026,Audi A1 Sportback 25 TFSI (06/25 - 04/26),ICE,https://www.adac.de/rund-ums-fahrzeug/autokatalog/marken-modelle/audi/a1/gb/340503/,Tankgröße,"40,0 l"
AUDI,A,A1 GB,2018,2026,Audi A1 Sportback 25 TFSI (06/25 - 04/26),ICE,https://www.adac.de/rund-ums-fahrzeug/autokatalog/marken-modelle/audi/a1/gb/340503/,Teilkaskobeitrag 150 € SB,638 €
AUDI,A,A1 GB,2018,2026,Audi A1 Sportback 25 TFSI (06/25 - 04/26),ICE,https://www.adac.de/rund-ums-fahrzeug/autokatalog/marken-modelle/audi/a1/gb/340503/,Typklassen (KH/VK/TK),17/19/22
AUDI,A,A1 GB,2018,2026,Audi A1 Sportback 25 TFSI (06/25 - 04/26),ICE,https://www.adac.de/rund-ums-fahrzeug/autokatalog/marken-modelle/audi/a1/gb/340503/,Türanzahl,5
AUDI,A,A1 GB,2018,2026,Audi A1 Sportback 25 TFSI (06/25 - 04/26),ICE,https://www.adac.de/rund-ums-fahrzeug/autokatalog/marken-modelle/audi/a1/gb/340503/,Variable Lichtverteilung,Paket
AUDI,A,A1 GB,2018,2026,Audi A1 Sportback 25 TFSI (06/25 - 04/26),ICE,https://www.adac.de/rund-ums-fahrzeug/autokatalog/marken-modelle/audi/a1/gb/340503/,Verbrauch Autobahn (WLTP),"5,4 l/100 km"
AUDI,A,A1 GB,2018,2026,Audi A1 Sportback 25 TFSI (06/25 - 04/26),ICE,https://www.adac.de/rund-ums-fahrzeug/autokatalog/marken-modelle/audi/a1/gb/340503/,Verbrauch Kurzstrecke (WLTP),"6,6 l/100 km"
AUDI,A,A1 GB,2018,2026,Audi A1 Sportback 25 TFSI (06/25 - 04/26),ICE,https://www.adac.de/rund-ums-fahrzeug/autokatalog/marken-modelle/audi/a1/gb/340503/,Verbrauch Landstraße (WLTP),"4,5 l/100 km"
AUDI,A,A1 GB,2018,2026,Audi A1 Sportback 25 TFSI (06/25 - 04/26),ICE,https://www.adac.de/rund-ums-fahrzeug/autokatalog/marken-modelle/audi/a1/gb/340503/,Verbrauch Stadtrand (WLTP),"5,1 l/100 km"
AUDI,A,A1 GB,2018,2026,Audi A1 Sportback 25 TFSI (06/25 - 04/26),ICE,https://www.adac.de/rund-ums-fahrzeug/autokatalog/marken-modelle/audi/a1/gb/340503/,Verbrauch kombiniert (WLTP),"5,2 l/100 km"
AUDI,A,A1 GB,2018,2026,Audi A1 Sportback 25 TFSI (06/25 - 04/26),ICE,https://www.adac.de/rund-ums-fahrzeug/autokatalog/marken-modelle/audi/a1/gb/340503/,Verkehrsschild-Erkennung,Serie
AUDI,A,A1 GB,2018,2026,Audi A1 Sportback 25 TFSI (06/25 - 04/26),ICE,https://www.adac.de/rund-ums-fahrzeug/autokatalog/marken-modelle/audi/a1/gb/340503/,Vollkaskobetrag 100% 500 € SB,1.472 €
AUDI,A,A1 GB,2018,2026,Audi A1 Sportback 25 TFSI (06/25 - 04/26),ICE,https://www.adac.de/rund-ums-fahrzeug/autokatalog/marken-modelle/audi/a1/gb/340503/,WLAN Hotspot,Paket
AUDI,A,A1 GB,2018,2026,Audi A1 Sportback 25 TFSI (06/25 - 04/26),ICE,https://www.adac.de/rund-ums-fahrzeug/autokatalog/marken-modelle/audi/a1/gb/340503/,Wendekreis,"10,6 m"
AUDI,A,A1 GB,2018,2026,Audi A1 Sportback 25 TFSI (06/25 - 04/26),ICE,https://www.adac.de/rund-ums-fahrzeug/autokatalog/marken-modelle/audi/a1/gb/340503/,Werkstattkosten,62 €
AUDI,A,A1 GB,2018,2026,Audi A1 Sportback 25 TFSI (06/25 - 04/26),ICE,https://www.adac.de/rund-ums-fahrzeug/autokatalog/marken-modelle/audi/a1/gb/340503/,Wertverlust,283 €
AUDI,A,A1 GB,2018,2026,Audi A1 Sportback 25 TFSI (06/25 - 04/26),ICE,https://www.adac.de/rund-ums-fahrzeug/autokatalog/marken-modelle/audi/a1/gb/340503/,Zentralverriegelung,Serie
AUDI,A,A1 GB,2018,2026,Audi A1 Sportback 25 TFSI (06/25 - 04/26),ICE,https://www.adac.de/rund-ums-fahrzeug/autokatalog/marken-modelle/audi/a1/gb/340503/,Zul. Gesamtgewicht,1630 kg
AUDI,A,A1 GB,2018,2026,Audi A1 Sportback 25 TFSI (06/25 - 04/26),ICE,https://www.adac.de/rund-ums-fahrzeug/autokatalog/marken-modelle/audi/a1/gb/340503/,Zuladung,455 kg
AUDI,A,A1 GB,2018,2026,Audi A1 Sportback 25 TFSI (06/25 - 04/26),ICE,https://www.adac.de/rund-ums-fahrzeug/autokatalog/marken-modelle/audi/a1/gb/340503/,Zusätzliche Garantien,"Mobilitätsgarantie: 2 Jahre europaweit, erweiterbar auf lebenslang unter Einhaltung aller Inspektionen;"
AUDI,A,A1 GB,2018,2026,Audi A1 Sportback 25 TFSI (09/19 - 09/20),ICE,https://www.adac.de/rund-ums-fahrzeug/autokatalog/marken-modelle/audi/a1/gb/303390/,2016,5.8
AUDI,A,A1 GB,2018,2026,Audi A1 Sportback 25 TFSI (09/19 - 09/20),ICE,https://www.adac.de/rund-ums-fahrzeug/autokatalog/marken-modelle/audi/a1/gb/303390/,2017,4.2
AUDI,A,A1 GB,2018,2026,Audi A1 Sportback 25 TFSI (09/19 - 09/20),ICE,https://www.adac.de/rund-ums-fahrzeug/autokatalog/marken-modelle/audi/a1/gb/303390/,2018,3.7
AUDI,A,A1 GB,2018,2026,Audi A1 Sportback 25 TFSI (09/19 - 09/20),ICE,https://www.adac.de/rund-ums-fahrzeug/autokatalog/marken-modelle/audi/a1/gb/303390/,2019,5
AUDI,A,A1 GB,2018,2026,Audi A1 Sportback 25 TFSI (09/19 - 09/20),ICE,https://www.adac.de/rund-ums-fahrzeug/autokatalog/marken-modelle/audi/a1/gb/303390/,2020,4.7
AUDI,A,A1 GB,2018,2026,Audi A1 Sportback 25 TFSI (09/19 - 09/20),ICE,https://www.adac.de/rund-ums-fahrzeug/autokatalog/marken-modelle/audi/a1/gb/303390/,2021,6.8
AUDI,A,A1 GB,2018,2026,Audi A1 Sportback 25 TFSI (09/19 - 09/20),ICE,https://www.adac.de/rund-ums-fahrzeug/autokatalog/marken-modelle/audi/a1/gb/303390/,2022,2.2
AUDI,A,A1 GB,2018,2026,Audi A1 Sportback 25 TFSI (09/19 - 09/20),ICE,https://www.adac.de/rund-ums-fahrzeug/autokatalog/marken-modelle/audi/a1/gb/303390/,2023,1.3
AUDI,A,A1 GB,2018,2026,Audi A1 Sportback 25 TFSI (09/19 - 09/20),ICE,https://www.adac.de/rund-ums-fahrzeug/autokatalog/marken-modelle/audi/a1/gb/303390/,3-Punkt-Gurt hinten Mitte,Serie
AUDI,A,A1 GB,2018,2026,Audi A1 Sportback 25 TFSI (09/19 - 09/20),ICE,https://www.adac.de/rund-ums-fahrzeug/autokatalog/marken-modelle/audi/a1/gb/303390/,3-Punkt-Gurt hinten Mitte - Bezeichnung,3-Punkt Gurt
AUDI,A,A1 GB,2018,2026,Audi A1 Sportback 25 TFSI (09/19 - 09/20),ICE,https://www.adac.de/rund-ums-fahrzeug/autokatalog/marken-modelle/audi/a1/gb/303390/,ABS,Serie
AUDI,A,A1 GB,2018,2026,Audi A1 Sportback 25 TFSI (09/19 - 09/20),ICE,https://www.adac.de/rund-ums-fahrzeug/autokatalog/marken-modelle/audi/a1/gb/303390/,Abgasreinigung (Verbrennungsmotor),Otto-Partikelfilter
AUDI,A,A1 GB,2018,2026,Audi A1 Sportback 25 TFSI (09/19 - 09/20),ICE,https://www.adac.de/rund-ums-fahrzeug/autokatalog/marken-modelle/audi/a1/gb/303390/,Airbag Beifahrer,Serie
AUDI,A,A1 GB,2018,2026,Audi A1 Sportback 25 TFSI (09/19 - 09/20),ICE,https://www.adac.de/rund-ums-fahrzeug/autokatalog/marken-modelle/audi/a1/gb/303390/,Airbag Deaktivierung,Serie
AUDI,A,A1 GB,2018,2026,Audi A1 Sportback 25 TFSI (09/19 - 09/20),ICE,https://www.adac.de/rund-ums-fahrzeug/autokatalog/marken-modelle/audi/a1/gb/303390/,Airbag Deaktivierung - Bezeichnung,Schalter
AUDI,A,A1 GB,2018,2026,Audi A1 Sportback 25 TFSI (09/19 - 09/20),ICE,https://www.adac.de/rund-ums-fahrzeug/autokatalog/marken-modelle/audi/a1/gb/303390/,Airbag Fahrer,Serie
AUDI,A,A1 GB,2018,2026,Audi A1 Sportback 25 TFSI (09/19 - 09/20),ICE,https://www.adac.de/rund-ums-fahrzeug/autokatalog/marken-modelle/audi/a1/gb/303390/,Aktive Kopfstützen,Serie
AUDI,A,A1 GB,2018,2026,Audi A1 Sportback 25 TFSI (09/19 - 09/20),ICE,https://www.adac.de/rund-ums-fahrzeug/autokatalog/marken-modelle/audi/a1/gb/303390/,Alufelgen,439 Euro
AUDI,A,A1 GB,2018,2026,Audi A1 Sportback 25 TFSI (09/19 - 09/20),ICE,https://www.adac.de/rund-ums-fahrzeug/autokatalog/marken-modelle/audi/a1/gb/303390/,Antriebsart,Vorderrad
AUDI,A,A1 GB,2018,2026,Audi A1 Sportback 25 TFSI (09/19 - 09/20),ICE,https://www.adac.de/rund-ums-fahrzeug/autokatalog/marken-modelle/audi/a1/gb/303390/,Antriebsschlupfregelung,Serie
AUDI,A,A1 GB,2018,2026,Audi A1 Sportback 25 TFSI (09/19 - 09/20),ICE,https://www.adac.de/rund-ums-fahrzeug/autokatalog/marken-modelle/audi/a1/gb/303390/,Antriebsschlupfregelung - Bezeichnung,Autom. Stabilitätskontrolle mit Traktion
AUDI,A,A1 GB,2018,2026,Audi A1 Sportback 25 TFSI (09/19 - 09/20),ICE,https://www.adac.de/rund-ums-fahrzeug/autokatalog/marken-modelle/audi/a1/gb/303390/,Anzahl Gänge,5
AUDI,A,A1 GB,2018,2026,Audi A1 Sportback 25 TFSI (09/19 - 09/20),ICE,https://www.adac.de/rund-ums-fahrzeug/autokatalog/marken-modelle/audi/a1/gb/303390/,Anzahl Ventile (Verbrennungsmotor),4
AUDI,A,A1 GB,2018,2026,Audi A1 Sportback 25 TFSI (09/19 - 09/20),ICE,https://www.adac.de/rund-ums-fahrzeug/autokatalog/marken-modelle/audi/a1/gb/303390/,Anzahl Zylinder (Verbrennungsmotor),3
AUDI,A,A1 GB,2018,2026,Audi A1 Sportback 25 TFSI (09/19 - 09/20),ICE,https://www.adac.de/rund-ums-fahrzeug/autokatalog/marken-modelle/audi/a1/gb/303390/,Aufladung (Verbrennungsmotor),Turbo
AUDI,A,A1 GB,2018,2026,Audi A1 Sportback 25 TFSI (09/19 - 09/20),ICE,https://www.adac.de/rund-ums-fahrzeug/autokatalog/marken-modelle/audi/a1/gb/303390/,Autom. Abstandsregelung,536 Euro
AUDI,A,A1 GB,2018,2026,Audi A1 Sportback 25 TFSI (09/19 - 09/20),ICE,https://www.adac.de/rund-ums-fahrzeug/autokatalog/marken-modelle/audi/a1/gb/303390/,Baureihe,A1 (GB) (11/18 - 04/26)
AUDI,A,A1 GB,2018,2026,Audi A1 Sportback 25 TFSI (09/19 - 09/20),ICE,https://www.adac.de/rund-ums-fahrzeug/autokatalog/marken-modelle/audi/a1/gb/303390/,Baureihenende,04/26
AUDI,A,A1 GB,2018,2026,Audi A1 Sportback 25 TFSI (09/19 - 09/20),ICE,https://www.adac.de/rund-ums-fahrzeug/autokatalog/marken-modelle/audi/a1/gb/303390/,Baureihenstart,11/18
AUDI,A,A1 GB,2018,2026,Audi A1 Sportback 25 TFSI (09/19 - 09/20),ICE,https://www.adac.de/rund-ums-fahrzeug/autokatalog/marken-modelle/audi/a1/gb/303390/,Berganfahrassistent,58 Euro
AUDI,A,A1 GB,2018,2026,Audi A1 Sportback 25 TFSI (09/19 - 09/20),ICE,https://www.adac.de/rund-ums-fahrzeug/autokatalog/marken-modelle/audi/a1/gb/303390/,Beschleunigung 0-100km/h,"10,8 s"
AUDI,A,A1 GB,2018,2026,Audi A1 Sportback 25 TFSI (09/19 - 09/20),ICE,https://www.adac.de/rund-ums-fahrzeug/autokatalog/marken-modelle/audi/a1/gb/303390/,Betriebskosten,164 €
AUDI,A,A1 GB,2018,2026,Audi A1 Sportback 25 TFSI (09/19 - 09/20),ICE,https://www.adac.de/rund-ums-fahrzeug/autokatalog/marken-modelle/audi/a1/gb/303390/,Breite,1740 mm
AUDI,A,A1 GB,2018,2026,Audi A1 Sportback 25 TFSI (09/19 - 09/20),ICE,https://www.adac.de/rund-ums-fahrzeug/autokatalog/marken-modelle/audi/a1/gb/303390/,Breite (inkl. Außenspiegel),1940 mm
AUDI,A,A1 GB,2018,2026,Audi A1 Sportback 25 TFSI (09/19 - 09/20),ICE,https://www.adac.de/rund-ums-fahrzeug/autokatalog/marken-modelle/audi/a1/gb/303390/,Bremsassistent,Serie
AUDI,A,A1 GB,2018,2026,Audi A1 Sportback 25 TFSI (09/19 - 09/20),ICE,https://www.adac.de/rund-ums-fahrzeug/autokatalog/marken-modelle/audi/a1/gb/303390/,Bremsassistent - Bezeichnung,Multikollisionsbremse
AUDI,A,A1 GB,2018,2026,Audi A1 Sportback 25 TFSI (09/19 - 09/20),ICE,https://www.adac.de/rund-ums-fahrzeug/autokatalog/marken-modelle/audi/a1/gb/303390/,Bremse hinten,Scheibe
AUDI,A,A1 GB,2018,2026,Audi A1 Sportback 25 TFSI (09/19 - 09/20),ICE,https://www.adac.de/rund-ums-fahrzeug/autokatalog/marken-modelle/audi/a1/gb/303390/,Bremse vorne,Scheibe
AUDI,A,A1 GB,2018,2026,Audi A1 Sportback 25 TFSI (09/19 - 09/20),ICE,https://www.adac.de/rund-ums-fahrzeug/autokatalog/marken-modelle/audi/a1/gb/303390/,Bremslicht dynamisch,Serie
AUDI,A,A1 GB,2018,2026,Audi A1 Sportback 25 TFSI (09/19 - 09/20),ICE,https://www.adac.de/rund-ums-fahrzeug/autokatalog/marken-modelle/audi/a1/gb/303390/,Bremslicht dynamisch - Bezeichnung,Flashing Brake Light und Aktivierung der Warnblinkanlage (kurz vor Stillstand)
AUDI,A,A1 GB,2018,2026,Audi A1 Sportback 25 TFSI (09/19 - 09/20),ICE,https://www.adac.de/rund-ums-fahrzeug/autokatalog/marken-modelle/audi/a1/gb/303390/,CO2-Wert kombiniert (WLTP),127 g/km
AUDI,A,A1 GB,2018,2026,Audi A1 Sportback 25 TFSI (09/19 - 09/20),ICE,https://www.adac.de/rund-ums-fahrzeug/autokatalog/marken-modelle/audi/a1/gb/303390/,City-Notbremsassistent,Serie
AUDI,A,A1 GB,2018,2026,Audi A1 Sportback 25 TFSI (09/19 - 09/20),ICE,https://www.adac.de/rund-ums-fahrzeug/autokatalog/marken-modelle/audi/a1/gb/303390/,Dachlast,75 kg
AUDI,A,A1 GB,2018,2026,Audi A1 Sportback 25 TFSI (09/19 - 09/20),ICE,https://www.adac.de/rund-ums-fahrzeug/autokatalog/marken-modelle/audi/a1/gb/303390/,Digitaler Radioempfang (DAB),Serie
AUDI,A,A1 GB,2018,2026,Audi A1 Sportback 25 TFSI (09/19 - 09/20),ICE,https://www.adac.de/rund-ums-fahrzeug/autokatalog/marken-modelle/audi/a1/gb/303390/,Drehmoment (Systemleistung),175 Nm
AUDI,A,A1 GB,2018,2026,Audi A1 Sportback 25 TFSI (09/19 - 09/20),ICE,https://www.adac.de/rund-ums-fahrzeug/autokatalog/marken-modelle/audi/a1/gb/303390/,Drehmoment maximal bei U/min. (Verbrennungsmotor),2000 U/min
AUDI,A,A1 GB,2018,2026,Audi A1 Sportback 25 TFSI (09/19 - 09/20),ICE,https://www.adac.de/rund-ums-fahrzeug/autokatalog/marken-modelle/audi/a1/gb/303390/,Durchrostung,12 Jahre
AUDI,A,A1 GB,2018,2026,Audi A1 Sportback 25 TFSI (09/19 - 09/20),ICE,https://www.adac.de/rund-ums-fahrzeug/autokatalog/marken-modelle/audi/a1/gb/303390/,Einbauposition / Motorbauart (Verbrennungsmotor),Frontmotor / Reihe
AUDI,A,A1 GB,2018,2026,Audi A1 Sportback 25 TFSI (09/19 - 09/20),ICE,https://www.adac.de/rund-ums-fahrzeug/autokatalog/marken-modelle/audi/a1/gb/303390/,Einparkassistent,770 Euro
AUDI,A,A1 GB,2018,2026,Audi A1 Sportback 25 TFSI (09/19 - 09/20),ICE,https://www.adac.de/rund-ums-fahrzeug/autokatalog/marken-modelle/audi/a1/gb/303390/,Einparkhilfe,361 Euro
AUDI,A,A1 GB,2018,2026,Audi A1 Sportback 25 TFSI (09/19 - 09/20),ICE,https://www.adac.de/rund-ums-fahrzeug/autokatalog/marken-modelle/audi/a1/gb/303390/,Einparkhilfe - Bezeichnung,hinten
AUDI,A,A1 GB,2018,2026,Audi A1 Sportback 25 TFSI (09/19 - 09/20),ICE,https://www.adac.de/rund-ums-fahrzeug/autokatalog/marken-modelle/audi/a1/gb/303390/,Fahrdynamikregelung,Serie
AUDI,A,A1 GB,2018,2026,Audi A1 Sportback 25 TFSI (09/19 - 09/20),ICE,https://www.adac.de/rund-ums-fahrzeug/autokatalog/marken-modelle/audi/a1/gb/303390/,Fahrdynamikregelung - Bezeichnung,Elektronisches Stabilitätsprogramm
AUDI,A,A1 GB,2018,2026,Audi A1 Sportback 25 TFSI (09/19 - 09/20),ICE,https://www.adac.de/rund-ums-fahrzeug/autokatalog/marken-modelle/audi/a1/gb/303390/,Fahrgeräusch,67 dB
AUDI,A,A1 GB,2018,2026,Audi A1 Sportback 25 TFSI (09/19 - 09/20),ICE,https://www.adac.de/rund-ums-fahrzeug/autokatalog/marken-modelle/audi/a1/gb/303390/,Fahrzeugklasse,Kleinwagen (z.B. Polo)
AUDI,A,A1 GB,2018,2026,Audi A1 Sportback 25 TFSI (09/19 - 09/20),ICE,https://www.adac.de/rund-ums-fahrzeug/autokatalog/marken-modelle/audi/a1/gb/303390/,Federung hinten,Schraube
AUDI,A,A1 GB,2018,2026,Audi A1 Sportback 25 TFSI (09/19 - 09/20),ICE,https://www.adac.de/rund-ums-fahrzeug/autokatalog/marken-modelle/audi/a1/gb/303390/,Federung vorne,Schraube
AUDI,A,A1 GB,2018,2026,Audi A1 Sportback 25 TFSI (09/19 - 09/20),ICE,https://www.adac.de/rund-ums-fahrzeug/autokatalog/marken-modelle/audi/a1/gb/303390/,Fensterheber elektr. hinten,Serie
AUDI,A,A1 GB,2018,2026,Audi A1 Sportback 25 TFSI (09/19 - 09/20),ICE,https://www.adac.de/rund-ums-fahrzeug/autokatalog/marken-modelle/audi/a1/gb/303390/,Fensterheber elektr. vorne,Serie
AUDI,A,A1 GB,2018,2026,Audi A1 Sportback 25 TFSI (09/19 - 09/20),ICE,https://www.adac.de/rund-ums-fahrzeug/autokatalog/marken-modelle/audi/a1/gb/303390/,Fernlichtassistent,132 Euro
AUDI,A,A1 GB,2018,2026,Audi A1 Sportback 25 TFSI (09/19 - 09/20),ICE,https://www.adac.de/rund-ums-fahrzeug/autokatalog/marken-modelle/audi/a1/gb/303390/,Fixkosten,140 €
AUDI,A,A1 GB,2018,2026,Audi A1 Sportback 25 TFSI (09/19 - 09/20),ICE,https://www.adac.de/rund-ums-fahrzeug/autokatalog/marken-modelle/audi/a1/gb/303390/,Freisprecheinrichtung,Serie
AUDI,A,A1 GB,2018,2026,Audi A1 Sportback 25 TFSI (09/19 - 09/20),ICE,https://www.adac.de/rund-ums-fahrzeug/autokatalog/marken-modelle/audi/a1/gb/303390/,Fußgängererkennung,Serie
AUDI,A,A1 GB,2018,2026,Audi A1 Sportback 25 TFSI (09/19 - 09/20),ICE,https://www.adac.de/rund-ums-fahrzeug/autokatalog/marken-modelle/audi/a1/gb/303390/,Garantie (Fahrzeug),2 Jahre
AUDI,A,A1 GB,2018,2026,Audi A1 Sportback 25 TFSI (09/19 - 09/20),ICE,https://www.adac.de/rund-ums-fahrzeug/autokatalog/marken-modelle/audi/a1/gb/303390/,Gemischaufbereitung (Verbrennungsmotor),Direkteinspritzung
AUDI,A,A1 GB,2018,2026,Audi A1 Sportback 25 TFSI (09/19 - 09/20),ICE,https://www.adac.de/rund-ums-fahrzeug/autokatalog/marken-modelle/audi/a1/gb/303390/,Getriebeart,Schaltgetriebe
AUDI,A,A1 GB,2018,2026,Audi A1 Sportback 25 TFSI (09/19 - 09/20),ICE,https://www.adac.de/rund-ums-fahrzeug/autokatalog/marken-modelle/audi/a1/gb/303390/,Grundpreis,20032 Euro
AUDI,A,A1 GB,2018,2026,Audi A1 Sportback 25 TFSI (09/19 - 09/20),ICE,https://www.adac.de/rund-ums-fahrzeug/autokatalog/marken-modelle/audi/a1/gb/303390/,HSN/TSN Schlüsselnummern,0588/BNN
AUDI,A,A1 GB,2018,2026,Audi A1 Sportback 25 TFSI (09/19 - 09/20),ICE,https://www.adac.de/rund-ums-fahrzeug/autokatalog/marken-modelle/audi/a1/gb/303390/,Haftpflichtbeitrag 100%,1.320 €
AUDI,A,A1 GB,2018,2026,Audi A1 Sportback 25 TFSI (09/19 - 09/20),ICE,https://www.adac.de/rund-ums-fahrzeug/autokatalog/marken-modelle/audi/a1/gb/303390/,Herstellerinterne Baureihenbezeichnung,GB
AUDI,A,A1 GB,2018,2026,Audi A1 Sportback 25 TFSI (09/19 - 09/20),ICE,https://www.adac.de/rund-ums-fahrzeug/autokatalog/marken-modelle/audi/a1/gb/303390/,Hubraum (Verbrennungsmotor),999 ccm
AUDI,A,A1 GB,2018,2026,Audi A1 Sportback 25 TFSI (09/19 - 09/20),ICE,https://www.adac.de/rund-ums-fahrzeug/autokatalog/marken-modelle/audi/a1/gb/303390/,Höchstgeschwindigkeit,191 km/h
AUDI,A,A1 GB,2018,2026,Audi A1 Sportback 25 TFSI (09/19 - 09/20),ICE,https://www.adac.de/rund-ums-fahrzeug/autokatalog/marken-modelle/audi/a1/gb/303390/,Höhe,1409 mm
AUDI,A,A1 GB,2018,2026,Audi A1 Sportback 25 TFSI (09/19 - 09/20),ICE,https://www.adac.de/rund-ums-fahrzeug/autokatalog/marken-modelle/audi/a1/gb/303390/,Jahr der Zulassung des betroffenen Fahrzeugs,Pannen pro 1000 Fahrzeuge
AUDI,A,A1 GB,2018,2026,Audi A1 Sportback 25 TFSI (09/19 - 09/20),ICE,https://www.adac.de/rund-ums-fahrzeug/autokatalog/marken-modelle/audi/a1/gb/303390/,KFZ-Steuer ohne Befreiung/Jahr (kann durch WLTP abweichen),84 Euro
AUDI,A,A1 GB,2018,2026,Audi A1 Sportback 25 TFSI (09/19 - 09/20),ICE,https://www.adac.de/rund-ums-fahrzeug/autokatalog/marken-modelle/audi/a1/gb/303390/,KFZ-Steuer pro Jahr ohne Steuerbefreiung,84 €
AUDI,A,A1 GB,2018,2026,Audi A1 Sportback 25 TFSI (09/19 - 09/20),ICE,https://www.adac.de/rund-ums-fahrzeug/autokatalog/marken-modelle/audi/a1/gb/303390/,Karosserie,Schrägheck
AUDI,A,A1 GB,2018,2026,Audi A1 Sportback 25 TFSI (09/19 - 09/20),ICE,https://www.adac.de/rund-ums-fahrzeug/autokatalog/marken-modelle/audi/a1/gb/303390/,Klassenübliche Ausstattung nach ADAC-Vorgabe,2275 Euro
AUDI,A,A1 GB,2018,2026,Audi A1 Sportback 25 TFSI (09/19 - 09/20),ICE,https://www.adac.de/rund-ums-fahrzeug/autokatalog/marken-modelle/audi/a1/gb/303390/,Klimaanlage,Serie
AUDI,A,A1 GB,2018,2026,Audi A1 Sportback 25 TFSI (09/19 - 09/20),ICE,https://www.adac.de/rund-ums-fahrzeug/autokatalog/marken-modelle/audi/a1/gb/303390/,Kofferraumvolumen dachhoch mit umgeklappter Rücksitzbank,1090 l
AUDI,A,A1 GB,2018,2026,Audi A1 Sportback 25 TFSI (09/19 - 09/20),ICE,https://www.adac.de/rund-ums-fahrzeug/autokatalog/marken-modelle/audi/a1/gb/303390/,Kofferraumvolumen normal,335 l
AUDI,A,A1 GB,2018,2026,Audi A1 Sportback 25 TFSI (09/19 - 09/20),ICE,https://www.adac.de/rund-ums-fahrzeug/autokatalog/marken-modelle/audi/a1/gb/303390/,Kollisionswarnung,Serie
AUDI,A,A1 GB,2018,2026,Audi A1 Sportback 25 TFSI (09/19 - 09/20),ICE,https://www.adac.de/rund-ums-fahrzeug/autokatalog/marken-modelle/audi/a1/gb/303390/,Kopfairbag hinten,Serie
AUDI,A,A1 GB,2018,2026,Audi A1 Sportback 25 TFSI (09/19 - 09/20),ICE,https://www.adac.de/rund-ums-fahrzeug/autokatalog/marken-modelle/audi/a1/gb/303390/,Kopfairbag hinten - Bezeichnung,Windowbag
AUDI,A,A1 GB,2018,2026,Audi A1 Sportback 25 TFSI (09/19 - 09/20),ICE,https://www.adac.de/rund-ums-fahrzeug/autokatalog/marken-modelle/audi/a1/gb/303390/,Kopfairbag vorne,Serie
AUDI,A,A1 GB,2018,2026,Audi A1 Sportback 25 TFSI (09/19 - 09/20),ICE,https://www.adac.de/rund-ums-fahrzeug/autokatalog/marken-modelle/audi/a1/gb/303390/,Kopfairbag vorne - Bezeichnung,Windowbag
AUDI,A,A1 GB,2018,2026,Audi A1 Sportback 25 TFSI (09/19 - 09/20),ICE,https://www.adac.de/rund-ums-fahrzeug/autokatalog/marken-modelle/audi/a1/gb/303390/,Kopfstütze hinten Mitte,Serie
AUDI,A,A1 GB,2018,2026,Audi A1 Sportback 25 TFSI (09/19 - 09/20),ICE,https://www.adac.de/rund-ums-fahrzeug/autokatalog/marken-modelle/audi/a1/gb/303390/,Kopfstützen hinten,Serie
AUDI,A,A1 GB,2018,2026,Audi A1 Sportback 25 TFSI (09/19 - 09/20),ICE,https://www.adac.de/rund-ums-fahrzeug/autokatalog/marken-modelle/audi/a1/gb/303390/,Kraftstoffart,Super
AUDI,A,A1 GB,2018,2026,Audi A1 Sportback 25 TFSI (09/19 - 09/20),ICE,https://www.adac.de/rund-ums-fahrzeug/autokatalog/marken-modelle/audi/a1/gb/303390/,Kurvenlicht,Paket
AUDI,A,A1 GB,2018,2026,Audi A1 Sportback 25 TFSI (09/19 - 09/20),ICE,https://www.adac.de/rund-ums-fahrzeug/autokatalog/marken-modelle/audi/a1/gb/303390/,LED-Scheinwerfer,955 Euro
AUDI,A,A1 GB,2018,2026,Audi A1 Sportback 25 TFSI (09/19 - 09/20),ICE,https://www.adac.de/rund-ums-fahrzeug/autokatalog/marken-modelle/audi/a1/gb/303390/,Lackgarantie,3 Jahre
AUDI,A,A1 GB,2018,2026,Audi A1 Sportback 25 TFSI (09/19 - 09/20),ICE,https://www.adac.de/rund-ums-fahrzeug/autokatalog/marken-modelle/audi/a1/gb/303390/,Lederausstattung,829 Euro
AUDI,A,A1 GB,2018,2026,Audi A1 Sportback 25 TFSI (09/19 - 09/20),ICE,https://www.adac.de/rund-ums-fahrzeug/autokatalog/marken-modelle/audi/a1/gb/303390/,Leergewicht (EU),1165 kg
AUDI,A,A1 GB,2018,2026,Audi A1 Sportback 25 TFSI (09/19 - 09/20),ICE,https://www.adac.de/rund-ums-fahrzeug/autokatalog/marken-modelle/audi/a1/gb/303390/,Leistung / Drehmoment (Verbrennungsmotor),70 kW (95 PS) / 175 Nm
AUDI,A,A1 GB,2018,2026,Audi A1 Sportback 25 TFSI (09/19 - 09/20),ICE,https://www.adac.de/rund-ums-fahrzeug/autokatalog/marken-modelle/audi/a1/gb/303390/,Leistung maximal bei U/min. (Verbrennungsmotor),5000 U/min
AUDI,A,A1 GB,2018,2026,Audi A1 Sportback 25 TFSI (09/19 - 09/20),ICE,https://www.adac.de/rund-ums-fahrzeug/autokatalog/marken-modelle/audi/a1/gb/303390/,Leistung maximal in PS (Systemleistung),95
AUDI,A,A1 GB,2018,2026,Audi A1 Sportback 25 TFSI (09/19 - 09/20),ICE,https://www.adac.de/rund-ums-fahrzeug/autokatalog/marken-modelle/audi/a1/gb/303390/,Leistung maximal in kW (Systemleistung),70
AUDI,A,A1 GB,2018,2026,Audi A1 Sportback 25 TFSI (09/19 - 09/20),ICE,https://www.adac.de/rund-ums-fahrzeug/autokatalog/marken-modelle/audi/a1/gb/303390/,Lichtsensor,Serie
AUDI,A,A1 GB,2018,2026,Audi A1 Sportback 25 TFSI (09/19 - 09/20),ICE,https://www.adac.de/rund-ums-fahrzeug/autokatalog/marken-modelle/audi/a1/gb/303390/,Länge,4029 mm
AUDI,A,A1 GB,2018,2026,Audi A1 Sportback 25 TFSI (09/19 - 09/20),ICE,https://www.adac.de/rund-ums-fahrzeug/autokatalog/marken-modelle/audi/a1/gb/303390/,Marke,Audi
AUDI,A,A1 GB,2018,2026,Audi A1 Sportback 25 TFSI (09/19 - 09/20),ICE,https://www.adac.de/rund-ums-fahrzeug/autokatalog/marken-modelle/audi/a1/gb/303390/,Metallic-Lackierung,536 Euro
AUDI,A,A1 GB,2018,2026,Audi A1 Sportback 25 TFSI (09/19 - 09/20),ICE,https://www.adac.de/rund-ums-fahrzeug/autokatalog/marken-modelle/audi/a1/gb/303390/,Modell,A1 Sportback 25 TFSI
AUDI,A,A1 GB,2018,2026,Audi A1 Sportback 25 TFSI (09/19 - 09/20),ICE,https://www.adac.de/rund-ums-fahrzeug/autokatalog/marken-modelle/audi/a1/gb/303390/,Modellende,09/20
AUDI,A,A1 GB,2018,2026,Audi A1 Sportback 25 TFSI (09/19 - 09/20),ICE,https://www.adac.de/rund-ums-fahrzeug/autokatalog/marken-modelle/audi/a1/gb/303390/,Modellstart,09/19
AUDI,A,A1 GB,2018,2026,Audi A1 Sportback 25 TFSI (09/19 - 09/20),ICE,https://www.adac.de/rund-ums-fahrzeug/autokatalog/marken-modelle/audi/a1/gb/303390/,Motorart,Otto
AUDI,A,A1 GB,2018,2026,Audi A1 Sportback 25 TFSI (09/19 - 09/20),ICE,https://www.adac.de/rund-ums-fahrzeug/autokatalog/marken-modelle/audi/a1/gb/303390/,Motorcode,DKL
AUDI,A,A1 GB,2018,2026,Audi A1 Sportback 25 TFSI (09/19 - 09/20),ICE,https://www.adac.de/rund-ums-fahrzeug/autokatalog/marken-modelle/audi/a1/gb/303390/,Navigation,1915 Euro
AUDI,A,A1 GB,2018,2026,Audi A1 Sportback 25 TFSI (09/19 - 09/20),ICE,https://www.adac.de/rund-ums-fahrzeug/autokatalog/marken-modelle/audi/a1/gb/303390/,Navigation - Bezeichnung,Farbdisplay
AUDI,A,A1 GB,2018,2026,Audi A1 Sportback 25 TFSI (09/19 - 09/20),ICE,https://www.adac.de/rund-ums-fahrzeug/autokatalog/marken-modelle/audi/a1/gb/303390/,Nockenwellensteuerung,Zahnriemen
AUDI,A,A1 GB,2018,2026,Audi A1 Sportback 25 TFSI (09/19 - 09/20),ICE,https://www.adac.de/rund-ums-fahrzeug/autokatalog/marken-modelle/audi/a1/gb/303390/,Notbremsassistent,Paket
AUDI,A,A1 GB,2018,2026,Audi A1 Sportback 25 TFSI (09/19 - 09/20),ICE,https://www.adac.de/rund-ums-fahrzeug/autokatalog/marken-modelle/audi/a1/gb/303390/,Notruffunktion,Serie
AUDI,A,A1 GB,2018,2026,Audi A1 Sportback 25 TFSI (09/19 - 09/20),ICE,https://www.adac.de/rund-ums-fahrzeug/autokatalog/marken-modelle/audi/a1/gb/303390/,PreCrash-System,200 Euro
AUDI,A,A1 GB,2018,2026,Audi A1 Sportback 25 TFSI (09/19 - 09/20),ICE,https://www.adac.de/rund-ums-fahrzeug/autokatalog/marken-modelle/audi/a1/gb/303390/,PreCrash-System - Bezeichnung,Reversible Gurtstraffer/Schließfunktion
AUDI,A,A1 GB,2018,2026,Audi A1 Sportback 25 TFSI (09/19 - 09/20),ICE,https://www.adac.de/rund-ums-fahrzeug/autokatalog/marken-modelle/audi/a1/gb/303390/,Querverkehrassistent hinten,Paket
AUDI,A,A1 GB,2018,2026,Audi A1 Sportback 25 TFSI (09/19 - 09/20),ICE,https://www.adac.de/rund-ums-fahrzeug/autokatalog/marken-modelle/audi/a1/gb/303390/,Radio,Serie
AUDI,A,A1 GB,2018,2026,Audi A1 Sportback 25 TFSI (09/19 - 09/20),ICE,https://www.adac.de/rund-ums-fahrzeug/autokatalog/marken-modelle/audi/a1/gb/303390/,Radio - Bezeichnung,MMI Radio
AUDI,A,A1 GB,2018,2026,Audi A1 Sportback 25 TFSI (09/19 - 09/20),ICE,https://www.adac.de/rund-ums-fahrzeug/autokatalog/marken-modelle/audi/a1/gb/303390/,Radstand,2563 mm
AUDI,A,A1 GB,2018,2026,Audi A1 Sportback 25 TFSI (09/19 - 09/20),ICE,https://www.adac.de/rund-ums-fahrzeug/autokatalog/marken-modelle/audi/a1/gb/303390/,Regensensor,Serie
AUDI,A,A1 GB,2018,2026,Audi A1 Sportback 25 TFSI (09/19 - 09/20),ICE,https://www.adac.de/rund-ums-fahrzeug/autokatalog/marken-modelle/audi/a1/gb/303390/,Reifendruckkontrolle,Serie
AUDI,A,A1 GB,2018,2026,Audi A1 Sportback 25 TFSI (09/19 - 09/20),ICE,https://www.adac.de/rund-ums-fahrzeug/autokatalog/marken-modelle/audi/a1/gb/303390/,Reifendruckkontrolle - Bezeichnung,indirekte Messung (ABS)
AUDI,A,A1 GB,2018,2026,Audi A1 Sportback 25 TFSI (09/19 - 09/20),ICE,https://www.adac.de/rund-ums-fahrzeug/autokatalog/marken-modelle/audi/a1/gb/303390/,Reifengröße,185/65R15
AUDI,A,A1 GB,2018,2026,Audi A1 Sportback 25 TFSI (09/19 - 09/20),ICE,https://www.adac.de/rund-ums-fahrzeug/autokatalog/marken-modelle/audi/a1/gb/303390/,Rücksitzbank umklappbar,Serie
AUDI,A,A1 GB,2018,2026,Audi A1 Sportback 25 TFSI (09/19 - 09/20),ICE,https://www.adac.de/rund-ums-fahrzeug/autokatalog/marken-modelle/audi/a1/gb/303390/,Schadstoffklasse,"Euro 6d-TEMP-EVAP-ISC (WLTP) 36CH, 36CI, 36DG"
AUDI,A,A1 GB,2018,2026,Audi A1 Sportback 25 TFSI (09/19 - 09/20),ICE,https://www.adac.de/rund-ums-fahrzeug/autokatalog/marken-modelle/audi/a1/gb/303390/,Schaltpunktanzeige,Paket
AUDI,A,A1 GB,2018,2026,Audi A1 Sportback 25 TFSI (09/19 - 09/20),ICE,https://www.adac.de/rund-ums-fahrzeug/autokatalog/marken-modelle/audi/a1/gb/303390/,Seitenairbag vorne,Serie
AUDI,A,A1 GB,2018,2026,Audi A1 Sportback 25 TFSI (09/19 - 09/20),ICE,https://www.adac.de/rund-ums-fahrzeug/autokatalog/marken-modelle/audi/a1/gb/303390/,Servolenkung,Serie
AUDI,A,A1 GB,2018,2026,Audi A1 Sportback 25 TFSI (09/19 - 09/20),ICE,https://www.adac.de/rund-ums-fahrzeug/autokatalog/marken-modelle/audi/a1/gb/303390/,Sitzanzahl,5
AUDI,A,A1 GB,2018,2026,Audi A1 Sportback 25 TFSI (09/19 - 09/20),ICE,https://www.adac.de/rund-ums-fahrzeug/autokatalog/marken-modelle/audi/a1/gb/303390/,Smartphone-Induktive Ladeeinrichtung,Paket
AUDI,A,A1 GB,2018,2026,Audi A1 Sportback 25 TFSI (09/19 - 09/20),ICE,https://www.adac.de/rund-ums-fahrzeug/autokatalog/marken-modelle/audi/a1/gb/303390/,Smartphone-Integration (Android Auto/Apple CarPlay),522 Euro
AUDI,A,A1 GB,2018,2026,Audi A1 Sportback 25 TFSI (09/19 - 09/20),ICE,https://www.adac.de/rund-ums-fahrzeug/autokatalog/marken-modelle/audi/a1/gb/303390/,Speed-Limiter,Serie
AUDI,A,A1 GB,2018,2026,Audi A1 Sportback 25 TFSI (09/19 - 09/20),ICE,https://www.adac.de/rund-ums-fahrzeug/autokatalog/marken-modelle/audi/a1/gb/303390/,Spurhalteassistent,Serie
AUDI,A,A1 GB,2018,2026,Audi A1 Sportback 25 TFSI (09/19 - 09/20),ICE,https://www.adac.de/rund-ums-fahrzeug/autokatalog/marken-modelle/audi/a1/gb/303390/,Spurwechselassistent,Paket
AUDI,A,A1 GB,2018,2026,Audi A1 Sportback 25 TFSI (09/19 - 09/20),ICE,https://www.adac.de/rund-ums-fahrzeug/autokatalog/marken-modelle/audi/a1/gb/303390/,Start-/Stopp-Automatik (Verbrennungsmotor),Serie
AUDI,A,A1 GB,2018,2026,Audi A1 Sportback 25 TFSI (09/19 - 09/20),ICE,https://www.adac.de/rund-ums-fahrzeug/autokatalog/marken-modelle/audi/a1/gb/303390/,Tankgröße,"40,0 l"
AUDI,A,A1 GB,2018,2026,Audi A1 Sportback 25 TFSI (09/19 - 09/20),ICE,https://www.adac.de/rund-ums-fahrzeug/autokatalog/marken-modelle/audi/a1/gb/303390/,Teilkaskobeitrag 150 € SB,638 €
AUDI,A,A1 GB,2018,2026,Audi A1 Sportback 25 TFSI (09/19 - 09/20),ICE,https://www.adac.de/rund-ums-fahrzeug/autokatalog/marken-modelle/audi/a1/gb/303390/,Typklassen (KH/VK/TK),17/19/22
AUDI,A,A1 GB,2018,2026,Audi A1 Sportback 25 TFSI (09/19 - 09/20),ICE,https://www.adac.de/rund-ums-fahrzeug/autokatalog/marken-modelle/audi/a1/gb/303390/,Türanzahl,5
AUDI,A,A1 GB,2018,2026,Audi A1 Sportback 25 TFSI (09/19 - 09/20),ICE,https://www.adac.de/rund-ums-fahrzeug/autokatalog/marken-modelle/audi/a1/gb/303390/,Variable Lichtverteilung,Paket
AUDI,A,A1 GB,2018,2026,Audi A1 Sportback 25 TFSI (09/19 - 09/20),ICE,https://www.adac.de/rund-ums-fahrzeug/autokatalog/marken-modelle/audi/a1/gb/303390/,Verbrauch Autobahn (WLTP),"5,7 l/100 km"
AUDI,A,A1 GB,2018,2026,Audi A1 Sportback 25 TFSI (09/19 - 09/20),ICE,https://www.adac.de/rund-ums-fahrzeug/autokatalog/marken-modelle/audi/a1/gb/303390/,Verbrauch Kurzstrecke (WLTP),"7,4 l/100 km"
AUDI,A,A1 GB,2018,2026,Audi A1 Sportback 25 TFSI (09/19 - 09/20),ICE,https://www.adac.de/rund-ums-fahrzeug/autokatalog/marken-modelle/audi/a1/gb/303390/,Verbrauch Landstraße (WLTP),"4,8 l/100 km"
AUDI,A,A1 GB,2018,2026,Audi A1 Sportback 25 TFSI (09/19 - 09/20),ICE,https://www.adac.de/rund-ums-fahrzeug/autokatalog/marken-modelle/audi/a1/gb/303390/,Verbrauch Stadtrand (WLTP),"5,5 l/100 km"
AUDI,A,A1 GB,2018,2026,Audi A1 Sportback 25 TFSI (09/19 - 09/20),ICE,https://www.adac.de/rund-ums-fahrzeug/autokatalog/marken-modelle/audi/a1/gb/303390/,Verbrauch kombiniert (WLTP),"5,6 l/100 km"
AUDI,A,A1 GB,2018,2026,Audi A1 Sportback 25 TFSI (09/19 - 09/20),ICE,https://www.adac.de/rund-ums-fahrzeug/autokatalog/marken-modelle/audi/a1/gb/303390/,Verkehrsschild-Erkennung,195 Euro
AUDI,A,A1 GB,2018,2026,Audi A1 Sportback 25 TFSI (09/19 - 09/20),ICE,https://www.adac.de/rund-ums-fahrzeug/autokatalog/marken-modelle/audi/a1/gb/303390/,Vollkaskobetrag 100% 500 € SB,1.472 €
AUDI,A,A1 GB,2018,2026,Audi A1 Sportback 25 TFSI (09/19 - 09/20),ICE,https://www.adac.de/rund-ums-fahrzeug/autokatalog/marken-modelle/audi/a1/gb/303390/,WLAN Hotspot,Paket
AUDI,A,A1 GB,2018,2026,Audi A1 Sportback 25 TFSI (09/19 - 09/20),ICE,https://www.adac.de/rund-ums-fahrzeug/autokatalog/marken-modelle/audi/a1/gb/303390/,Wendekreis,"10,6 m"
AUDI,A,A1 GB,2018,2026,Audi A1 Sportback 25 TFSI (09/19 - 09/20),ICE,https://www.adac.de/rund-ums-fahrzeug/autokatalog/marken-modelle/audi/a1/gb/303390/,Werkstattkosten,98 €
AUDI,A,A1 GB,2018,2026,Audi A1 Sportback 25 TFSI (09/19 - 09/20),ICE,https://www.adac.de/rund-ums-fahrzeug/autokatalog/marken-modelle/audi/a1/gb/303390/,Wertverlust,51 €
AUDI,A,A1 GB,2018,2026,Audi A1 Sportback 25 TFSI (09/19 - 09/20),ICE,https://www.adac.de/rund-ums-fahrzeug/autokatalog/marken-modelle/audi/a1/gb/303390/,Zentralverriegelung,Serie
AUDI,A,A1 GB,2018,2026,Audi A1 Sportback 25 TFSI (09/19 - 09/20),ICE,https://www.adac.de/rund-ums-fahrzeug/autokatalog/marken-modelle/audi/a1/gb/303390/,Zul. Gesamtgewicht,1630 kg
AUDI,A,A1 GB,2018,2026,Audi A1 Sportback 25 TFSI (09/19 - 09/20),ICE,https://www.adac.de/rund-ums-fahrzeug/autokatalog/marken-modelle/audi/a1/gb/303390/,Zuladung,465 kg
AUDI,A,A1 GB,2018,2026,Audi A1 Sportback 25 TFSI (09/19 - 09/20),ICE,https://www.adac.de/rund-ums-fahrzeug/autokatalog/marken-modelle/audi/a1/gb/303390/,Zusätzliche Garantien,"Mobilitätsgarantie: 2 Jahre europaweit, erweiterbar auf lebenslang unter Einhaltung aller Inspektionen;"
AUDI,A,A1 GB,2018,2026,Audi A1 Sportback 25 TFSI (09/20 - 03/24),ICE,https://www.adac.de/rund-ums-fahrzeug/autokatalog/marken-modelle/audi/a1/gb/314804/,2016,5.8
AUDI,A,A1 GB,2018,2026,Audi A1 Sportback 25 TFSI (09/20 - 03/24),ICE,https://www.adac.de/rund-ums-fahrzeug/autokatalog/marken-modelle/audi/a1/gb/314804/,2017,4.2
AUDI,A,A1 GB,2018,2026,Audi A1 Sportback 25 TFSI (09/20 - 03/24),ICE,https://www.adac.de/rund-ums-fahrzeug/autokatalog/marken-modelle/audi/a1/gb/314804/,2018,3.7
AUDI,A,A1 GB,2018,2026,Audi A1 Sportback 25 TFSI (09/20 - 03/24),ICE,https://www.adac.de/rund-ums-fahrzeug/autokatalog/marken-modelle/audi/a1/gb/314804/,2019,5
AUDI,A,A1 GB,2018,2026,Audi A1 Sportback 25 TFSI (09/20 - 03/24),ICE,https://www.adac.de/rund-ums-fahrzeug/autokatalog/marken-modelle/audi/a1/gb/314804/,2020,4.7
AUDI,A,A1 GB,2018,2026,Audi A1 Sportback 25 TFSI (09/20 - 03/24),ICE,https://www.adac.de/rund-ums-fahrzeug/autokatalog/marken-modelle/audi/a1/gb/314804/,2021,6.8
AUDI,A,A1 GB,2018,2026,Audi A1 Sportback 25 TFSI (09/20 - 03/24),ICE,https://www.adac.de/rund-ums-fahrzeug/autokatalog/marken-modelle/audi/a1/gb/314804/,2022,2.2
AUDI,A,A1 GB,2018,2026,Audi A1 Sportback 25 TFSI (09/20 - 03/24),ICE,https://www.adac.de/rund-ums-fahrzeug/autokatalog/marken-modelle/audi/a1/gb/314804/,2023,1.3
AUDI,A,A1 GB,2018,2026,Audi A1 Sportback 25 TFSI (09/20 - 03/24),ICE,https://www.adac.de/rund-ums-fahrzeug/autokatalog/marken-modelle/audi/a1/gb/314804/,3-Punkt-Gurt hinten Mitte,Serie
AUDI,A,A1 GB,2018,2026,Audi A1 Sportback 25 TFSI (09/20 - 03/24),ICE,https://www.adac.de/rund-ums-fahrzeug/autokatalog/marken-modelle/audi/a1/gb/314804/,3-Punkt-Gurt hinten Mitte - Bezeichnung,3-Punkt Gurt
AUDI,A,A1 GB,2018,2026,Audi A1 Sportback 25 TFSI (09/20 - 03/24),ICE,https://www.adac.de/rund-ums-fahrzeug/autokatalog/marken-modelle/audi/a1/gb/314804/,ABS,Serie
AUDI,A,A1 GB,2018,2026,Audi A1 Sportback 25 TFSI (09/20 - 03/24),ICE,https://www.adac.de/rund-ums-fahrzeug/autokatalog/marken-modelle/audi/a1/gb/314804/,Abgasreinigung (Verbrennungsmotor),Otto-Partikelfilter
AUDI,A,A1 GB,2018,2026,Audi A1 Sportback 25 TFSI (09/20 - 03/24),ICE,https://www.adac.de/rund-ums-fahrzeug/autokatalog/marken-modelle/audi/a1/gb/314804/,Airbag Beifahrer,Serie
AUDI,A,A1 GB,2018,2026,Audi A1 Sportback 25 TFSI (09/20 - 03/24),ICE,https://www.adac.de/rund-ums-fahrzeug/autokatalog/marken-modelle/audi/a1/gb/314804/,Airbag Deaktivierung,Serie
AUDI,A,A1 GB,2018,2026,Audi A1 Sportback 25 TFSI (09/20 - 03/24),ICE,https://www.adac.de/rund-ums-fahrzeug/autokatalog/marken-modelle/audi/a1/gb/314804/,Airbag Deaktivierung - Bezeichnung,Schalter
AUDI,A,A1 GB,2018,2026,Audi A1 Sportback 25 TFSI (09/20 - 03/24),ICE,https://www.adac.de/rund-ums-fahrzeug/autokatalog/marken-modelle/audi/a1/gb/314804/,Airbag Fahrer,Serie
AUDI,A,A1 GB,2018,2026,Audi A1 Sportback 25 TFSI (09/20 - 03/24),ICE,https://www.adac.de/rund-ums-fahrzeug/autokatalog/marken-modelle/audi/a1/gb/314804/,Aktive Kopfstützen,Serie
AUDI,A,A1 GB,2018,2026,Audi A1 Sportback 25 TFSI (09/20 - 03/24),ICE,https://www.adac.de/rund-ums-fahrzeug/autokatalog/marken-modelle/audi/a1/gb/314804/,Alufelgen,450 Euro
AUDI,A,A1 GB,2018,2026,Audi A1 Sportback 25 TFSI (09/20 - 03/24),ICE,https://www.adac.de/rund-ums-fahrzeug/autokatalog/marken-modelle/audi/a1/gb/314804/,Antriebsart,Vorderrad
AUDI,A,A1 GB,2018,2026,Audi A1 Sportback 25 TFSI (09/20 - 03/24),ICE,https://www.adac.de/rund-ums-fahrzeug/autokatalog/marken-modelle/audi/a1/gb/314804/,Antriebsschlupfregelung,Serie
AUDI,A,A1 GB,2018,2026,Audi A1 Sportback 25 TFSI (09/20 - 03/24),ICE,https://www.adac.de/rund-ums-fahrzeug/autokatalog/marken-modelle/audi/a1/gb/314804/,Antriebsschlupfregelung - Bezeichnung,Autom. Stabilitätskontrolle mit Traktion
AUDI,A,A1 GB,2018,2026,Audi A1 Sportback 25 TFSI (09/20 - 03/24),ICE,https://www.adac.de/rund-ums-fahrzeug/autokatalog/marken-modelle/audi/a1/gb/314804/,Anzahl Gänge,5
AUDI,A,A1 GB,2018,2026,Audi A1 Sportback 25 TFSI (09/20 - 03/24),ICE,https://www.adac.de/rund-ums-fahrzeug/autokatalog/marken-modelle/audi/a1/gb/314804/,Anzahl Ventile (Verbrennungsmotor),4
AUDI,A,A1 GB,2018,2026,Audi A1 Sportback 25 TFSI (09/20 - 03/24),ICE,https://www.adac.de/rund-ums-fahrzeug/autokatalog/marken-modelle/audi/a1/gb/314804/,Anzahl Zylinder (Verbrennungsmotor),3
AUDI,A,A1 GB,2018,2026,Audi A1 Sportback 25 TFSI (09/20 - 03/24),ICE,https://www.adac.de/rund-ums-fahrzeug/autokatalog/marken-modelle/audi/a1/gb/314804/,Aufladung (Verbrennungsmotor),Turbo
AUDI,A,A1 GB,2018,2026,Audi A1 Sportback 25 TFSI (09/20 - 03/24),ICE,https://www.adac.de/rund-ums-fahrzeug/autokatalog/marken-modelle/audi/a1/gb/314804/,Autom. Abstandsregelung,550 Euro
AUDI,A,A1 GB,2018,2026,Audi A1 Sportback 25 TFSI (09/20 - 03/24),ICE,https://www.adac.de/rund-ums-fahrzeug/autokatalog/marken-modelle/audi/a1/gb/314804/,Baureihe,A1 (GB) (11/18 - 04/26)
AUDI,A,A1 GB,2018,2026,Audi A1 Sportback 25 TFSI (09/20 - 03/24),ICE,https://www.adac.de/rund-ums-fahrzeug/autokatalog/marken-modelle/audi/a1/gb/314804/,Baureihenende,04/26
AUDI,A,A1 GB,2018,2026,Audi A1 Sportback 25 TFSI (09/20 - 03/24),ICE,https://www.adac.de/rund-ums-fahrzeug/autokatalog/marken-modelle/audi/a1/gb/314804/,Baureihenstart,11/18
AUDI,A,A1 GB,2018,2026,Audi A1 Sportback 25 TFSI (09/20 - 03/24),ICE,https://www.adac.de/rund-ums-fahrzeug/autokatalog/marken-modelle/audi/a1/gb/314804/,Berganfahrassistent,60 Euro
AUDI,A,A1 GB,2018,2026,Audi A1 Sportback 25 TFSI (09/20 - 03/24),ICE,https://www.adac.de/rund-ums-fahrzeug/autokatalog/marken-modelle/audi/a1/gb/314804/,Beschleunigung 0-100km/h,"11,0 s"
AUDI,A,A1 GB,2018,2026,Audi A1 Sportback 25 TFSI (09/20 - 03/24),ICE,https://www.adac.de/rund-ums-fahrzeug/autokatalog/marken-modelle/audi/a1/gb/314804/,Betriebskosten,162 €
AUDI,A,A1 GB,2018,2026,Audi A1 Sportback 25 TFSI (09/20 - 03/24),ICE,https://www.adac.de/rund-ums-fahrzeug/autokatalog/marken-modelle/audi/a1/gb/314804/,Breite,1740 mm
AUDI,A,A1 GB,2018,2026,Audi A1 Sportback 25 TFSI (09/20 - 03/24),ICE,https://www.adac.de/rund-ums-fahrzeug/autokatalog/marken-modelle/audi/a1/gb/314804/,Breite (inkl. Außenspiegel),1940 mm
AUDI,A,A1 GB,2018,2026,Audi A1 Sportback 25 TFSI (09/20 - 03/24),ICE,https://www.adac.de/rund-ums-fahrzeug/autokatalog/marken-modelle/audi/a1/gb/314804/,Bremsassistent,Serie
AUDI,A,A1 GB,2018,2026,Audi A1 Sportback 25 TFSI (09/20 - 03/24),ICE,https://www.adac.de/rund-ums-fahrzeug/autokatalog/marken-modelle/audi/a1/gb/314804/,Bremsassistent - Bezeichnung,Multikollisionsbremse
AUDI,A,A1 GB,2018,2026,Audi A1 Sportback 25 TFSI (09/20 - 03/24),ICE,https://www.adac.de/rund-ums-fahrzeug/autokatalog/marken-modelle/audi/a1/gb/314804/,Bremse hinten,Scheibe
AUDI,A,A1 GB,2018,2026,Audi A1 Sportback 25 TFSI (09/20 - 03/24),ICE,https://www.adac.de/rund-ums-fahrzeug/autokatalog/marken-modelle/audi/a1/gb/314804/,Bremse vorne,Scheibe
AUDI,A,A1 GB,2018,2026,Audi A1 Sportback 25 TFSI (09/20 - 03/24),ICE,https://www.adac.de/rund-ums-fahrzeug/autokatalog/marken-modelle/audi/a1/gb/314804/,Bremslicht dynamisch,Serie
AUDI,A,A1 GB,2018,2026,Audi A1 Sportback 25 TFSI (09/20 - 03/24),ICE,https://www.adac.de/rund-ums-fahrzeug/autokatalog/marken-modelle/audi/a1/gb/314804/,Bremslicht dynamisch - Bezeichnung,Flashing Brake Light und Aktivierung der Warnblinkanlage (kurz vor Stillstand)
AUDI,A,A1 GB,2018,2026,Audi A1 Sportback 25 TFSI (09/20 - 03/24),ICE,https://www.adac.de/rund-ums-fahrzeug/autokatalog/marken-modelle/audi/a1/gb/314804/,CO2-Effizienzklasse,D
AUDI,A,A1 GB,2018,2026,Audi A1 Sportback 25 TFSI (09/20 - 03/24),ICE,https://www.adac.de/rund-ums-fahrzeug/autokatalog/marken-modelle/audi/a1/gb/314804/,CO2-Wert kombiniert (WLTP),124 g/km
AUDI,A,A1 GB,2018,2026,Audi A1 Sportback 25 TFSI (09/20 - 03/24),ICE,https://www.adac.de/rund-ums-fahrzeug/autokatalog/marken-modelle/audi/a1/gb/314804/,City-Notbremsassistent,Serie
AUDI,A,A1 GB,2018,2026,Audi A1 Sportback 25 TFSI (09/20 - 03/24),ICE,https://www.adac.de/rund-ums-fahrzeug/autokatalog/marken-modelle/audi/a1/gb/314804/,Dachlast,75 kg
AUDI,A,A1 GB,2018,2026,Audi A1 Sportback 25 TFSI (09/20 - 03/24),ICE,https://www.adac.de/rund-ums-fahrzeug/autokatalog/marken-modelle/audi/a1/gb/314804/,Digitaler Radioempfang (DAB),Serie
AUDI,A,A1 GB,2018,2026,Audi A1 Sportback 25 TFSI (09/20 - 03/24),ICE,https://www.adac.de/rund-ums-fahrzeug/autokatalog/marken-modelle/audi/a1/gb/314804/,Drehmoment (Systemleistung),175 Nm
AUDI,A,A1 GB,2018,2026,Audi A1 Sportback 25 TFSI (09/20 - 03/24),ICE,https://www.adac.de/rund-ums-fahrzeug/autokatalog/marken-modelle/audi/a1/gb/314804/,Drehmoment maximal bei U/min. (Verbrennungsmotor),1600 U/min
AUDI,A,A1 GB,2018,2026,Audi A1 Sportback 25 TFSI (09/20 - 03/24),ICE,https://www.adac.de/rund-ums-fahrzeug/autokatalog/marken-modelle/audi/a1/gb/314804/,Durchrostung,12 Jahre
AUDI,A,A1 GB,2018,2026,Audi A1 Sportback 25 TFSI (09/20 - 03/24),ICE,https://www.adac.de/rund-ums-fahrzeug/autokatalog/marken-modelle/audi/a1/gb/314804/,Einbauposition / Motorbauart (Verbrennungsmotor),Frontmotor / Reihe
AUDI,A,A1 GB,2018,2026,Audi A1 Sportback 25 TFSI (09/20 - 03/24),ICE,https://www.adac.de/rund-ums-fahrzeug/autokatalog/marken-modelle/audi/a1/gb/314804/,Einparkassistent,790 Euro
AUDI,A,A1 GB,2018,2026,Audi A1 Sportback 25 TFSI (09/20 - 03/24),ICE,https://www.adac.de/rund-ums-fahrzeug/autokatalog/marken-modelle/audi/a1/gb/314804/,Fahrdynamikregelung,Serie
AUDI,A,A1 GB,2018,2026,Audi A1 Sportback 25 TFSI (09/20 - 03/24),ICE,https://www.adac.de/rund-ums-fahrzeug/autokatalog/marken-modelle/audi/a1/gb/314804/,Fahrdynamikregelung - Bezeichnung,Elektronisches Stabilitätsprogramm
AUDI,A,A1 GB,2018,2026,Audi A1 Sportback 25 TFSI (09/20 - 03/24),ICE,https://www.adac.de/rund-ums-fahrzeug/autokatalog/marken-modelle/audi/a1/gb/314804/,Fahrgeräusch,70 dB
AUDI,A,A1 GB,2018,2026,Audi A1 Sportback 25 TFSI (09/20 - 03/24),ICE,https://www.adac.de/rund-ums-fahrzeug/autokatalog/marken-modelle/audi/a1/gb/314804/,Fahrzeugklasse,Kleinwagen (z.B. Polo)
AUDI,A,A1 GB,2018,2026,Audi A1 Sportback 25 TFSI (09/20 - 03/24),ICE,https://www.adac.de/rund-ums-fahrzeug/autokatalog/marken-modelle/audi/a1/gb/314804/,Federung hinten,Schraube
AUDI,A,A1 GB,2018,2026,Audi A1 Sportback 25 TFSI (09/20 - 03/24),ICE,https://www.adac.de/rund-ums-fahrzeug/autokatalog/marken-modelle/audi/a1/gb/314804/,Federung vorne,Schraube
AUDI,A,A1 GB,2018,2026,Audi A1 Sportback 25 TFSI (09/20 - 03/24),ICE,https://www.adac.de/rund-ums-fahrzeug/autokatalog/marken-modelle/audi/a1/gb/314804/,Fensterheber elektr. hinten,Serie
AUDI,A,A1 GB,2018,2026,Audi A1 Sportback 25 TFSI (09/20 - 03/24),ICE,https://www.adac.de/rund-ums-fahrzeug/autokatalog/marken-modelle/audi/a1/gb/314804/,Fensterheber elektr. vorne,Serie
AUDI,A,A1 GB,2018,2026,Audi A1 Sportback 25 TFSI (09/20 - 03/24),ICE,https://www.adac.de/rund-ums-fahrzeug/autokatalog/marken-modelle/audi/a1/gb/314804/,Fernlichtassistent,135 Euro
AUDI,A,A1 GB,2018,2026,Audi A1 Sportback 25 TFSI (09/20 - 03/24),ICE,https://www.adac.de/rund-ums-fahrzeug/autokatalog/marken-modelle/audi/a1/gb/314804/,Fixkosten,139 €
AUDI,A,A1 GB,2018,2026,Audi A1 Sportback 25 TFSI (09/20 - 03/24),ICE,https://www.adac.de/rund-ums-fahrzeug/autokatalog/marken-modelle/audi/a1/gb/314804/,Freisprecheinrichtung,Serie
AUDI,A,A1 GB,2018,2026,Audi A1 Sportback 25 TFSI (09/20 - 03/24),ICE,https://www.adac.de/rund-ums-fahrzeug/autokatalog/marken-modelle/audi/a1/gb/314804/,Fußgängererkennung,Serie
AUDI,A,A1 GB,2018,2026,Audi A1 Sportback 25 TFSI (09/20 - 03/24),ICE,https://www.adac.de/rund-ums-fahrzeug/autokatalog/marken-modelle/audi/a1/gb/314804/,Garantie (Fahrzeug),2 Jahre
AUDI,A,A1 GB,2018,2026,Audi A1 Sportback 25 TFSI (09/20 - 03/24),ICE,https://www.adac.de/rund-ums-fahrzeug/autokatalog/marken-modelle/audi/a1/gb/314804/,Gemischaufbereitung (Verbrennungsmotor),Direkteinspritzung
AUDI,A,A1 GB,2018,2026,Audi A1 Sportback 25 TFSI (09/20 - 03/24),ICE,https://www.adac.de/rund-ums-fahrzeug/autokatalog/marken-modelle/audi/a1/gb/314804/,Getriebeart,Schaltgetriebe
AUDI,A,A1 GB,2018,2026,Audi A1 Sportback 25 TFSI (09/20 - 03/24),ICE,https://www.adac.de/rund-ums-fahrzeug/autokatalog/marken-modelle/audi/a1/gb/314804/,Grundpreis,22300 Euro
AUDI,A,A1 GB,2018,2026,Audi A1 Sportback 25 TFSI (09/20 - 03/24),ICE,https://www.adac.de/rund-ums-fahrzeug/autokatalog/marken-modelle/audi/a1/gb/314804/,HSN/TSN Schlüsselnummern,0588/BNN
AUDI,A,A1 GB,2018,2026,Audi A1 Sportback 25 TFSI (09/20 - 03/24),ICE,https://www.adac.de/rund-ums-fahrzeug/autokatalog/marken-modelle/audi/a1/gb/314804/,Haftpflichtbeitrag 100%,1.320 €
AUDI,A,A1 GB,2018,2026,Audi A1 Sportback 25 TFSI (09/20 - 03/24),ICE,https://www.adac.de/rund-ums-fahrzeug/autokatalog/marken-modelle/audi/a1/gb/314804/,Herstellerinterne Baureihenbezeichnung,GB
AUDI,A,A1 GB,2018,2026,Audi A1 Sportback 25 TFSI (09/20 - 03/24),ICE,https://www.adac.de/rund-ums-fahrzeug/autokatalog/marken-modelle/audi/a1/gb/314804/,Hubraum (Verbrennungsmotor),999 ccm
AUDI,A,A1 GB,2018,2026,Audi A1 Sportback 25 TFSI (09/20 - 03/24),ICE,https://www.adac.de/rund-ums-fahrzeug/autokatalog/marken-modelle/audi/a1/gb/314804/,Höchstgeschwindigkeit,193 km/h
AUDI,A,A1 GB,2018,2026,Audi A1 Sportback 25 TFSI (09/20 - 03/24),ICE,https://www.adac.de/rund-ums-fahrzeug/autokatalog/marken-modelle/audi/a1/gb/314804/,Höhe,1409 mm
AUDI,A,A1 GB,2018,2026,Audi A1 Sportback 25 TFSI (09/20 - 03/24),ICE,https://www.adac.de/rund-ums-fahrzeug/autokatalog/marken-modelle/audi/a1/gb/314804/,Jahr der Zulassung des betroffenen Fahrzeugs,Pannen pro 1000 Fahrzeuge
AUDI,A,A1 GB,2018,2026,Audi A1 Sportback 25 TFSI (09/20 - 03/24),ICE,https://www.adac.de/rund-ums-fahrzeug/autokatalog/marken-modelle/audi/a1/gb/314804/,KFZ-Steuer ohne Befreiung/Jahr (kann durch WLTP abweichen),79 Euro
AUDI,A,A1 GB,2018,2026,Audi A1 Sportback 25 TFSI (09/20 - 03/24),ICE,https://www.adac.de/rund-ums-fahrzeug/autokatalog/marken-modelle/audi/a1/gb/314804/,KFZ-Steuer pro Jahr ohne Steuerbefreiung,79 €
AUDI,A,A1 GB,2018,2026,Audi A1 Sportback 25 TFSI (09/20 - 03/24),ICE,https://www.adac.de/rund-ums-fahrzeug/autokatalog/marken-modelle/audi/a1/gb/314804/,Karosserie,Schrägheck
AUDI,A,A1 GB,2018,2026,Audi A1 Sportback 25 TFSI (09/20 - 03/24),ICE,https://www.adac.de/rund-ums-fahrzeug/autokatalog/marken-modelle/audi/a1/gb/314804/,Klassenübliche Ausstattung nach ADAC-Vorgabe,1965 Euro
AUDI,A,A1 GB,2018,2026,Audi A1 Sportback 25 TFSI (09/20 - 03/24),ICE,https://www.adac.de/rund-ums-fahrzeug/autokatalog/marken-modelle/audi/a1/gb/314804/,Klimaanlage,Serie
AUDI,A,A1 GB,2018,2026,Audi A1 Sportback 25 TFSI (09/20 - 03/24),ICE,https://www.adac.de/rund-ums-fahrzeug/autokatalog/marken-modelle/audi/a1/gb/314804/,Kofferraumvolumen dachhoch mit umgeklappter Rücksitzbank,1090 l
AUDI,A,A1 GB,2018,2026,Audi A1 Sportback 25 TFSI (09/20 - 03/24),ICE,https://www.adac.de/rund-ums-fahrzeug/autokatalog/marken-modelle/audi/a1/gb/314804/,Kofferraumvolumen normal,335 l
AUDI,A,A1 GB,2018,2026,Audi A1 Sportback 25 TFSI (09/20 - 03/24),ICE,https://www.adac.de/rund-ums-fahrzeug/autokatalog/marken-modelle/audi/a1/gb/314804/,Kollisionswarnung,Serie
AUDI,A,A1 GB,2018,2026,Audi A1 Sportback 25 TFSI (09/20 - 03/24),ICE,https://www.adac.de/rund-ums-fahrzeug/autokatalog/marken-modelle/audi/a1/gb/314804/,Kopfairbag hinten,Serie
AUDI,A,A1 GB,2018,2026,Audi A1 Sportback 25 TFSI (09/20 - 03/24),ICE,https://www.adac.de/rund-ums-fahrzeug/autokatalog/marken-modelle/audi/a1/gb/314804/,Kopfairbag hinten - Bezeichnung,Windowbag
AUDI,A,A1 GB,2018,2026,Audi A1 Sportback 25 TFSI (09/20 - 03/24),ICE,https://www.adac.de/rund-ums-fahrzeug/autokatalog/marken-modelle/audi/a1/gb/314804/,Kopfairbag vorne,Serie
AUDI,A,A1 GB,2018,2026,Audi A1 Sportback 25 TFSI (09/20 - 03/24),ICE,https://www.adac.de/rund-ums-fahrzeug/autokatalog/marken-modelle/audi/a1/gb/314804/,Kopfairbag vorne - Bezeichnung,Windowbag
AUDI,A,A1 GB,2018,2026,Audi A1 Sportback 25 TFSI (09/20 - 03/24),ICE,https://www.adac.de/rund-ums-fahrzeug/autokatalog/marken-modelle/audi/a1/gb/314804/,Kopfstütze hinten Mitte,Serie
AUDI,A,A1 GB,2018,2026,Audi A1 Sportback 25 TFSI (09/20 - 03/24),ICE,https://www.adac.de/rund-ums-fahrzeug/autokatalog/marken-modelle/audi/a1/gb/314804/,Kopfstützen hinten,Serie
AUDI,A,A1 GB,2018,2026,Audi A1 Sportback 25 TFSI (09/20 - 03/24),ICE,https://www.adac.de/rund-ums-fahrzeug/autokatalog/marken-modelle/audi/a1/gb/314804/,Kraftstoffart,Super
AUDI,A,A1 GB,2018,2026,Audi A1 Sportback 25 TFSI (09/20 - 03/24),ICE,https://www.adac.de/rund-ums-fahrzeug/autokatalog/marken-modelle/audi/a1/gb/314804/,Kurvenlicht,Paket
AUDI,A,A1 GB,2018,2026,Audi A1 Sportback 25 TFSI (09/20 - 03/24),ICE,https://www.adac.de/rund-ums-fahrzeug/autokatalog/marken-modelle/audi/a1/gb/314804/,LED-Scheinwerfer,980 Euro
AUDI,A,A1 GB,2018,2026,Audi A1 Sportback 25 TFSI (09/20 - 03/24),ICE,https://www.adac.de/rund-ums-fahrzeug/autokatalog/marken-modelle/audi/a1/gb/314804/,Lackgarantie,3 Jahre
AUDI,A,A1 GB,2018,2026,Audi A1 Sportback 25 TFSI (09/20 - 03/24),ICE,https://www.adac.de/rund-ums-fahrzeug/autokatalog/marken-modelle/audi/a1/gb/314804/,Lederausstattung,850 Euro
AUDI,A,A1 GB,2018,2026,Audi A1 Sportback 25 TFSI (09/20 - 03/24),ICE,https://www.adac.de/rund-ums-fahrzeug/autokatalog/marken-modelle/audi/a1/gb/314804/,Leergewicht (EU),1175 kg
AUDI,A,A1 GB,2018,2026,Audi A1 Sportback 25 TFSI (09/20 - 03/24),ICE,https://www.adac.de/rund-ums-fahrzeug/autokatalog/marken-modelle/audi/a1/gb/314804/,Leistung / Drehmoment (Verbrennungsmotor),70 kW (95 PS) / 175 Nm
AUDI,A,A1 GB,2018,2026,Audi A1 Sportback 25 TFSI (09/20 - 03/24),ICE,https://www.adac.de/rund-ums-fahrzeug/autokatalog/marken-modelle/audi/a1/gb/314804/,Leistung maximal bei U/min. (Verbrennungsmotor),5000 U/min
AUDI,A,A1 GB,2018,2026,Audi A1 Sportback 25 TFSI (09/20 - 03/24),ICE,https://www.adac.de/rund-ums-fahrzeug/autokatalog/marken-modelle/audi/a1/gb/314804/,Leistung maximal in PS (Systemleistung),95
AUDI,A,A1 GB,2018,2026,Audi A1 Sportback 25 TFSI (09/20 - 03/24),ICE,https://www.adac.de/rund-ums-fahrzeug/autokatalog/marken-modelle/audi/a1/gb/314804/,Leistung maximal in kW (Systemleistung),70
AUDI,A,A1 GB,2018,2026,Audi A1 Sportback 25 TFSI (09/20 - 03/24),ICE,https://www.adac.de/rund-ums-fahrzeug/autokatalog/marken-modelle/audi/a1/gb/314804/,Lichtsensor,Serie
AUDI,A,A1 GB,2018,2026,Audi A1 Sportback 25 TFSI (09/20 - 03/24),ICE,https://www.adac.de/rund-ums-fahrzeug/autokatalog/marken-modelle/audi/a1/gb/314804/,Länge,4029 mm
AUDI,A,A1 GB,2018,2026,Audi A1 Sportback 25 TFSI (09/20 - 03/24),ICE,https://www.adac.de/rund-ums-fahrzeug/autokatalog/marken-modelle/audi/a1/gb/314804/,Marke,Audi
AUDI,A,A1 GB,2018,2026,Audi A1 Sportback 25 TFSI (09/20 - 03/24),ICE,https://www.adac.de/rund-ums-fahrzeug/autokatalog/marken-modelle/audi/a1/gb/314804/,Metallic-Lackierung,550 Euro
AUDI,A,A1 GB,2018,2026,Audi A1 Sportback 25 TFSI (09/20 - 03/24),ICE,https://www.adac.de/rund-ums-fahrzeug/autokatalog/marken-modelle/audi/a1/gb/314804/,Modell,A1 Sportback 25 TFSI
AUDI,A,A1 GB,2018,2026,Audi A1 Sportback 25 TFSI (09/20 - 03/24),ICE,https://www.adac.de/rund-ums-fahrzeug/autokatalog/marken-modelle/audi/a1/gb/314804/,Modellende,03/24
AUDI,A,A1 GB,2018,2026,Audi A1 Sportback 25 TFSI (09/20 - 03/24),ICE,https://www.adac.de/rund-ums-fahrzeug/autokatalog/marken-modelle/audi/a1/gb/314804/,Modellstart,09/20
AUDI,A,A1 GB,2018,2026,Audi A1 Sportback 25 TFSI (09/20 - 03/24),ICE,https://www.adac.de/rund-ums-fahrzeug/autokatalog/marken-modelle/audi/a1/gb/314804/,Motorart,Otto
AUDI,A,A1 GB,2018,2026,Audi A1 Sportback 25 TFSI (09/20 - 03/24),ICE,https://www.adac.de/rund-ums-fahrzeug/autokatalog/marken-modelle/audi/a1/gb/314804/,Motorcode,DKL
AUDI,A,A1 GB,2018,2026,Audi A1 Sportback 25 TFSI (09/20 - 03/24),ICE,https://www.adac.de/rund-ums-fahrzeug/autokatalog/marken-modelle/audi/a1/gb/314804/,Navigation,1965 Euro
AUDI,A,A1 GB,2018,2026,Audi A1 Sportback 25 TFSI (09/20 - 03/24),ICE,https://www.adac.de/rund-ums-fahrzeug/autokatalog/marken-modelle/audi/a1/gb/314804/,Navigation - Bezeichnung,Farbdisplay
AUDI,A,A1 GB,2018,2026,Audi A1 Sportback 25 TFSI (09/20 - 03/24),ICE,https://www.adac.de/rund-ums-fahrzeug/autokatalog/marken-modelle/audi/a1/gb/314804/,Nockenwellensteuerung,Zahnriemen
AUDI,A,A1 GB,2018,2026,Audi A1 Sportback 25 TFSI (09/20 - 03/24),ICE,https://www.adac.de/rund-ums-fahrzeug/autokatalog/marken-modelle/audi/a1/gb/314804/,Notbremsassistent,Paket
AUDI,A,A1 GB,2018,2026,Audi A1 Sportback 25 TFSI (09/20 - 03/24),ICE,https://www.adac.de/rund-ums-fahrzeug/autokatalog/marken-modelle/audi/a1/gb/314804/,Notruffunktion,Serie
AUDI,A,A1 GB,2018,2026,Audi A1 Sportback 25 TFSI (09/20 - 03/24),ICE,https://www.adac.de/rund-ums-fahrzeug/autokatalog/marken-modelle/audi/a1/gb/314804/,PreCrash-System,200 Euro
AUDI,A,A1 GB,2018,2026,Audi A1 Sportback 25 TFSI (09/20 - 03/24),ICE,https://www.adac.de/rund-ums-fahrzeug/autokatalog/marken-modelle/audi/a1/gb/314804/,PreCrash-System - Bezeichnung,Reversible Gurtstraffer/Schließfunktion
AUDI,A,A1 GB,2018,2026,Audi A1 Sportback 25 TFSI (09/20 - 03/24),ICE,https://www.adac.de/rund-ums-fahrzeug/autokatalog/marken-modelle/audi/a1/gb/314804/,Querverkehrassistent hinten,Paket
AUDI,A,A1 GB,2018,2026,Audi A1 Sportback 25 TFSI (09/20 - 03/24),ICE,https://www.adac.de/rund-ums-fahrzeug/autokatalog/marken-modelle/audi/a1/gb/314804/,Radio,Serie
AUDI,A,A1 GB,2018,2026,Audi A1 Sportback 25 TFSI (09/20 - 03/24),ICE,https://www.adac.de/rund-ums-fahrzeug/autokatalog/marken-modelle/audi/a1/gb/314804/,Radio - Bezeichnung,MMI Radio plus
AUDI,A,A1 GB,2018,2026,Audi A1 Sportback 25 TFSI (09/20 - 03/24),ICE,https://www.adac.de/rund-ums-fahrzeug/autokatalog/marken-modelle/audi/a1/gb/314804/,Radstand,2563 mm
AUDI,A,A1 GB,2018,2026,Audi A1 Sportback 25 TFSI (09/20 - 03/24),ICE,https://www.adac.de/rund-ums-fahrzeug/autokatalog/marken-modelle/audi/a1/gb/314804/,Regensensor,Serie
AUDI,A,A1 GB,2018,2026,Audi A1 Sportback 25 TFSI (09/20 - 03/24),ICE,https://www.adac.de/rund-ums-fahrzeug/autokatalog/marken-modelle/audi/a1/gb/314804/,Reifendruckkontrolle,Serie
AUDI,A,A1 GB,2018,2026,Audi A1 Sportback 25 TFSI (09/20 - 03/24),ICE,https://www.adac.de/rund-ums-fahrzeug/autokatalog/marken-modelle/audi/a1/gb/314804/,Reifendruckkontrolle - Bezeichnung,indirekte Messung (ABS)
AUDI,A,A1 GB,2018,2026,Audi A1 Sportback 25 TFSI (09/20 - 03/24),ICE,https://www.adac.de/rund-ums-fahrzeug/autokatalog/marken-modelle/audi/a1/gb/314804/,Reifengröße,185/65R15
AUDI,A,A1 GB,2018,2026,Audi A1 Sportback 25 TFSI (09/20 - 03/24),ICE,https://www.adac.de/rund-ums-fahrzeug/autokatalog/marken-modelle/audi/a1/gb/314804/,Rücksitzbank umklappbar,Serie
AUDI,A,A1 GB,2018,2026,Audi A1 Sportback 25 TFSI (09/20 - 03/24),ICE,https://www.adac.de/rund-ums-fahrzeug/autokatalog/marken-modelle/audi/a1/gb/314804/,Schadstoffklasse,Euro 6d-ISC-FCM (WLTP) 36AP-AR
AUDI,A,A1 GB,2018,2026,Audi A1 Sportback 25 TFSI (09/20 - 03/24),ICE,https://www.adac.de/rund-ums-fahrzeug/autokatalog/marken-modelle/audi/a1/gb/314804/,Schaltpunktanzeige,Paket
AUDI,A,A1 GB,2018,2026,Audi A1 Sportback 25 TFSI (09/20 - 03/24),ICE,https://www.adac.de/rund-ums-fahrzeug/autokatalog/marken-modelle/audi/a1/gb/314804/,Seitenairbag vorne,Serie
AUDI,A,A1 GB,2018,2026,Audi A1 Sportback 25 TFSI (09/20 - 03/24),ICE,https://www.adac.de/rund-ums-fahrzeug/autokatalog/marken-modelle/audi/a1/gb/314804/,Servolenkung,Serie
AUDI,A,A1 GB,2018,2026,Audi A1 Sportback 25 TFSI (09/20 - 03/24),ICE,https://www.adac.de/rund-ums-fahrzeug/autokatalog/marken-modelle/audi/a1/gb/314804/,Sitzanzahl,5
AUDI,A,A1 GB,2018,2026,Audi A1 Sportback 25 TFSI (09/20 - 03/24),ICE,https://www.adac.de/rund-ums-fahrzeug/autokatalog/marken-modelle/audi/a1/gb/314804/,Smartphone-Induktive Ladeeinrichtung,Paket
AUDI,A,A1 GB,2018,2026,Audi A1 Sportback 25 TFSI (09/20 - 03/24),ICE,https://www.adac.de/rund-ums-fahrzeug/autokatalog/marken-modelle/audi/a1/gb/314804/,Smartphone-Integration (Android Auto/Apple CarPlay),535 Euro
AUDI,A,A1 GB,2018,2026,Audi A1 Sportback 25 TFSI (09/20 - 03/24),ICE,https://www.adac.de/rund-ums-fahrzeug/autokatalog/marken-modelle/audi/a1/gb/314804/,Speed-Limiter,Serie
AUDI,A,A1 GB,2018,2026,Audi A1 Sportback 25 TFSI (09/20 - 03/24),ICE,https://www.adac.de/rund-ums-fahrzeug/autokatalog/marken-modelle/audi/a1/gb/314804/,Spurhalteassistent,Serie
AUDI,A,A1 GB,2018,2026,Audi A1 Sportback 25 TFSI (09/20 - 03/24),ICE,https://www.adac.de/rund-ums-fahrzeug/autokatalog/marken-modelle/audi/a1/gb/314804/,Spurwechselassistent,Paket
AUDI,A,A1 GB,2018,2026,Audi A1 Sportback 25 TFSI (09/20 - 03/24),ICE,https://www.adac.de/rund-ums-fahrzeug/autokatalog/marken-modelle/audi/a1/gb/314804/,Start-/Stopp-Automatik (Verbrennungsmotor),Serie
AUDI,A,A1 GB,2018,2026,Audi A1 Sportback 25 TFSI (09/20 - 03/24),ICE,https://www.adac.de/rund-ums-fahrzeug/autokatalog/marken-modelle/audi/a1/gb/314804/,Tankgröße,"40,0 l"
AUDI,A,A1 GB,2018,2026,Audi A1 Sportback 25 TFSI (09/20 - 03/24),ICE,https://www.adac.de/rund-ums-fahrzeug/autokatalog/marken-modelle/audi/a1/gb/314804/,Teilkaskobeitrag 150 € SB,638 €
AUDI,A,A1 GB,2018,2026,Audi A1 Sportback 25 TFSI (09/20 - 03/24),ICE,https://www.adac.de/rund-ums-fahrzeug/autokatalog/marken-modelle/audi/a1/gb/314804/,Typklassen (KH/VK/TK),17/19/22
AUDI,A,A1 GB,2018,2026,Audi A1 Sportback 25 TFSI (09/20 - 03/24),ICE,https://www.adac.de/rund-ums-fahrzeug/autokatalog/marken-modelle/audi/a1/gb/314804/,Türanzahl,5
AUDI,A,A1 GB,2018,2026,Audi A1 Sportback 25 TFSI (09/20 - 03/24),ICE,https://www.adac.de/rund-ums-fahrzeug/autokatalog/marken-modelle/audi/a1/gb/314804/,Variable Lichtverteilung,Paket
AUDI,A,A1 GB,2018,2026,Audi A1 Sportback 25 TFSI (09/20 - 03/24),ICE,https://www.adac.de/rund-ums-fahrzeug/autokatalog/marken-modelle/audi/a1/gb/314804/,Verbrauch Autobahn (WLTP),"5,6 l/100 km"
AUDI,A,A1 GB,2018,2026,Audi A1 Sportback 25 TFSI (09/20 - 03/24),ICE,https://www.adac.de/rund-ums-fahrzeug/autokatalog/marken-modelle/audi/a1/gb/314804/,Verbrauch Kurzstrecke (WLTP),"7,0 l/100 km"
AUDI,A,A1 GB,2018,2026,Audi A1 Sportback 25 TFSI (09/20 - 03/24),ICE,https://www.adac.de/rund-ums-fahrzeug/autokatalog/marken-modelle/audi/a1/gb/314804/,Verbrauch Landstraße (WLTP),"4,7 l/100 km"
AUDI,A,A1 GB,2018,2026,Audi A1 Sportback 25 TFSI (09/20 - 03/24),ICE,https://www.adac.de/rund-ums-fahrzeug/autokatalog/marken-modelle/audi/a1/gb/314804/,Verbrauch Stadtrand (WLTP),"5,3 l/100 km"
AUDI,A,A1 GB,2018,2026,Audi A1 Sportback 25 TFSI (09/20 - 03/24),ICE,https://www.adac.de/rund-ums-fahrzeug/autokatalog/marken-modelle/audi/a1/gb/314804/,Verbrauch kombiniert (WLTP),"5,5 l/100 km"
AUDI,A,A1 GB,2018,2026,Audi A1 Sportback 25 TFSI (09/20 - 03/24),ICE,https://www.adac.de/rund-ums-fahrzeug/autokatalog/marken-modelle/audi/a1/gb/314804/,Verkehrsschild-Erkennung,200 Euro
AUDI,A,A1 GB,2018,2026,Audi A1 Sportback 25 TFSI (09/20 - 03/24),ICE,https://www.adac.de/rund-ums-fahrzeug/autokatalog/marken-modelle/audi/a1/gb/314804/,Vollkaskobetrag 100% 500 € SB,1.472 €
AUDI,A,A1 GB,2018,2026,Audi A1 Sportback 25 TFSI (09/20 - 03/24),ICE,https://www.adac.de/rund-ums-fahrzeug/autokatalog/marken-modelle/audi/a1/gb/314804/,WLAN Hotspot,Paket
AUDI,A,A1 GB,2018,2026,Audi A1 Sportback 25 TFSI (09/20 - 03/24),ICE,https://www.adac.de/rund-ums-fahrzeug/autokatalog/marken-modelle/audi/a1/gb/314804/,Wendekreis,"10,6 m"
AUDI,A,A1 GB,2018,2026,Audi A1 Sportback 25 TFSI (09/20 - 03/24),ICE,https://www.adac.de/rund-ums-fahrzeug/autokatalog/marken-modelle/audi/a1/gb/314804/,Werkstattkosten,98 €
AUDI,A,A1 GB,2018,2026,Audi A1 Sportback 25 TFSI (09/20 - 03/24),ICE,https://www.adac.de/rund-ums-fahrzeug/autokatalog/marken-modelle/audi/a1/gb/314804/,Wertverlust,58 €
AUDI,A,A1 GB,2018,2026,Audi A1 Sportback 25 TFSI (09/20 - 03/24),ICE,https://www.adac.de/rund-ums-fahrzeug/autokatalog/marken-modelle/audi/a1/gb/314804/,Zentralverriegelung,Serie
AUDI,A,A1 GB,2018,2026,Audi A1 Sportback 25 TFSI (09/20 - 03/24),ICE,https://www.adac.de/rund-ums-fahrzeug/autokatalog/marken-modelle/audi/a1/gb/314804/,Zul. Gesamtgewicht,1630 kg
AUDI,A,A1 GB,2018,2026,Audi A1 Sportback 25 TFSI (09/20 - 03/24),ICE,https://www.adac.de/rund-ums-fahrzeug/autokatalog/marken-modelle/audi/a1/gb/314804/,Zuladung,455 kg
AUDI,A,A1 GB,2018,2026,Audi A1 Sportback 25 TFSI (09/20 - 03/24),ICE,https://www.adac.de/rund-ums-fahrzeug/autokatalog/marken-modelle/audi/a1/gb/314804/,Zusätzliche Garantien,"Mobilitätsgarantie: 2 Jahre europaweit, erweiterbar auf lebenslang unter Einhaltung aller Inspektionen;"
AUDI,A,A2 8Z,2000,2003,Audi A2 1.2 TDI Automatik (EU3) (05/01 - 07/02),ICE,https://www.adac.de/rund-ums-fahrzeug/autokatalog/marken-modelle/audi/a2/8z/990881/,ABS,Serie
AUDI,A,A2 8Z,2000,2003,Audi A2 1.2 TDI Automatik (EU3) (05/01 - 07/02),ICE,https://www.adac.de/rund-ums-fahrzeug/autokatalog/marken-modelle/audi/a2/8z/990881/,Abgasreinigung (Verbrennungsmotor),Oxy-Kat
AUDI,A,A2 8Z,2000,2003,Audi A2 1.2 TDI Automatik (EU3) (05/01 - 07/02),ICE,https://www.adac.de/rund-ums-fahrzeug/autokatalog/marken-modelle/audi/a2/8z/990881/,Airbag Beifahrer,Serie
AUDI,A,A2 8Z,2000,2003,Audi A2 1.2 TDI Automatik (EU3) (05/01 - 07/02),ICE,https://www.adac.de/rund-ums-fahrzeug/autokatalog/marken-modelle/audi/a2/8z/990881/,Airbag Deaktivierung,Paket
AUDI,A,A2 8Z,2000,2003,Audi A2 1.2 TDI Automatik (EU3) (05/01 - 07/02),ICE,https://www.adac.de/rund-ums-fahrzeug/autokatalog/marken-modelle/audi/a2/8z/990881/,Airbag Deaktivierung - Bezeichnung,Schlüsselschalter
AUDI,A,A2 8Z,2000,2003,Audi A2 1.2 TDI Automatik (EU3) (05/01 - 07/02),ICE,https://www.adac.de/rund-ums-fahrzeug/autokatalog/marken-modelle/audi/a2/8z/990881/,Airbag Fahrer,Serie
AUDI,A,A2 8Z,2000,2003,Audi A2 1.2 TDI Automatik (EU3) (05/01 - 07/02),ICE,https://www.adac.de/rund-ums-fahrzeug/autokatalog/marken-modelle/audi/a2/8z/990881/,Anlass,Fehlende Abdeckung
AUDI,A,A2 8Z,2000,2003,Audi A2 1.2 TDI Automatik (EU3) (05/01 - 07/02),ICE,https://www.adac.de/rund-ums-fahrzeug/autokatalog/marken-modelle/audi/a2/8z/990881/,Antriebsart,Vorderrad
AUDI,A,A2 8Z,2000,2003,Audi A2 1.2 TDI Automatik (EU3) (05/01 - 07/02),ICE,https://www.adac.de/rund-ums-fahrzeug/autokatalog/marken-modelle/audi/a2/8z/990881/,Antriebsschlupfregelung,Serie
AUDI,A,A2 8Z,2000,2003,Audi A2 1.2 TDI Automatik (EU3) (05/01 - 07/02),ICE,https://www.adac.de/rund-ums-fahrzeug/autokatalog/marken-modelle/audi/a2/8z/990881/,Antriebsschlupfregelung - Bezeichnung,Antriebsschlupfregelung
AUDI,A,A2 8Z,2000,2003,Audi A2 1.2 TDI Automatik (EU3) (05/01 - 07/02),ICE,https://www.adac.de/rund-ums-fahrzeug/autokatalog/marken-modelle/audi/a2/8z/990881/,Anzahl Gänge,5
AUDI,A,A2 8Z,2000,2003,Audi A2 1.2 TDI Automatik (EU3) (05/01 - 07/02),ICE,https://www.adac.de/rund-ums-fahrzeug/autokatalog/marken-modelle/audi/a2/8z/990881/,Anzahl Ventile (Verbrennungsmotor),2
AUDI,A,A2 8Z,2000,2003,Audi A2 1.2 TDI Automatik (EU3) (05/01 - 07/02),ICE,https://www.adac.de/rund-ums-fahrzeug/autokatalog/marken-modelle/audi/a2/8z/990881/,Anzahl Zylinder (Verbrennungsmotor),3
AUDI,A,A2 8Z,2000,2003,Audi A2 1.2 TDI Automatik (EU3) (05/01 - 07/02),ICE,https://www.adac.de/rund-ums-fahrzeug/autokatalog/marken-modelle/audi/a2/8z/990881/,Anzahl betroffener Fahrzeuge,10.557 (Deutschland)
AUDI,A,A2 8Z,2000,2003,Audi A2 1.2 TDI Automatik (EU3) (05/01 - 07/02),ICE,https://www.adac.de/rund-ums-fahrzeug/autokatalog/marken-modelle/audi/a2/8z/990881/,Aufladung (Verbrennungsmotor),Turbo
AUDI,A,A2 8Z,2000,2003,Audi A2 1.2 TDI Automatik (EU3) (05/01 - 07/02),ICE,https://www.adac.de/rund-ums-fahrzeug/autokatalog/marken-modelle/audi/a2/8z/990881/,Baureihe,A2 (8Z) (02/00 - 09/03)
AUDI,A,A2 8Z,2000,2003,Audi A2 1.2 TDI Automatik (EU3) (05/01 - 07/02),ICE,https://www.adac.de/rund-ums-fahrzeug/autokatalog/marken-modelle/audi/a2/8z/990881/,Baureihenende,09/03
AUDI,A,A2 8Z,2000,2003,Audi A2 1.2 TDI Automatik (EU3) (05/01 - 07/02),ICE,https://www.adac.de/rund-ums-fahrzeug/autokatalog/marken-modelle/audi/a2/8z/990881/,Baureihenstart,02/00
AUDI,A,A2 8Z,2000,2003,Audi A2 1.2 TDI Automatik (EU3) (05/01 - 07/02),ICE,https://www.adac.de/rund-ums-fahrzeug/autokatalog/marken-modelle/audi/a2/8z/990881/,Bauzeitraum betroffener Fahrzeuge,nicht bekannt
AUDI,A,A2 8Z,2000,2003,Audi A2 1.2 TDI Automatik (EU3) (05/01 - 07/02),ICE,https://www.adac.de/rund-ums-fahrzeug/autokatalog/marken-modelle/audi/a2/8z/990881/,Bemerkung,keine Angaben
AUDI,A,A2 8Z,2000,2003,Audi A2 1.2 TDI Automatik (EU3) (05/01 - 07/02),ICE,https://www.adac.de/rund-ums-fahrzeug/autokatalog/marken-modelle/audi/a2/8z/990881/,Beschleunigung 0-100km/h,"14,9 s"
AUDI,A,A2 8Z,2000,2003,Audi A2 1.2 TDI Automatik (EU3) (05/01 - 07/02),ICE,https://www.adac.de/rund-ums-fahrzeug/autokatalog/marken-modelle/audi/a2/8z/990881/,Betriebskosten,98 €
AUDI,A,A2 8Z,2000,2003,Audi A2 1.2 TDI Automatik (EU3) (05/01 - 07/02),ICE,https://www.adac.de/rund-ums-fahrzeug/autokatalog/marken-modelle/audi/a2/8z/990881/,Betroffene Baugruppe,Zylinderkopfdichtung: defekt
AUDI,A,A2 8Z,2000,2003,Audi A2 1.2 TDI Automatik (EU3) (05/01 - 07/02),ICE,https://www.adac.de/rund-ums-fahrzeug/autokatalog/marken-modelle/audi/a2/8z/990881/,Betroffene Modelle,A28Z (02/00 - 09/03)
AUDI,A,A2 8Z,2000,2003,Audi A2 1.2 TDI Automatik (EU3) (05/01 - 07/02),ICE,https://www.adac.de/rund-ums-fahrzeug/autokatalog/marken-modelle/audi/a2/8z/990881/,Betroffenes Modell,"Audi A2, 2001"
AUDI,A,A2 8Z,2000,2003,Audi A2 1.2 TDI Automatik (EU3) (05/01 - 07/02),ICE,https://www.adac.de/rund-ums-fahrzeug/autokatalog/marken-modelle/audi/a2/8z/990881/,Breite,1673 mm
AUDI,A,A2 8Z,2000,2003,Audi A2 1.2 TDI Automatik (EU3) (05/01 - 07/02),ICE,https://www.adac.de/rund-ums-fahrzeug/autokatalog/marken-modelle/audi/a2/8z/990881/,Breite (inkl. Außenspiegel),1890 mm
AUDI,A,A2 8Z,2000,2003,Audi A2 1.2 TDI Automatik (EU3) (05/01 - 07/02),ICE,https://www.adac.de/rund-ums-fahrzeug/autokatalog/marken-modelle/audi/a2/8z/990881/,Bremsassistent,Serie
AUDI,A,A2 8Z,2000,2003,Audi A2 1.2 TDI Automatik (EU3) (05/01 - 07/02),ICE,https://www.adac.de/rund-ums-fahrzeug/autokatalog/marken-modelle/audi/a2/8z/990881/,Bremsassistent - Bezeichnung,Hydraulischer Bremsassistent
AUDI,A,A2 8Z,2000,2003,Audi A2 1.2 TDI Automatik (EU3) (05/01 - 07/02),ICE,https://www.adac.de/rund-ums-fahrzeug/autokatalog/marken-modelle/audi/a2/8z/990881/,Bremse hinten,Trommel
AUDI,A,A2 8Z,2000,2003,Audi A2 1.2 TDI Automatik (EU3) (05/01 - 07/02),ICE,https://www.adac.de/rund-ums-fahrzeug/autokatalog/marken-modelle/audi/a2/8z/990881/,Bremse vorne,Scheibe
AUDI,A,A2 8Z,2000,2003,Audi A2 1.2 TDI Automatik (EU3) (05/01 - 07/02),ICE,https://www.adac.de/rund-ums-fahrzeug/autokatalog/marken-modelle/audi/a2/8z/990881/,CO2-Effizienzklasse,A
AUDI,A,A2 8Z,2000,2003,Audi A2 1.2 TDI Automatik (EU3) (05/01 - 07/02),ICE,https://www.adac.de/rund-ums-fahrzeug/autokatalog/marken-modelle/audi/a2/8z/990881/,CO2-Wert (NEFZ),81 g/km
AUDI,A,A2 8Z,2000,2003,Audi A2 1.2 TDI Automatik (EU3) (05/01 - 07/02),ICE,https://www.adac.de/rund-ums-fahrzeug/autokatalog/marken-modelle/audi/a2/8z/990881/,Dachlast,40 kg
AUDI,A,A2 8Z,2000,2003,Audi A2 1.2 TDI Automatik (EU3) (05/01 - 07/02),ICE,https://www.adac.de/rund-ums-fahrzeug/autokatalog/marken-modelle/audi/a2/8z/990881/,Dauer,keine Angaben
AUDI,A,A2 8Z,2000,2003,Audi A2 1.2 TDI Automatik (EU3) (05/01 - 07/02),ICE,https://www.adac.de/rund-ums-fahrzeug/autokatalog/marken-modelle/audi/a2/8z/990881/,Drehmoment (Systemleistung),140 Nm
AUDI,A,A2 8Z,2000,2003,Audi A2 1.2 TDI Automatik (EU3) (05/01 - 07/02),ICE,https://www.adac.de/rund-ums-fahrzeug/autokatalog/marken-modelle/audi/a2/8z/990881/,Drehmoment maximal bei U/min. (Verbrennungsmotor),1800 U/min
AUDI,A,A2 8Z,2000,2003,Audi A2 1.2 TDI Automatik (EU3) (05/01 - 07/02),ICE,https://www.adac.de/rund-ums-fahrzeug/autokatalog/marken-modelle/audi/a2/8z/990881/,Durchrostung,12 Jahre
AUDI,A,A2 8Z,2000,2003,Audi A2 1.2 TDI Automatik (EU3) (05/01 - 07/02),ICE,https://www.adac.de/rund-ums-fahrzeug/autokatalog/marken-modelle/audi/a2/8z/990881/,Einbauposition / Motorbauart (Verbrennungsmotor),Frontmotor / Reihe
AUDI,A,A2 8Z,2000,2003,Audi A2 1.2 TDI Automatik (EU3) (05/01 - 07/02),ICE,https://www.adac.de/rund-ums-fahrzeug/autokatalog/marken-modelle/audi/a2/8z/990881/,Fahrdynamikregelung,Serie
AUDI,A,A2 8Z,2000,2003,Audi A2 1.2 TDI Automatik (EU3) (05/01 - 07/02),ICE,https://www.adac.de/rund-ums-fahrzeug/autokatalog/marken-modelle/audi/a2/8z/990881/,Fahrdynamikregelung - Bezeichnung,Elektronisches Stabilitätsprogramm
AUDI,A,A2 8Z,2000,2003,Audi A2 1.2 TDI Automatik (EU3) (05/01 - 07/02),ICE,https://www.adac.de/rund-ums-fahrzeug/autokatalog/marken-modelle/audi/a2/8z/990881/,Fahrzeugklasse,Kleinwagen (z.B. Polo)
AUDI,A,A2 8Z,2000,2003,Audi A2 1.2 TDI Automatik (EU3) (05/01 - 07/02),ICE,https://www.adac.de/rund-ums-fahrzeug/autokatalog/marken-modelle/audi/a2/8z/990881/,Federung hinten,Schraube
AUDI,A,A2 8Z,2000,2003,Audi A2 1.2 TDI Automatik (EU3) (05/01 - 07/02),ICE,https://www.adac.de/rund-ums-fahrzeug/autokatalog/marken-modelle/audi/a2/8z/990881/,Federung vorne,Schraube
AUDI,A,A2 8Z,2000,2003,Audi A2 1.2 TDI Automatik (EU3) (05/01 - 07/02),ICE,https://www.adac.de/rund-ums-fahrzeug/autokatalog/marken-modelle/audi/a2/8z/990881/,Fensterheber elektr. vorne,Serie
AUDI,A,A2 8Z,2000,2003,Audi A2 1.2 TDI Automatik (EU3) (05/01 - 07/02),ICE,https://www.adac.de/rund-ums-fahrzeug/autokatalog/marken-modelle/audi/a2/8z/990881/,Fixkosten,94 €
AUDI,A,A2 8Z,2000,2003,Audi A2 1.2 TDI Automatik (EU3) (05/01 - 07/02),ICE,https://www.adac.de/rund-ums-fahrzeug/autokatalog/marken-modelle/audi/a2/8z/990881/,Garantie (Fahrzeug),keine / ab EZ 01/05: 2 Jahre
AUDI,A,A2 8Z,2000,2003,Audi A2 1.2 TDI Automatik (EU3) (05/01 - 07/02),ICE,https://www.adac.de/rund-ums-fahrzeug/autokatalog/marken-modelle/audi/a2/8z/990881/,Gemischaufbereitung (Verbrennungsmotor),Pumpe-Düse
AUDI,A,A2 8Z,2000,2003,Audi A2 1.2 TDI Automatik (EU3) (05/01 - 07/02),ICE,https://www.adac.de/rund-ums-fahrzeug/autokatalog/marken-modelle/audi/a2/8z/990881/,Getriebeart,Automatisiertes Schaltgetriebe
AUDI,A,A2 8Z,2000,2003,Audi A2 1.2 TDI Automatik (EU3) (05/01 - 07/02),ICE,https://www.adac.de/rund-ums-fahrzeug/autokatalog/marken-modelle/audi/a2/8z/990881/,Grundpreis,18500 Euro
AUDI,A,A2 8Z,2000,2003,Audi A2 1.2 TDI Automatik (EU3) (05/01 - 07/02),ICE,https://www.adac.de/rund-ums-fahrzeug/autokatalog/marken-modelle/audi/a2/8z/990881/,HSN/TSN Schlüsselnummern,0588/733
AUDI,A,A2 8Z,2000,2003,Audi A2 1.2 TDI Automatik (EU3) (05/01 - 07/02),ICE,https://www.adac.de/rund-ums-fahrzeug/autokatalog/marken-modelle/audi/a2/8z/990881/,Haftpflichtbeitrag 100%,902 €
AUDI,A,A2 8Z,2000,2003,Audi A2 1.2 TDI Automatik (EU3) (05/01 - 07/02),ICE,https://www.adac.de/rund-ums-fahrzeug/autokatalog/marken-modelle/audi/a2/8z/990881/,Halterbenachrichtigung durch,keine Angaben
AUDI,A,A2 8Z,2000,2003,Audi A2 1.2 TDI Automatik (EU3) (05/01 - 07/02),ICE,https://www.adac.de/rund-ums-fahrzeug/autokatalog/marken-modelle/audi/a2/8z/990881/,Herstellerinterne Baureihenbezeichnung,8Z
AUDI,A,A2 8Z,2000,2003,Audi A2 1.2 TDI Automatik (EU3) (05/01 - 07/02),ICE,https://www.adac.de/rund-ums-fahrzeug/autokatalog/marken-modelle/audi/a2/8z/990881/,Hubraum,1191
AUDI,A,A2 8Z,2000,2003,Audi A2 1.2 TDI Automatik (EU3) (05/01 - 07/02),ICE,https://www.adac.de/rund-ums-fahrzeug/autokatalog/marken-modelle/audi/a2/8z/990881/,Hubraum (Verbrennungsmotor),1191 ccm
AUDI,A,A2 8Z,2000,2003,Audi A2 1.2 TDI Automatik (EU3) (05/01 - 07/02),ICE,https://www.adac.de/rund-ums-fahrzeug/autokatalog/marken-modelle/audi/a2/8z/990881/,Höchstgeschwindigkeit,168 km/h
AUDI,A,A2 8Z,2000,2003,Audi A2 1.2 TDI Automatik (EU3) (05/01 - 07/02),ICE,https://www.adac.de/rund-ums-fahrzeug/autokatalog/marken-modelle/audi/a2/8z/990881/,Höhe,1553 mm
AUDI,A,A2 8Z,2000,2003,Audi A2 1.2 TDI Automatik (EU3) (05/01 - 07/02),ICE,https://www.adac.de/rund-ums-fahrzeug/autokatalog/marken-modelle/audi/a2/8z/990881/,Isofix,Serie
AUDI,A,A2 8Z,2000,2003,Audi A2 1.2 TDI Automatik (EU3) (05/01 - 07/02),ICE,https://www.adac.de/rund-ums-fahrzeug/autokatalog/marken-modelle/audi/a2/8z/990881/,Isofix - Bezeichnung,Nur hinten
AUDI,A,A2 8Z,2000,2003,Audi A2 1.2 TDI Automatik (EU3) (05/01 - 07/02),ICE,https://www.adac.de/rund-ums-fahrzeug/autokatalog/marken-modelle/audi/a2/8z/990881/,KFZ-Steuer ohne Befreiung/Jahr (kann durch WLTP abweichen),165 Euro
AUDI,A,A2 8Z,2000,2003,Audi A2 1.2 TDI Automatik (EU3) (05/01 - 07/02),ICE,https://www.adac.de/rund-ums-fahrzeug/autokatalog/marken-modelle/audi/a2/8z/990881/,KFZ-Steuer pro Jahr ohne Steuerbefreiung,165 €
AUDI,A,A2 8Z,2000,2003,Audi A2 1.2 TDI Automatik (EU3) (05/01 - 07/02),ICE,https://www.adac.de/rund-ums-fahrzeug/autokatalog/marken-modelle/audi/a2/8z/990881/,Karosserie,Schrägheck
AUDI,A,A2 8Z,2000,2003,Audi A2 1.2 TDI Automatik (EU3) (05/01 - 07/02),ICE,https://www.adac.de/rund-ums-fahrzeug/autokatalog/marken-modelle/audi/a2/8z/990881/,Klassenübliche Ausstattung nach ADAC-Vorgabe,2135 Euro
AUDI,A,A2 8Z,2000,2003,Audi A2 1.2 TDI Automatik (EU3) (05/01 - 07/02),ICE,https://www.adac.de/rund-ums-fahrzeug/autokatalog/marken-modelle/audi/a2/8z/990881/,Klimaanlage,1300 Euro
AUDI,A,A2 8Z,2000,2003,Audi A2 1.2 TDI Automatik (EU3) (05/01 - 07/02),ICE,https://www.adac.de/rund-ums-fahrzeug/autokatalog/marken-modelle/audi/a2/8z/990881/,Km-Stand bei Mangel,153000
AUDI,A,A2 8Z,2000,2003,Audi A2 1.2 TDI Automatik (EU3) (05/01 - 07/02),ICE,https://www.adac.de/rund-ums-fahrzeug/autokatalog/marken-modelle/audi/a2/8z/990881/,Kofferraumvolumen dachhoch mit umgeklappter Rücksitzbank,1085 l
AUDI,A,A2 8Z,2000,2003,Audi A2 1.2 TDI Automatik (EU3) (05/01 - 07/02),ICE,https://www.adac.de/rund-ums-fahrzeug/autokatalog/marken-modelle/audi/a2/8z/990881/,Kofferraumvolumen normal,350 l
AUDI,A,A2 8Z,2000,2003,Audi A2 1.2 TDI Automatik (EU3) (05/01 - 07/02),ICE,https://www.adac.de/rund-ums-fahrzeug/autokatalog/marken-modelle/audi/a2/8z/990881/,Kopfairbag hinten,Paket
AUDI,A,A2 8Z,2000,2003,Audi A2 1.2 TDI Automatik (EU3) (05/01 - 07/02),ICE,https://www.adac.de/rund-ums-fahrzeug/autokatalog/marken-modelle/audi/a2/8z/990881/,Kopfairbag hinten - Bezeichnung,Windowbag
AUDI,A,A2 8Z,2000,2003,Audi A2 1.2 TDI Automatik (EU3) (05/01 - 07/02),ICE,https://www.adac.de/rund-ums-fahrzeug/autokatalog/marken-modelle/audi/a2/8z/990881/,Kopfairbag vorne,Paket
AUDI,A,A2 8Z,2000,2003,Audi A2 1.2 TDI Automatik (EU3) (05/01 - 07/02),ICE,https://www.adac.de/rund-ums-fahrzeug/autokatalog/marken-modelle/audi/a2/8z/990881/,Kopfairbag vorne - Bezeichnung,Windowbag
AUDI,A,A2 8Z,2000,2003,Audi A2 1.2 TDI Automatik (EU3) (05/01 - 07/02),ICE,https://www.adac.de/rund-ums-fahrzeug/autokatalog/marken-modelle/audi/a2/8z/990881/,Kopfstützen hinten,Serie
AUDI,A,A2 8Z,2000,2003,Audi A2 1.2 TDI Automatik (EU3) (05/01 - 07/02),ICE,https://www.adac.de/rund-ums-fahrzeug/autokatalog/marken-modelle/audi/a2/8z/990881/,Kraftstoffart,Diesel
AUDI,A,A2 8Z,2000,2003,Audi A2 1.2 TDI Automatik (EU3) (05/01 - 07/02),ICE,https://www.adac.de/rund-ums-fahrzeug/autokatalog/marken-modelle/audi/a2/8z/990881/,Kulanz,Nein
AUDI,A,A2 8Z,2000,2003,Audi A2 1.2 TDI Automatik (EU3) (05/01 - 07/02),ICE,https://www.adac.de/rund-ums-fahrzeug/autokatalog/marken-modelle/audi/a2/8z/990881/,Lackgarantie,3 Jahre
AUDI,A,A2 8Z,2000,2003,Audi A2 1.2 TDI Automatik (EU3) (05/01 - 07/02),ICE,https://www.adac.de/rund-ums-fahrzeug/autokatalog/marken-modelle/audi/a2/8z/990881/,Leergewicht (EU),930 kg
AUDI,A,A2 8Z,2000,2003,Audi A2 1.2 TDI Automatik (EU3) (05/01 - 07/02),ICE,https://www.adac.de/rund-ums-fahrzeug/autokatalog/marken-modelle/audi/a2/8z/990881/,Leistung / Drehmoment (Verbrennungsmotor),45 kW (61 PS) / 140 Nm
AUDI,A,A2 8Z,2000,2003,Audi A2 1.2 TDI Automatik (EU3) (05/01 - 07/02),ICE,https://www.adac.de/rund-ums-fahrzeug/autokatalog/marken-modelle/audi/a2/8z/990881/,Leistung in kW,45
AUDI,A,A2 8Z,2000,2003,Audi A2 1.2 TDI Automatik (EU3) (05/01 - 07/02),ICE,https://www.adac.de/rund-ums-fahrzeug/autokatalog/marken-modelle/audi/a2/8z/990881/,Leistung maximal bei U/min. (Verbrennungsmotor),4000 U/min
AUDI,A,A2 8Z,2000,2003,Audi A2 1.2 TDI Automatik (EU3) (05/01 - 07/02),ICE,https://www.adac.de/rund-ums-fahrzeug/autokatalog/marken-modelle/audi/a2/8z/990881/,Leistung maximal in PS (Systemleistung),61
AUDI,A,A2 8Z,2000,2003,Audi A2 1.2 TDI Automatik (EU3) (05/01 - 07/02),ICE,https://www.adac.de/rund-ums-fahrzeug/autokatalog/marken-modelle/audi/a2/8z/990881/,Leistung maximal in kW (Systemleistung),45
AUDI,A,A2 8Z,2000,2003,Audi A2 1.2 TDI Automatik (EU3) (05/01 - 07/02),ICE,https://www.adac.de/rund-ums-fahrzeug/autokatalog/marken-modelle/audi/a2/8z/990881/,Länge,3826 mm
AUDI,A,A2 8Z,2000,2003,Audi A2 1.2 TDI Automatik (EU3) (05/01 - 07/02),ICE,https://www.adac.de/rund-ums-fahrzeug/autokatalog/marken-modelle/audi/a2/8z/990881/,Mangelbeschreibung,in kurzer Zeit hintereinander Wasserpumpe und Zylinderkopfdichtung
AUDI,A,A2 8Z,2000,2003,Audi A2 1.2 TDI Automatik (EU3) (05/01 - 07/02),ICE,https://www.adac.de/rund-ums-fahrzeug/autokatalog/marken-modelle/audi/a2/8z/990881/,Marke,Audi
AUDI,A,A2 8Z,2000,2003,Audi A2 1.2 TDI Automatik (EU3) (05/01 - 07/02),ICE,https://www.adac.de/rund-ums-fahrzeug/autokatalog/marken-modelle/audi/a2/8z/990881/,Metallic-Lackierung,420 Euro
AUDI,A,A2 8Z,2000,2003,Audi A2 1.2 TDI Automatik (EU3) (05/01 - 07/02),ICE,https://www.adac.de/rund-ums-fahrzeug/autokatalog/marken-modelle/audi/a2/8z/990881/,Modell,A2 1.2 TDI
AUDI,A,A2 8Z,2000,2003,Audi A2 1.2 TDI Automatik (EU3) (05/01 - 07/02),ICE,https://www.adac.de/rund-ums-fahrzeug/autokatalog/marken-modelle/audi/a2/8z/990881/,Modellende,07/02
AUDI,A,A2 8Z,2000,2003,Audi A2 1.2 TDI Automatik (EU3) (05/01 - 07/02),ICE,https://www.adac.de/rund-ums-fahrzeug/autokatalog/marken-modelle/audi/a2/8z/990881/,Modellstart,05/01
AUDI,A,A2 8Z,2000,2003,Audi A2 1.2 TDI Automatik (EU3) (05/01 - 07/02),ICE,https://www.adac.de/rund-ums-fahrzeug/autokatalog/marken-modelle/audi/a2/8z/990881/,Motorart,Diesel
AUDI,A,A2 8Z,2000,2003,Audi A2 1.2 TDI Automatik (EU3) (05/01 - 07/02),ICE,https://www.adac.de/rund-ums-fahrzeug/autokatalog/marken-modelle/audi/a2/8z/990881/,Motorcode,ANY
AUDI,A,A2 8Z,2000,2003,Audi A2 1.2 TDI Automatik (EU3) (05/01 - 07/02),ICE,https://www.adac.de/rund-ums-fahrzeug/autokatalog/marken-modelle/audi/a2/8z/990881/,Nebelscheinwerfer,135 Euro
AUDI,A,A2 8Z,2000,2003,Audi A2 1.2 TDI Automatik (EU3) (05/01 - 07/02),ICE,https://www.adac.de/rund-ums-fahrzeug/autokatalog/marken-modelle/audi/a2/8z/990881/,Nockenwellensteuerung,Zahnriemen
AUDI,A,A2 8Z,2000,2003,Audi A2 1.2 TDI Automatik (EU3) (05/01 - 07/02),ICE,https://www.adac.de/rund-ums-fahrzeug/autokatalog/marken-modelle/audi/a2/8z/990881/,Radio,400 Euro
AUDI,A,A2 8Z,2000,2003,Audi A2 1.2 TDI Automatik (EU3) (05/01 - 07/02),ICE,https://www.adac.de/rund-ums-fahrzeug/autokatalog/marken-modelle/audi/a2/8z/990881/,Radio - Bezeichnung,Radio chorus mit Cassette
AUDI,A,A2 8Z,2000,2003,Audi A2 1.2 TDI Automatik (EU3) (05/01 - 07/02),ICE,https://www.adac.de/rund-ums-fahrzeug/autokatalog/marken-modelle/audi/a2/8z/990881/,Radstand,2405 mm
AUDI,A,A2 8Z,2000,2003,Audi A2 1.2 TDI Automatik (EU3) (05/01 - 07/02),ICE,https://www.adac.de/rund-ums-fahrzeug/autokatalog/marken-modelle/audi/a2/8z/990881/,Reifengröße,145/80R14T
AUDI,A,A2 8Z,2000,2003,Audi A2 1.2 TDI Automatik (EU3) (05/01 - 07/02),ICE,https://www.adac.de/rund-ums-fahrzeug/autokatalog/marken-modelle/audi/a2/8z/990881/,Reparatur,Nein
AUDI,A,A2 8Z,2000,2003,Audi A2 1.2 TDI Automatik (EU3) (05/01 - 07/02),ICE,https://www.adac.de/rund-ums-fahrzeug/autokatalog/marken-modelle/audi/a2/8z/990881/,Reparaturkosten,zusammmen ca. 1.800
AUDI,A,A2 8Z,2000,2003,Audi A2 1.2 TDI Automatik (EU3) (05/01 - 07/02),ICE,https://www.adac.de/rund-ums-fahrzeug/autokatalog/marken-modelle/audi/a2/8z/990881/,Rückrufdatum,Dezember 2000
AUDI,A,A2 8Z,2000,2003,Audi A2 1.2 TDI Automatik (EU3) (05/01 - 07/02),ICE,https://www.adac.de/rund-ums-fahrzeug/autokatalog/marken-modelle/audi/a2/8z/990881/,Rücksitzbank umklappbar,Serie
AUDI,A,A2 8Z,2000,2003,Audi A2 1.2 TDI Automatik (EU3) (05/01 - 07/02),ICE,https://www.adac.de/rund-ums-fahrzeug/autokatalog/marken-modelle/audi/a2/8z/990881/,Schadstoffklasse,"Euro 3, 3L"
AUDI,A,A2 8Z,2000,2003,Audi A2 1.2 TDI Automatik (EU3) (05/01 - 07/02),ICE,https://www.adac.de/rund-ums-fahrzeug/autokatalog/marken-modelle/audi/a2/8z/990881/,Seitenairbag vorne,Serie
AUDI,A,A2 8Z,2000,2003,Audi A2 1.2 TDI Automatik (EU3) (05/01 - 07/02),ICE,https://www.adac.de/rund-ums-fahrzeug/autokatalog/marken-modelle/audi/a2/8z/990881/,Servolenkung,Aufpreis
AUDI,A,A2 8Z,2000,2003,Audi A2 1.2 TDI Automatik (EU3) (05/01 - 07/02),ICE,https://www.adac.de/rund-ums-fahrzeug/autokatalog/marken-modelle/audi/a2/8z/990881/,Sitzanzahl,4
AUDI,A,A2 8Z,2000,2003,Audi A2 1.2 TDI Automatik (EU3) (05/01 - 07/02),ICE,https://www.adac.de/rund-ums-fahrzeug/autokatalog/marken-modelle/audi/a2/8z/990881/,Tankgröße,"20,0 l"
AUDI,A,A2 8Z,2000,2003,Audi A2 1.2 TDI Automatik (EU3) (05/01 - 07/02),ICE,https://www.adac.de/rund-ums-fahrzeug/autokatalog/marken-modelle/audi/a2/8z/990881/,Tankgröße (optional),"34,0 l"
AUDI,A,A2 8Z,2000,2003,Audi A2 1.2 TDI Automatik (EU3) (05/01 - 07/02),ICE,https://www.adac.de/rund-ums-fahrzeug/autokatalog/marken-modelle/audi/a2/8z/990881/,Teilkaskobeitrag 150 € SB,370 €
AUDI,A,A2 8Z,2000,2003,Audi A2 1.2 TDI Automatik (EU3) (05/01 - 07/02),ICE,https://www.adac.de/rund-ums-fahrzeug/autokatalog/marken-modelle/audi/a2/8z/990881/,Typ,Automatik (EU3)
AUDI,A,A2 8Z,2000,2003,Audi A2 1.2 TDI Automatik (EU3) (05/01 - 07/02),ICE,https://www.adac.de/rund-ums-fahrzeug/autokatalog/marken-modelle/audi/a2/8z/990881/,Typklassen (KH/VK/TK),12/11/17
AUDI,A,A2 8Z,2000,2003,Audi A2 1.2 TDI Automatik (EU3) (05/01 - 07/02),ICE,https://www.adac.de/rund-ums-fahrzeug/autokatalog/marken-modelle/audi/a2/8z/990881/,Türanzahl,5
AUDI,A,A2 8Z,2000,2003,Audi A2 1.2 TDI Automatik (EU3) (05/01 - 07/02),ICE,https://www.adac.de/rund-ums-fahrzeug/autokatalog/marken-modelle/audi/a2/8z/990881/,Variante,keine Angaben
AUDI,A,A2 8Z,2000,2003,Audi A2 1.2 TDI Automatik (EU3) (05/01 - 07/02),ICE,https://www.adac.de/rund-ums-fahrzeug/autokatalog/marken-modelle/audi/a2/8z/990881/,Verbrauch Außerorts (NEFZ),"2,7 l/100 km"
AUDI,A,A2 8Z,2000,2003,Audi A2 1.2 TDI Automatik (EU3) (05/01 - 07/02),ICE,https://www.adac.de/rund-ums-fahrzeug/autokatalog/marken-modelle/audi/a2/8z/990881/,Verbrauch Gesamt (NEFZ),"3,0 l/100 km"
AUDI,A,A2 8Z,2000,2003,Audi A2 1.2 TDI Automatik (EU3) (05/01 - 07/02),ICE,https://www.adac.de/rund-ums-fahrzeug/autokatalog/marken-modelle/audi/a2/8z/990881/,Verbrauch Innerorts (NEFZ),"3,6 l/100 km"
AUDI,A,A2 8Z,2000,2003,Audi A2 1.2 TDI Automatik (EU3) (05/01 - 07/02),ICE,https://www.adac.de/rund-ums-fahrzeug/autokatalog/marken-modelle/audi/a2/8z/990881/,Vollkaskobetrag 100% 500 € SB,628 €
AUDI,A,A2 8Z,2000,2003,Audi A2 1.2 TDI Automatik (EU3) (05/01 - 07/02),ICE,https://www.adac.de/rund-ums-fahrzeug/autokatalog/marken-modelle/audi/a2/8z/990881/,Wendekreis,"10,5 m"
AUDI,A,A2 8Z,2000,2003,Audi A2 1.2 TDI Automatik (EU3) (05/01 - 07/02),ICE,https://www.adac.de/rund-ums-fahrzeug/autokatalog/marken-modelle/audi/a2/8z/990881/,Werkstattkosten,106 €
AUDI,A,A2 8Z,2000,2003,Audi A2 1.2 TDI Automatik (EU3) (05/01 - 07/02),ICE,https://www.adac.de/rund-ums-fahrzeug/autokatalog/marken-modelle/audi/a2/8z/990881/,Wertverlust,28 €
AUDI,A,A2 8Z,2000,2003,Audi A2 1.2 TDI Automatik (EU3) (05/01 - 07/02),ICE,https://www.adac.de/rund-ums-fahrzeug/autokatalog/marken-modelle/audi/a2/8z/990881/,Zentralverriegelung,Serie
AUDI,A,A2 8Z,2000,2003,Audi A2 1.2 TDI Automatik (EU3) (05/01 - 07/02),ICE,https://www.adac.de/rund-ums-fahrzeug/autokatalog/marken-modelle/audi/a2/8z/990881/,Zul. Gesamtgewicht,1245 kg
AUDI,A,A2 8Z,2000,2003,Audi A2 1.2 TDI Automatik (EU3) (05/01 - 07/02),ICE,https://www.adac.de/rund-ums-fahrzeug/autokatalog/marken-modelle/audi/a2/8z/990881/,Zuladung,315 kg
AUDI,A,A2 8Z,2000,2003,Audi A2 1.2 TDI Automatik (EU3) (05/01 - 07/02),ICE,https://www.adac.de/rund-ums-fahrzeug/autokatalog/marken-modelle/audi/a2/8z/990881/,Zusätzliche Garantien,"Mobilitätsgarantie: 2 Jahre europaweit, erweiterbar auf lebenslang unter Einhaltung aller Inspektionen;"
AUDI,A,A2 8Z,2000,2003,Audi A2 1.2 TDI Automatik (EU3) (05/01 - 07/02),ICE,https://www.adac.de/rund-ums-fahrzeug/autokatalog/marken-modelle/audi/a2/8z/990881/,Zusätzliche Information,Eine fehlende Abdeckung der Anlasserverkabelung kann im Crashfall zu einem Schwelbrand führen.
AUDI,A,A2 8Z,2000,2003,Audi A2 1.2 TDI Automatik (EU3) (07/02 - 09/03),ICE,https://www.adac.de/rund-ums-fahrzeug/autokatalog/marken-modelle/audi/a2/8z/336945/,ABS,Serie
AUDI,A,A2 8Z,2000,2003,Audi A2 1.2 TDI Automatik (EU3) (07/02 - 09/03),ICE,https://www.adac.de/rund-ums-fahrzeug/autokatalog/marken-modelle/audi/a2/8z/336945/,Abgasreinigung (Verbrennungsmotor),Oxy-Kat
AUDI,A,A2 8Z,2000,2003,Audi A2 1.2 TDI Automatik (EU3) (07/02 - 09/03),ICE,https://www.adac.de/rund-ums-fahrzeug/autokatalog/marken-modelle/audi/a2/8z/336945/,Airbag Beifahrer,Serie
AUDI,A,A2 8Z,2000,2003,Audi A2 1.2 TDI Automatik (EU3) (07/02 - 09/03),ICE,https://www.adac.de/rund-ums-fahrzeug/autokatalog/marken-modelle/audi/a2/8z/336945/,Airbag Deaktivierung,Paket
AUDI,A,A2 8Z,2000,2003,Audi A2 1.2 TDI Automatik (EU3) (07/02 - 09/03),ICE,https://www.adac.de/rund-ums-fahrzeug/autokatalog/marken-modelle/audi/a2/8z/336945/,Airbag Deaktivierung - Bezeichnung,Schlüsselschalter
AUDI,A,A2 8Z,2000,2003,Audi A2 1.2 TDI Automatik (EU3) (07/02 - 09/03),ICE,https://www.adac.de/rund-ums-fahrzeug/autokatalog/marken-modelle/audi/a2/8z/336945/,Airbag Fahrer,Serie
AUDI,A,A2 8Z,2000,2003,Audi A2 1.2 TDI Automatik (EU3) (07/02 - 09/03),ICE,https://www.adac.de/rund-ums-fahrzeug/autokatalog/marken-modelle/audi/a2/8z/336945/,Anlass,Fehlende Abdeckung
AUDI,A,A2 8Z,2000,2003,Audi A2 1.2 TDI Automatik (EU3) (07/02 - 09/03),ICE,https://www.adac.de/rund-ums-fahrzeug/autokatalog/marken-modelle/audi/a2/8z/336945/,Antriebsart,Vorderrad
AUDI,A,A2 8Z,2000,2003,Audi A2 1.2 TDI Automatik (EU3) (07/02 - 09/03),ICE,https://www.adac.de/rund-ums-fahrzeug/autokatalog/marken-modelle/audi/a2/8z/336945/,Antriebsschlupfregelung,Serie
AUDI,A,A2 8Z,2000,2003,Audi A2 1.2 TDI Automatik (EU3) (07/02 - 09/03),ICE,https://www.adac.de/rund-ums-fahrzeug/autokatalog/marken-modelle/audi/a2/8z/336945/,Antriebsschlupfregelung - Bezeichnung,Antriebsschlupfregelung
AUDI,A,A2 8Z,2000,2003,Audi A2 1.2 TDI Automatik (EU3) (07/02 - 09/03),ICE,https://www.adac.de/rund-ums-fahrzeug/autokatalog/marken-modelle/audi/a2/8z/336945/,Anzahl Gänge,5
AUDI,A,A2 8Z,2000,2003,Audi A2 1.2 TDI Automatik (EU3) (07/02 - 09/03),ICE,https://www.adac.de/rund-ums-fahrzeug/autokatalog/marken-modelle/audi/a2/8z/336945/,Anzahl Ventile (Verbrennungsmotor),2
AUDI,A,A2 8Z,2000,2003,Audi A2 1.2 TDI Automatik (EU3) (07/02 - 09/03),ICE,https://www.adac.de/rund-ums-fahrzeug/autokatalog/marken-modelle/audi/a2/8z/336945/,Anzahl Zylinder (Verbrennungsmotor),3
AUDI,A,A2 8Z,2000,2003,Audi A2 1.2 TDI Automatik (EU3) (07/02 - 09/03),ICE,https://www.adac.de/rund-ums-fahrzeug/autokatalog/marken-modelle/audi/a2/8z/336945/,Anzahl betroffener Fahrzeuge,10.557 (Deutschland)
AUDI,A,A2 8Z,2000,2003,Audi A2 1.2 TDI Automatik (EU3) (07/02 - 09/03),ICE,https://www.adac.de/rund-ums-fahrzeug/autokatalog/marken-modelle/audi/a2/8z/336945/,Aufladung (Verbrennungsmotor),Turbo
AUDI,A,A2 8Z,2000,2003,Audi A2 1.2 TDI Automatik (EU3) (07/02 - 09/03),ICE,https://www.adac.de/rund-ums-fahrzeug/autokatalog/marken-modelle/audi/a2/8z/336945/,Baureihe,A2 (8Z) (02/00 - 09/03)
AUDI,A,A2 8Z,2000,2003,Audi A2 1.2 TDI Automatik (EU3) (07/02 - 09/03),ICE,https://www.adac.de/rund-ums-fahrzeug/autokatalog/marken-modelle/audi/a2/8z/336945/,Baureihenende,09/03
AUDI,A,A2 8Z,2000,2003,Audi A2 1.2 TDI Automatik (EU3) (07/02 - 09/03),ICE,https://www.adac.de/rund-ums-fahrzeug/autokatalog/marken-modelle/audi/a2/8z/336945/,Baureihenstart,02/00
AUDI,A,A2 8Z,2000,2003,Audi A2 1.2 TDI Automatik (EU3) (07/02 - 09/03),ICE,https://www.adac.de/rund-ums-fahrzeug/autokatalog/marken-modelle/audi/a2/8z/336945/,Bauzeitraum betroffener Fahrzeuge,nicht bekannt
AUDI,A,A2 8Z,2000,2003,Audi A2 1.2 TDI Automatik (EU3) (07/02 - 09/03),ICE,https://www.adac.de/rund-ums-fahrzeug/autokatalog/marken-modelle/audi/a2/8z/336945/,Beschleunigung 0-100km/h,"14,9 s"
AUDI,A,A2 8Z,2000,2003,Audi A2 1.2 TDI Automatik (EU3) (07/02 - 09/03),ICE,https://www.adac.de/rund-ums-fahrzeug/autokatalog/marken-modelle/audi/a2/8z/336945/,Betriebskosten,111 €
AUDI,A,A2 8Z,2000,2003,Audi A2 1.2 TDI Automatik (EU3) (07/02 - 09/03),ICE,https://www.adac.de/rund-ums-fahrzeug/autokatalog/marken-modelle/audi/a2/8z/336945/,Betroffene Modelle,A28Z (02/00 - 09/03)
AUDI,A,A2 8Z,2000,2003,Audi A2 1.2 TDI Automatik (EU3) (07/02 - 09/03),ICE,https://www.adac.de/rund-ums-fahrzeug/autokatalog/marken-modelle/audi/a2/8z/336945/,Breite,1673 mm
AUDI,A,A2 8Z,2000,2003,Audi A2 1.2 TDI Automatik (EU3) (07/02 - 09/03),ICE,https://www.adac.de/rund-ums-fahrzeug/autokatalog/marken-modelle/audi/a2/8z/336945/,Breite (inkl. Außenspiegel),1890 mm
AUDI,A,A2 8Z,2000,2003,Audi A2 1.2 TDI Automatik (EU3) (07/02 - 09/03),ICE,https://www.adac.de/rund-ums-fahrzeug/autokatalog/marken-modelle/audi/a2/8z/336945/,Bremsassistent,Serie
AUDI,A,A2 8Z,2000,2003,Audi A2 1.2 TDI Automatik (EU3) (07/02 - 09/03),ICE,https://www.adac.de/rund-ums-fahrzeug/autokatalog/marken-modelle/audi/a2/8z/336945/,Bremsassistent - Bezeichnung,Hydraulischer Bremsassistent
AUDI,A,A2 8Z,2000,2003,Audi A2 1.2 TDI Automatik (EU3) (07/02 - 09/03),ICE,https://www.adac.de/rund-ums-fahrzeug/autokatalog/marken-modelle/audi/a2/8z/336945/,Bremse hinten,Trommel
AUDI,A,A2 8Z,2000,2003,Audi A2 1.2 TDI Automatik (EU3) (07/02 - 09/03),ICE,https://www.adac.de/rund-ums-fahrzeug/autokatalog/marken-modelle/audi/a2/8z/336945/,Bremse vorne,Scheibe
AUDI,A,A2 8Z,2000,2003,Audi A2 1.2 TDI Automatik (EU3) (07/02 - 09/03),ICE,https://www.adac.de/rund-ums-fahrzeug/autokatalog/marken-modelle/audi/a2/8z/336945/,CO2-Wert (NEFZ),81 g/km
AUDI,A,A2 8Z,2000,2003,Audi A2 1.2 TDI Automatik (EU3) (07/02 - 09/03),ICE,https://www.adac.de/rund-ums-fahrzeug/autokatalog/marken-modelle/audi/a2/8z/336945/,Dachlast,40 kg
AUDI,A,A2 8Z,2000,2003,Audi A2 1.2 TDI Automatik (EU3) (07/02 - 09/03),ICE,https://www.adac.de/rund-ums-fahrzeug/autokatalog/marken-modelle/audi/a2/8z/336945/,Dauer,keine Angaben
AUDI,A,A2 8Z,2000,2003,Audi A2 1.2 TDI Automatik (EU3) (07/02 - 09/03),ICE,https://www.adac.de/rund-ums-fahrzeug/autokatalog/marken-modelle/audi/a2/8z/336945/,Drehmoment (Systemleistung),140 Nm
AUDI,A,A2 8Z,2000,2003,Audi A2 1.2 TDI Automatik (EU3) (07/02 - 09/03),ICE,https://www.adac.de/rund-ums-fahrzeug/autokatalog/marken-modelle/audi/a2/8z/336945/,Drehmoment maximal bei U/min. (Verbrennungsmotor),1800 U/min
AUDI,A,A2 8Z,2000,2003,Audi A2 1.2 TDI Automatik (EU3) (07/02 - 09/03),ICE,https://www.adac.de/rund-ums-fahrzeug/autokatalog/marken-modelle/audi/a2/8z/336945/,Durchrostung,12 Jahre
AUDI,A,A2 8Z,2000,2003,Audi A2 1.2 TDI Automatik (EU3) (07/02 - 09/03),ICE,https://www.adac.de/rund-ums-fahrzeug/autokatalog/marken-modelle/audi/a2/8z/336945/,Einbauposition / Motorbauart (Verbrennungsmotor),Frontmotor / Reihe
AUDI,A,A2 8Z,2000,2003,Audi A2 1.2 TDI Automatik (EU3) (07/02 - 09/03),ICE,https://www.adac.de/rund-ums-fahrzeug/autokatalog/marken-modelle/audi/a2/8z/336945/,Fahrdynamikregelung,Serie
AUDI,A,A2 8Z,2000,2003,Audi A2 1.2 TDI Automatik (EU3) (07/02 - 09/03),ICE,https://www.adac.de/rund-ums-fahrzeug/autokatalog/marken-modelle/audi/a2/8z/336945/,Fahrdynamikregelung - Bezeichnung,Elektronisches Stabilitätsprogramm
AUDI,A,A2 8Z,2000,2003,Audi A2 1.2 TDI Automatik (EU3) (07/02 - 09/03),ICE,https://www.adac.de/rund-ums-fahrzeug/autokatalog/marken-modelle/audi/a2/8z/336945/,Fahrzeugklasse,Kleinwagen (z.B. Polo)
AUDI,A,A2 8Z,2000,2003,Audi A2 1.2 TDI Automatik (EU3) (07/02 - 09/03),ICE,https://www.adac.de/rund-ums-fahrzeug/autokatalog/marken-modelle/audi/a2/8z/336945/,Federung hinten,Schraube
AUDI,A,A2 8Z,2000,2003,Audi A2 1.2 TDI Automatik (EU3) (07/02 - 09/03),ICE,https://www.adac.de/rund-ums-fahrzeug/autokatalog/marken-modelle/audi/a2/8z/336945/,Federung vorne,Schraube
AUDI,A,A2 8Z,2000,2003,Audi A2 1.2 TDI Automatik (EU3) (07/02 - 09/03),ICE,https://www.adac.de/rund-ums-fahrzeug/autokatalog/marken-modelle/audi/a2/8z/336945/,Fensterheber elektr. vorne,Serie
AUDI,A,A2 8Z,2000,2003,Audi A2 1.2 TDI Automatik (EU3) (07/02 - 09/03),ICE,https://www.adac.de/rund-ums-fahrzeug/autokatalog/marken-modelle/audi/a2/8z/336945/,Fixkosten,94 €
AUDI,A,A2 8Z,2000,2003,Audi A2 1.2 TDI Automatik (EU3) (07/02 - 09/03),ICE,https://www.adac.de/rund-ums-fahrzeug/autokatalog/marken-modelle/audi/a2/8z/336945/,Garantie (Fahrzeug),keine / ab EZ 01/05: 2 Jahre
AUDI,A,A2 8Z,2000,2003,Audi A2 1.2 TDI Automatik (EU3) (07/02 - 09/03),ICE,https://www.adac.de/rund-ums-fahrzeug/autokatalog/marken-modelle/audi/a2/8z/336945/,Gemischaufbereitung (Verbrennungsmotor),Pumpe-Düse
AUDI,A,A2 8Z,2000,2003,Audi A2 1.2 TDI Automatik (EU3) (07/02 - 09/03),ICE,https://www.adac.de/rund-ums-fahrzeug/autokatalog/marken-modelle/audi/a2/8z/336945/,Getriebeart,Automatisiertes Schaltgetriebe
AUDI,A,A2 8Z,2000,2003,Audi A2 1.2 TDI Automatik (EU3) (07/02 - 09/03),ICE,https://www.adac.de/rund-ums-fahrzeug/autokatalog/marken-modelle/audi/a2/8z/336945/,Grundpreis,18500 Euro
AUDI,A,A2 8Z,2000,2003,Audi A2 1.2 TDI Automatik (EU3) (07/02 - 09/03),ICE,https://www.adac.de/rund-ums-fahrzeug/autokatalog/marken-modelle/audi/a2/8z/336945/,HSN/TSN Schlüsselnummern,0588/733
AUDI,A,A2 8Z,2000,2003,Audi A2 1.2 TDI Automatik (EU3) (07/02 - 09/03),ICE,https://www.adac.de/rund-ums-fahrzeug/autokatalog/marken-modelle/audi/a2/8z/336945/,Haftpflichtbeitrag 100%,902 €
AUDI,A,A2 8Z,2000,2003,Audi A2 1.2 TDI Automatik (EU3) (07/02 - 09/03),ICE,https://www.adac.de/rund-ums-fahrzeug/autokatalog/marken-modelle/audi/a2/8z/336945/,Halterbenachrichtigung durch,keine Angaben
AUDI,A,A2 8Z,2000,2003,Audi A2 1.2 TDI Automatik (EU3) (07/02 - 09/03),ICE,https://www.adac.de/rund-ums-fahrzeug/autokatalog/marken-modelle/audi/a2/8z/336945/,Herstellerinterne Baureihenbezeichnung,8Z
AUDI,A,A2 8Z,2000,2003,Audi A2 1.2 TDI Automatik (EU3) (07/02 - 09/03),ICE,https://www.adac.de/rund-ums-fahrzeug/autokatalog/marken-modelle/audi/a2/8z/336945/,Hubraum (Verbrennungsmotor),1191 ccm
AUDI,A,A2 8Z,2000,2003,Audi A2 1.2 TDI Automatik (EU3) (07/02 - 09/03),ICE,https://www.adac.de/rund-ums-fahrzeug/autokatalog/marken-modelle/audi/a2/8z/336945/,Höchstgeschwindigkeit,168 km/h
AUDI,A,A2 8Z,2000,2003,Audi A2 1.2 TDI Automatik (EU3) (07/02 - 09/03),ICE,https://www.adac.de/rund-ums-fahrzeug/autokatalog/marken-modelle/audi/a2/8z/336945/,Höhe,1553 mm
AUDI,A,A2 8Z,2000,2003,Audi A2 1.2 TDI Automatik (EU3) (07/02 - 09/03),ICE,https://www.adac.de/rund-ums-fahrzeug/autokatalog/marken-modelle/audi/a2/8z/336945/,Isofix,Serie
AUDI,A,A2 8Z,2000,2003,Audi A2 1.2 TDI Automatik (EU3) (07/02 - 09/03),ICE,https://www.adac.de/rund-ums-fahrzeug/autokatalog/marken-modelle/audi/a2/8z/336945/,Isofix - Bezeichnung,Nur hinten
AUDI,A,A2 8Z,2000,2003,Audi A2 1.2 TDI Automatik (EU3) (07/02 - 09/03),ICE,https://www.adac.de/rund-ums-fahrzeug/autokatalog/marken-modelle/audi/a2/8z/336945/,KFZ-Steuer ohne Befreiung/Jahr (kann durch WLTP abweichen),165 Euro
AUDI,A,A2 8Z,2000,2003,Audi A2 1.2 TDI Automatik (EU3) (07/02 - 09/03),ICE,https://www.adac.de/rund-ums-fahrzeug/autokatalog/marken-modelle/audi/a2/8z/336945/,KFZ-Steuer pro Jahr ohne Steuerbefreiung,165 €
AUDI,A,A2 8Z,2000,2003,Audi A2 1.2 TDI Automatik (EU3) (07/02 - 09/03),ICE,https://www.adac.de/rund-ums-fahrzeug/autokatalog/marken-modelle/audi/a2/8z/336945/,Karosserie,Schrägheck
AUDI,A,A2 8Z,2000,2003,Audi A2 1.2 TDI Automatik (EU3) (07/02 - 09/03),ICE,https://www.adac.de/rund-ums-fahrzeug/autokatalog/marken-modelle/audi/a2/8z/336945/,Klassenübliche Ausstattung nach ADAC-Vorgabe,k.A.
AUDI,A,A2 8Z,2000,2003,Audi A2 1.2 TDI Automatik (EU3) (07/02 - 09/03),ICE,https://www.adac.de/rund-ums-fahrzeug/autokatalog/marken-modelle/audi/a2/8z/336945/,Klimaanlage,1300 Euro
AUDI,A,A2 8Z,2000,2003,Audi A2 1.2 TDI Automatik (EU3) (07/02 - 09/03),ICE,https://www.adac.de/rund-ums-fahrzeug/autokatalog/marken-modelle/audi/a2/8z/336945/,Kofferraumvolumen dachhoch mit umgeklappter Rücksitzbank,1085 l
AUDI,A,A2 8Z,2000,2003,Audi A2 1.2 TDI Automatik (EU3) (07/02 - 09/03),ICE,https://www.adac.de/rund-ums-fahrzeug/autokatalog/marken-modelle/audi/a2/8z/336945/,Kofferraumvolumen normal,350 l
AUDI,A,A2 8Z,2000,2003,Audi A2 1.2 TDI Automatik (EU3) (07/02 - 09/03),ICE,https://www.adac.de/rund-ums-fahrzeug/autokatalog/marken-modelle/audi/a2/8z/336945/,Kopfairbag hinten,Paket
AUDI,A,A2 8Z,2000,2003,Audi A2 1.2 TDI Automatik (EU3) (07/02 - 09/03),ICE,https://www.adac.de/rund-ums-fahrzeug/autokatalog/marken-modelle/audi/a2/8z/336945/,Kopfairbag hinten - Bezeichnung,Windowbag
AUDI,A,A2 8Z,2000,2003,Audi A2 1.2 TDI Automatik (EU3) (07/02 - 09/03),ICE,https://www.adac.de/rund-ums-fahrzeug/autokatalog/marken-modelle/audi/a2/8z/336945/,Kopfairbag vorne,Paket
AUDI,A,A2 8Z,2000,2003,Audi A2 1.2 TDI Automatik (EU3) (07/02 - 09/03),ICE,https://www.adac.de/rund-ums-fahrzeug/autokatalog/marken-modelle/audi/a2/8z/336945/,Kopfairbag vorne - Bezeichnung,Windowbag
AUDI,A,A2 8Z,2000,2003,Audi A2 1.2 TDI Automatik (EU3) (07/02 - 09/03),ICE,https://www.adac.de/rund-ums-fahrzeug/autokatalog/marken-modelle/audi/a2/8z/336945/,Kopfstützen hinten,Serie
AUDI,A,A2 8Z,2000,2003,Audi A2 1.2 TDI Automatik (EU3) (07/02 - 09/03),ICE,https://www.adac.de/rund-ums-fahrzeug/autokatalog/marken-modelle/audi/a2/8z/336945/,Kraftstoffart,Diesel
AUDI,A,A2 8Z,2000,2003,Audi A2 1.2 TDI Automatik (EU3) (07/02 - 09/03),ICE,https://www.adac.de/rund-ums-fahrzeug/autokatalog/marken-modelle/audi/a2/8z/336945/,Lackgarantie,3 Jahre
AUDI,A,A2 8Z,2000,2003,Audi A2 1.2 TDI Automatik (EU3) (07/02 - 09/03),ICE,https://www.adac.de/rund-ums-fahrzeug/autokatalog/marken-modelle/audi/a2/8z/336945/,Leergewicht (EU),930 kg
AUDI,A,A2 8Z,2000,2003,Audi A2 1.2 TDI Automatik (EU3) (07/02 - 09/03),ICE,https://www.adac.de/rund-ums-fahrzeug/autokatalog/marken-modelle/audi/a2/8z/336945/,Leistung / Drehmoment (Verbrennungsmotor),45 kW (61 PS) / 140 Nm
AUDI,A,A2 8Z,2000,2003,Audi A2 1.2 TDI Automatik (EU3) (07/02 - 09/03),ICE,https://www.adac.de/rund-ums-fahrzeug/autokatalog/marken-modelle/audi/a2/8z/336945/,Leistung maximal bei U/min. (Verbrennungsmotor),4000 U/min
AUDI,A,A2 8Z,2000,2003,Audi A2 1.2 TDI Automatik (EU3) (07/02 - 09/03),ICE,https://www.adac.de/rund-ums-fahrzeug/autokatalog/marken-modelle/audi/a2/8z/336945/,Leistung maximal in PS (Systemleistung),61
AUDI,A,A2 8Z,2000,2003,Audi A2 1.2 TDI Automatik (EU3) (07/02 - 09/03),ICE,https://www.adac.de/rund-ums-fahrzeug/autokatalog/marken-modelle/audi/a2/8z/336945/,Leistung maximal in kW (Systemleistung),45
AUDI,A,A2 8Z,2000,2003,Audi A2 1.2 TDI Automatik (EU3) (07/02 - 09/03),ICE,https://www.adac.de/rund-ums-fahrzeug/autokatalog/marken-modelle/audi/a2/8z/336945/,Länge,3826 mm
AUDI,A,A2 8Z,2000,2003,Audi A2 1.2 TDI Automatik (EU3) (07/02 - 09/03),ICE,https://www.adac.de/rund-ums-fahrzeug/autokatalog/marken-modelle/audi/a2/8z/336945/,Marke,Audi
AUDI,A,A2 8Z,2000,2003,Audi A2 1.2 TDI Automatik (EU3) (07/02 - 09/03),ICE,https://www.adac.de/rund-ums-fahrzeug/autokatalog/marken-modelle/audi/a2/8z/336945/,Metallic-Lackierung,420 Euro
AUDI,A,A2 8Z,2000,2003,Audi A2 1.2 TDI Automatik (EU3) (07/02 - 09/03),ICE,https://www.adac.de/rund-ums-fahrzeug/autokatalog/marken-modelle/audi/a2/8z/336945/,Modell,A2 1.2 TDI
AUDI,A,A2 8Z,2000,2003,Audi A2 1.2 TDI Automatik (EU3) (07/02 - 09/03),ICE,https://www.adac.de/rund-ums-fahrzeug/autokatalog/marken-modelle/audi/a2/8z/336945/,Modellende,09/03
AUDI,A,A2 8Z,2000,2003,Audi A2 1.2 TDI Automatik (EU3) (07/02 - 09/03),ICE,https://www.adac.de/rund-ums-fahrzeug/autokatalog/marken-modelle/audi/a2/8z/336945/,Modellstart,07/02
AUDI,A,A2 8Z,2000,2003,Audi A2 1.2 TDI Automatik (EU3) (07/02 - 09/03),ICE,https://www.adac.de/rund-ums-fahrzeug/autokatalog/marken-modelle/audi/a2/8z/336945/,Motorart,Diesel
AUDI,A,A2 8Z,2000,2003,Audi A2 1.2 TDI Automatik (EU3) (07/02 - 09/03),ICE,https://www.adac.de/rund-ums-fahrzeug/autokatalog/marken-modelle/audi/a2/8z/336945/,Motorcode,ANY
AUDI,A,A2 8Z,2000,2003,Audi A2 1.2 TDI Automatik (EU3) (07/02 - 09/03),ICE,https://www.adac.de/rund-ums-fahrzeug/autokatalog/marken-modelle/audi/a2/8z/336945/,Nebelscheinwerfer,135 Euro
AUDI,A,A2 8Z,2000,2003,Audi A2 1.2 TDI Automatik (EU3) (07/02 - 09/03),ICE,https://www.adac.de/rund-ums-fahrzeug/autokatalog/marken-modelle/audi/a2/8z/336945/,Nockenwellensteuerung,Zahnriemen
AUDI,A,A2 8Z,2000,2003,Audi A2 1.2 TDI Automatik (EU3) (07/02 - 09/03),ICE,https://www.adac.de/rund-ums-fahrzeug/autokatalog/marken-modelle/audi/a2/8z/336945/,Radio,400 Euro
AUDI,A,A2 8Z,2000,2003,Audi A2 1.2 TDI Automatik (EU3) (07/02 - 09/03),ICE,https://www.adac.de/rund-ums-fahrzeug/autokatalog/marken-modelle/audi/a2/8z/336945/,Radio - Bezeichnung,Radio chorus mit Cassette
AUDI,A,A2 8Z,2000,2003,Audi A2 1.2 TDI Automatik (EU3) (07/02 - 09/03),ICE,https://www.adac.de/rund-ums-fahrzeug/autokatalog/marken-modelle/audi/a2/8z/336945/,Radstand,2405 mm
AUDI,A,A2 8Z,2000,2003,Audi A2 1.2 TDI Automatik (EU3) (07/02 - 09/03),ICE,https://www.adac.de/rund-ums-fahrzeug/autokatalog/marken-modelle/audi/a2/8z/336945/,Reifengröße,145/80R14T
AUDI,A,A2 8Z,2000,2003,Audi A2 1.2 TDI Automatik (EU3) (07/02 - 09/03),ICE,https://www.adac.de/rund-ums-fahrzeug/autokatalog/marken-modelle/audi/a2/8z/336945/,Rückrufdatum,Dezember 2000
AUDI,A,A2 8Z,2000,2003,Audi A2 1.2 TDI Automatik (EU3) (07/02 - 09/03),ICE,https://www.adac.de/rund-ums-fahrzeug/autokatalog/marken-modelle/audi/a2/8z/336945/,Rücksitzbank umklappbar,Serie
AUDI,A,A2 8Z,2000,2003,Audi A2 1.2 TDI Automatik (EU3) (07/02 - 09/03),ICE,https://www.adac.de/rund-ums-fahrzeug/autokatalog/marken-modelle/audi/a2/8z/336945/,Schadstoffklasse,"Euro 3, 3L"
AUDI,A,A2 8Z,2000,2003,Audi A2 1.2 TDI Automatik (EU3) (07/02 - 09/03),ICE,https://www.adac.de/rund-ums-fahrzeug/autokatalog/marken-modelle/audi/a2/8z/336945/,Seitenairbag vorne,Serie
AUDI,A,A2 8Z,2000,2003,Audi A2 1.2 TDI Automatik (EU3) (07/02 - 09/03),ICE,https://www.adac.de/rund-ums-fahrzeug/autokatalog/marken-modelle/audi/a2/8z/336945/,Servolenkung,Aufpreis
AUDI,A,A2 8Z,2000,2003,Audi A2 1.2 TDI Automatik (EU3) (07/02 - 09/03),ICE,https://www.adac.de/rund-ums-fahrzeug/autokatalog/marken-modelle/audi/a2/8z/336945/,Sitzanzahl,4
AUDI,A,A2 8Z,2000,2003,Audi A2 1.2 TDI Automatik (EU3) (07/02 - 09/03),ICE,https://www.adac.de/rund-ums-fahrzeug/autokatalog/marken-modelle/audi/a2/8z/336945/,Tankgröße,"21,0 l"
AUDI,A,A2 8Z,2000,2003,Audi A2 1.2 TDI Automatik (EU3) (07/02 - 09/03),ICE,https://www.adac.de/rund-ums-fahrzeug/autokatalog/marken-modelle/audi/a2/8z/336945/,Tankgröße (optional),"34,0 l"
AUDI,A,A2 8Z,2000,2003,Audi A2 1.2 TDI Automatik (EU3) (07/02 - 09/03),ICE,https://www.adac.de/rund-ums-fahrzeug/autokatalog/marken-modelle/audi/a2/8z/336945/,Teilkaskobeitrag 150 € SB,370 €
AUDI,A,A2 8Z,2000,2003,Audi A2 1.2 TDI Automatik (EU3) (07/02 - 09/03),ICE,https://www.adac.de/rund-ums-fahrzeug/autokatalog/marken-modelle/audi/a2/8z/336945/,Typ,Automatik (EU3)
AUDI,A,A2 8Z,2000,2003,Audi A2 1.2 TDI Automatik (EU3) (07/02 - 09/03),ICE,https://www.adac.de/rund-ums-fahrzeug/autokatalog/marken-modelle/audi/a2/8z/336945/,Typklassen (KH/VK/TK),12/11/17
AUDI,A,A2 8Z,2000,2003,Audi A2 1.2 TDI Automatik (EU3) (07/02 - 09/03),ICE,https://www.adac.de/rund-ums-fahrzeug/autokatalog/marken-modelle/audi/a2/8z/336945/,Türanzahl,5
AUDI,A,A2 8Z,2000,2003,Audi A2 1.2 TDI Automatik (EU3) (07/02 - 09/03),ICE,https://www.adac.de/rund-ums-fahrzeug/autokatalog/marken-modelle/audi/a2/8z/336945/,Variante,keine Angaben
AUDI,A,A2 8Z,2000,2003,Audi A2 1.2 TDI Automatik (EU3) (07/02 - 09/03),ICE,https://www.adac.de/rund-ums-fahrzeug/autokatalog/marken-modelle/audi/a2/8z/336945/,Verbrauch Außerorts (NEFZ),"2,7 l/100 km"
AUDI,A,A2 8Z,2000,2003,Audi A2 1.2 TDI Automatik (EU3) (07/02 - 09/03),ICE,https://www.adac.de/rund-ums-fahrzeug/autokatalog/marken-modelle/audi/a2/8z/336945/,Verbrauch Gesamt (NEFZ),"3,0 l/100 km"
AUDI,A,A2 8Z,2000,2003,Audi A2 1.2 TDI Automatik (EU3) (07/02 - 09/03),ICE,https://www.adac.de/rund-ums-fahrzeug/autokatalog/marken-modelle/audi/a2/8z/336945/,Verbrauch Innerorts (NEFZ),"3,6 l/100 km"
AUDI,A,A2 8Z,2000,2003,Audi A2 1.2 TDI Automatik (EU3) (07/02 - 09/03),ICE,https://www.adac.de/rund-ums-fahrzeug/autokatalog/marken-modelle/audi/a2/8z/336945/,Vollkaskobetrag 100% 500 € SB,628 €
AUDI,A,A2 8Z,2000,2003,Audi A2 1.2 TDI Automatik (EU3) (07/02 - 09/03),ICE,https://www.adac.de/rund-ums-fahrzeug/autokatalog/marken-modelle/audi/a2/8z/336945/,Wendekreis,"10,5 m"
AUDI,A,A2 8Z,2000,2003,Audi A2 1.2 TDI Automatik (EU3) (07/02 - 09/03),ICE,https://www.adac.de/rund-ums-fahrzeug/autokatalog/marken-modelle/audi/a2/8z/336945/,Werkstattkosten,k.A.
AUDI,A,A2 8Z,2000,2003,Audi A2 1.2 TDI Automatik (EU3) (07/02 - 09/03),ICE,https://www.adac.de/rund-ums-fahrzeug/autokatalog/marken-modelle/audi/a2/8z/336945/,Wertverlust,k.A.
AUDI,A,A2 8Z,2000,2003,Audi A2 1.2 TDI Automatik (EU3) (07/02 - 09/03),ICE,https://www.adac.de/rund-ums-fahrzeug/autokatalog/marken-modelle/audi/a2/8z/336945/,Zentralverriegelung,Serie
AUDI,A,A2 8Z,2000,2003,Audi A2 1.2 TDI Automatik (EU3) (07/02 - 09/03),ICE,https://www.adac.de/rund-ums-fahrzeug/autokatalog/marken-modelle/audi/a2/8z/336945/,Zul. Gesamtgewicht,1245 kg
AUDI,A,A2 8Z,2000,2003,Audi A2 1.2 TDI Automatik (EU3) (07/02 - 09/03),ICE,https://www.adac.de/rund-ums-fahrzeug/autokatalog/marken-modelle/audi/a2/8z/336945/,Zuladung,315 kg
AUDI,A,A2 8Z,2000,2003,Audi A2 1.2 TDI Automatik (EU3) (07/02 - 09/03),ICE,https://www.adac.de/rund-ums-fahrzeug/autokatalog/marken-modelle/audi/a2/8z/336945/,Zusätzliche Garantien,"Mobilitätsgarantie: 2 Jahre europaweit, erweiterbar auf lebenslang unter Einhaltung aller Inspektionen;"
AUDI,A,A2 8Z,2000,2003,Audi A2 1.2 TDI Automatik (EU3) (07/02 - 09/03),ICE,https://www.adac.de/rund-ums-fahrzeug/autokatalog/marken-modelle/audi/a2/8z/336945/,Zusätzliche Information,Eine fehlende Abdeckung der Anlasserverkabelung kann im Crashfall zu einem Schwelbrand führen.
AUDI,A,A2 8Z,2000,2003,Audi A2 1.4 (02/00 - 07/02),ICE,https://www.adac.de/rund-ums-fahrzeug/autokatalog/marken-modelle/audi/a2/8z/991376/,3-Punkt-Gurt hinten Mitte,Aufpreis
AUDI,A,A2 8Z,2000,2003,Audi A2 1.4 (02/00 - 07/02),ICE,https://www.adac.de/rund-ums-fahrzeug/autokatalog/marken-modelle/audi/a2/8z/991376/,3-Punkt-Gurt hinten Mitte - Bezeichnung,3-Punkt Gurt
AUDI,A,A2 8Z,2000,2003,Audi A2 1.4 (02/00 - 07/02),ICE,https://www.adac.de/rund-ums-fahrzeug/autokatalog/marken-modelle/audi/a2/8z/991376/,ABS,Serie
AUDI,A,A2 8Z,2000,2003,Audi A2 1.4 (02/00 - 07/02),ICE,https://www.adac.de/rund-ums-fahrzeug/autokatalog/marken-modelle/audi/a2/8z/991376/,ADAC Urteil Autotest,"2,3"
AUDI,A,A2 8Z,2000,2003,Audi A2 1.4 (02/00 - 07/02),ICE,https://www.adac.de/rund-ums-fahrzeug/autokatalog/marken-modelle/audi/a2/8z/991376/,Abgasreinigung (Verbrennungsmotor),geregelt
AUDI,A,A2 8Z,2000,2003,Audi A2 1.4 (02/00 - 07/02),ICE,https://www.adac.de/rund-ums-fahrzeug/autokatalog/marken-modelle/audi/a2/8z/991376/,Airbag Beifahrer,Serie
AUDI,A,A2 8Z,2000,2003,Audi A2 1.4 (02/00 - 07/02),ICE,https://www.adac.de/rund-ums-fahrzeug/autokatalog/marken-modelle/audi/a2/8z/991376/,Airbag Deaktivierung,Paket
AUDI,A,A2 8Z,2000,2003,Audi A2 1.4 (02/00 - 07/02),ICE,https://www.adac.de/rund-ums-fahrzeug/autokatalog/marken-modelle/audi/a2/8z/991376/,Airbag Deaktivierung - Bezeichnung,Schlüsselschalter
AUDI,A,A2 8Z,2000,2003,Audi A2 1.4 (02/00 - 07/02),ICE,https://www.adac.de/rund-ums-fahrzeug/autokatalog/marken-modelle/audi/a2/8z/991376/,Airbag Fahrer,Serie
AUDI,A,A2 8Z,2000,2003,Audi A2 1.4 (02/00 - 07/02),ICE,https://www.adac.de/rund-ums-fahrzeug/autokatalog/marken-modelle/audi/a2/8z/991376/,Alufelgen,260 Euro
AUDI,A,A2 8Z,2000,2003,Audi A2 1.4 (02/00 - 07/02),ICE,https://www.adac.de/rund-ums-fahrzeug/autokatalog/marken-modelle/audi/a2/8z/991376/,Anhängelast gebremst 12%,1000 kg
AUDI,A,A2 8Z,2000,2003,Audi A2 1.4 (02/00 - 07/02),ICE,https://www.adac.de/rund-ums-fahrzeug/autokatalog/marken-modelle/audi/a2/8z/991376/,Anhängelast ungebremst,490 kg
AUDI,A,A2 8Z,2000,2003,Audi A2 1.4 (02/00 - 07/02),ICE,https://www.adac.de/rund-ums-fahrzeug/autokatalog/marken-modelle/audi/a2/8z/991376/,Anhängerkupplung,660 Euro
AUDI,A,A2 8Z,2000,2003,Audi A2 1.4 (02/00 - 07/02),ICE,https://www.adac.de/rund-ums-fahrzeug/autokatalog/marken-modelle/audi/a2/8z/991376/,Anlass,Fehlende Abdeckung
AUDI,A,A2 8Z,2000,2003,Audi A2 1.4 (02/00 - 07/02),ICE,https://www.adac.de/rund-ums-fahrzeug/autokatalog/marken-modelle/audi/a2/8z/991376/,Antrieb,"2,4"
AUDI,A,A2 8Z,2000,2003,Audi A2 1.4 (02/00 - 07/02),ICE,https://www.adac.de/rund-ums-fahrzeug/autokatalog/marken-modelle/audi/a2/8z/991376/,Antriebsart,Vorderrad
AUDI,A,A2 8Z,2000,2003,Audi A2 1.4 (02/00 - 07/02),ICE,https://www.adac.de/rund-ums-fahrzeug/autokatalog/marken-modelle/audi/a2/8z/991376/,Antriebsschlupfregelung,Serie
AUDI,A,A2 8Z,2000,2003,Audi A2 1.4 (02/00 - 07/02),ICE,https://www.adac.de/rund-ums-fahrzeug/autokatalog/marken-modelle/audi/a2/8z/991376/,Antriebsschlupfregelung - Bezeichnung,Antriebsschlupfregelung
AUDI,A,A2 8Z,2000,2003,Audi A2 1.4 (02/00 - 07/02),ICE,https://www.adac.de/rund-ums-fahrzeug/autokatalog/marken-modelle/audi/a2/8z/991376/,Anzahl Gänge,5
AUDI,A,A2 8Z,2000,2003,Audi A2 1.4 (02/00 - 07/02),ICE,https://www.adac.de/rund-ums-fahrzeug/autokatalog/marken-modelle/audi/a2/8z/991376/,Anzahl Ventile (Verbrennungsmotor),4
AUDI,A,A2 8Z,2000,2003,Audi A2 1.4 (02/00 - 07/02),ICE,https://www.adac.de/rund-ums-fahrzeug/autokatalog/marken-modelle/audi/a2/8z/991376/,Anzahl Zylinder (Verbrennungsmotor),4
AUDI,A,A2 8Z,2000,2003,Audi A2 1.4 (02/00 - 07/02),ICE,https://www.adac.de/rund-ums-fahrzeug/autokatalog/marken-modelle/audi/a2/8z/991376/,Anzahl betroffener Fahrzeuge,10.557 (Deutschland)
AUDI,A,A2 8Z,2000,2003,Audi A2 1.4 (02/00 - 07/02),ICE,https://www.adac.de/rund-ums-fahrzeug/autokatalog/marken-modelle/audi/a2/8z/991376/,Autokosten,"1,1"
AUDI,A,A2 8Z,2000,2003,Audi A2 1.4 (02/00 - 07/02),ICE,https://www.adac.de/rund-ums-fahrzeug/autokatalog/marken-modelle/audi/a2/8z/991376/,Baureihe,A2 (8Z) (02/00 - 09/03)
AUDI,A,A2 8Z,2000,2003,Audi A2 1.4 (02/00 - 07/02),ICE,https://www.adac.de/rund-ums-fahrzeug/autokatalog/marken-modelle/audi/a2/8z/991376/,Baureihenende,09/03
AUDI,A,A2 8Z,2000,2003,Audi A2 1.4 (02/00 - 07/02),ICE,https://www.adac.de/rund-ums-fahrzeug/autokatalog/marken-modelle/audi/a2/8z/991376/,Baureihenstart,02/00
AUDI,A,A2 8Z,2000,2003,Audi A2 1.4 (02/00 - 07/02),ICE,https://www.adac.de/rund-ums-fahrzeug/autokatalog/marken-modelle/audi/a2/8z/991376/,Bauzeitraum betroffener Fahrzeuge,nicht bekannt
AUDI,A,A2 8Z,2000,2003,Audi A2 1.4 (02/00 - 07/02),ICE,https://www.adac.de/rund-ums-fahrzeug/autokatalog/marken-modelle/audi/a2/8z/991376/,Bemerkung,keine Angaben
AUDI,A,A2 8Z,2000,2003,Audi A2 1.4 (02/00 - 07/02),ICE,https://www.adac.de/rund-ums-fahrzeug/autokatalog/marken-modelle/audi/a2/8z/991376/,Beschleunigung 0-100km/h,"12,3 s"
AUDI,A,A2 8Z,2000,2003,Audi A2 1.4 (02/00 - 07/02),ICE,https://www.adac.de/rund-ums-fahrzeug/autokatalog/marken-modelle/audi/a2/8z/991376/,Betriebskosten,172 €
AUDI,A,A2 8Z,2000,2003,Audi A2 1.4 (02/00 - 07/02),ICE,https://www.adac.de/rund-ums-fahrzeug/autokatalog/marken-modelle/audi/a2/8z/991376/,Betroffene Baugruppe,Zahnriemen: Spannrolle defekt
AUDI,A,A2 8Z,2000,2003,Audi A2 1.4 (02/00 - 07/02),ICE,https://www.adac.de/rund-ums-fahrzeug/autokatalog/marken-modelle/audi/a2/8z/991376/,Betroffene Modelle,A28Z (02/00 - 09/03)
AUDI,A,A2 8Z,2000,2003,Audi A2 1.4 (02/00 - 07/02),ICE,https://www.adac.de/rund-ums-fahrzeug/autokatalog/marken-modelle/audi/a2/8z/991376/,Betroffenes Modell,"Audi A2, 2001"
AUDI,A,A2 8Z,2000,2003,Audi A2 1.4 (02/00 - 07/02),ICE,https://www.adac.de/rund-ums-fahrzeug/autokatalog/marken-modelle/audi/a2/8z/991376/,Breite,1673 mm
AUDI,A,A2 8Z,2000,2003,Audi A2 1.4 (02/00 - 07/02),ICE,https://www.adac.de/rund-ums-fahrzeug/autokatalog/marken-modelle/audi/a2/8z/991376/,Breite (inkl. Außenspiegel),1890 mm
AUDI,A,A2 8Z,2000,2003,Audi A2 1.4 (02/00 - 07/02),ICE,https://www.adac.de/rund-ums-fahrzeug/autokatalog/marken-modelle/audi/a2/8z/991376/,Bremsassistent,Serie
AUDI,A,A2 8Z,2000,2003,Audi A2 1.4 (02/00 - 07/02),ICE,https://www.adac.de/rund-ums-fahrzeug/autokatalog/marken-modelle/audi/a2/8z/991376/,Bremsassistent - Bezeichnung,Hydraulischer Bremsassistent
AUDI,A,A2 8Z,2000,2003,Audi A2 1.4 (02/00 - 07/02),ICE,https://www.adac.de/rund-ums-fahrzeug/autokatalog/marken-modelle/audi/a2/8z/991376/,Bremse hinten,Trommel
AUDI,A,A2 8Z,2000,2003,Audi A2 1.4 (02/00 - 07/02),ICE,https://www.adac.de/rund-ums-fahrzeug/autokatalog/marken-modelle/audi/a2/8z/991376/,Bremse vorne,Scheibe
AUDI,A,A2 8Z,2000,2003,Audi A2 1.4 (02/00 - 07/02),ICE,https://www.adac.de/rund-ums-fahrzeug/autokatalog/marken-modelle/audi/a2/8z/991376/,CO2-Effizienzklasse,F
AUDI,A,A2 8Z,2000,2003,Audi A2 1.4 (02/00 - 07/02),ICE,https://www.adac.de/rund-ums-fahrzeug/autokatalog/marken-modelle/audi/a2/8z/991376/,CO2-Wert (NEFZ),142 g/km
AUDI,A,A2 8Z,2000,2003,Audi A2 1.4 (02/00 - 07/02),ICE,https://www.adac.de/rund-ums-fahrzeug/autokatalog/marken-modelle/audi/a2/8z/991376/,Dachlast,40 kg
AUDI,A,A2 8Z,2000,2003,Audi A2 1.4 (02/00 - 07/02),ICE,https://www.adac.de/rund-ums-fahrzeug/autokatalog/marken-modelle/audi/a2/8z/991376/,Dauer,keine Angaben
AUDI,A,A2 8Z,2000,2003,Audi A2 1.4 (02/00 - 07/02),ICE,https://www.adac.de/rund-ums-fahrzeug/autokatalog/marken-modelle/audi/a2/8z/991376/,Drehmoment (Systemleistung),126 Nm
AUDI,A,A2 8Z,2000,2003,Audi A2 1.4 (02/00 - 07/02),ICE,https://www.adac.de/rund-ums-fahrzeug/autokatalog/marken-modelle/audi/a2/8z/991376/,Drehmoment maximal bei U/min. (Verbrennungsmotor),3800 U/min
AUDI,A,A2 8Z,2000,2003,Audi A2 1.4 (02/00 - 07/02),ICE,https://www.adac.de/rund-ums-fahrzeug/autokatalog/marken-modelle/audi/a2/8z/991376/,Durchrostung,12 Jahre
AUDI,A,A2 8Z,2000,2003,Audi A2 1.4 (02/00 - 07/02),ICE,https://www.adac.de/rund-ums-fahrzeug/autokatalog/marken-modelle/audi/a2/8z/991376/,Einbauposition / Motorbauart (Verbrennungsmotor),Frontmotor / Reihe
AUDI,A,A2 8Z,2000,2003,Audi A2 1.4 (02/00 - 07/02),ICE,https://www.adac.de/rund-ums-fahrzeug/autokatalog/marken-modelle/audi/a2/8z/991376/,Einparkhilfe,320 Euro
AUDI,A,A2 8Z,2000,2003,Audi A2 1.4 (02/00 - 07/02),ICE,https://www.adac.de/rund-ums-fahrzeug/autokatalog/marken-modelle/audi/a2/8z/991376/,Einparkhilfe - Bezeichnung,hinten
AUDI,A,A2 8Z,2000,2003,Audi A2 1.4 (02/00 - 07/02),ICE,https://www.adac.de/rund-ums-fahrzeug/autokatalog/marken-modelle/audi/a2/8z/991376/,Fahrdynamikregelung,Serie
AUDI,A,A2 8Z,2000,2003,Audi A2 1.4 (02/00 - 07/02),ICE,https://www.adac.de/rund-ums-fahrzeug/autokatalog/marken-modelle/audi/a2/8z/991376/,Fahrdynamikregelung - Bezeichnung,Elektronisches Stabilitätsprogramm
AUDI,A,A2 8Z,2000,2003,Audi A2 1.4 (02/00 - 07/02),ICE,https://www.adac.de/rund-ums-fahrzeug/autokatalog/marken-modelle/audi/a2/8z/991376/,Fahreigenschaften,"2,0"
AUDI,A,A2 8Z,2000,2003,Audi A2 1.4 (02/00 - 07/02),ICE,https://www.adac.de/rund-ums-fahrzeug/autokatalog/marken-modelle/audi/a2/8z/991376/,Fahrzeugklasse,Kleinwagen (z.B. Polo)
AUDI,A,A2 8Z,2000,2003,Audi A2 1.4 (02/00 - 07/02),ICE,https://www.adac.de/rund-ums-fahrzeug/autokatalog/marken-modelle/audi/a2/8z/991376/,Federung hinten,Schraube
AUDI,A,A2 8Z,2000,2003,Audi A2 1.4 (02/00 - 07/02),ICE,https://www.adac.de/rund-ums-fahrzeug/autokatalog/marken-modelle/audi/a2/8z/991376/,Federung vorne,Schraube
AUDI,A,A2 8Z,2000,2003,Audi A2 1.4 (02/00 - 07/02),ICE,https://www.adac.de/rund-ums-fahrzeug/autokatalog/marken-modelle/audi/a2/8z/991376/,Fensterheber elektr. hinten,240 Euro
AUDI,A,A2 8Z,2000,2003,Audi A2 1.4 (02/00 - 07/02),ICE,https://www.adac.de/rund-ums-fahrzeug/autokatalog/marken-modelle/audi/a2/8z/991376/,Fensterheber elektr. vorne,Serie
AUDI,A,A2 8Z,2000,2003,Audi A2 1.4 (02/00 - 07/02),ICE,https://www.adac.de/rund-ums-fahrzeug/autokatalog/marken-modelle/audi/a2/8z/991376/,Fixkosten,79 €
AUDI,A,A2 8Z,2000,2003,Audi A2 1.4 (02/00 - 07/02),ICE,https://www.adac.de/rund-ums-fahrzeug/autokatalog/marken-modelle/audi/a2/8z/991376/,Garantie (Fahrzeug),keine / ab EZ 01/05: 2 Jahre
AUDI,A,A2 8Z,2000,2003,Audi A2 1.4 (02/00 - 07/02),ICE,https://www.adac.de/rund-ums-fahrzeug/autokatalog/marken-modelle/audi/a2/8z/991376/,Gemischaufbereitung (Verbrennungsmotor),Einspritzung
AUDI,A,A2 8Z,2000,2003,Audi A2 1.4 (02/00 - 07/02),ICE,https://www.adac.de/rund-ums-fahrzeug/autokatalog/marken-modelle/audi/a2/8z/991376/,Getriebeart,Schaltgetriebe
AUDI,A,A2 8Z,2000,2003,Audi A2 1.4 (02/00 - 07/02),ICE,https://www.adac.de/rund-ums-fahrzeug/autokatalog/marken-modelle/audi/a2/8z/991376/,Grundpreis,16550 Euro
AUDI,A,A2 8Z,2000,2003,Audi A2 1.4 (02/00 - 07/02),ICE,https://www.adac.de/rund-ums-fahrzeug/autokatalog/marken-modelle/audi/a2/8z/991376/,HSN/TSN Schlüsselnummern,0588/734
AUDI,A,A2 8Z,2000,2003,Audi A2 1.4 (02/00 - 07/02),ICE,https://www.adac.de/rund-ums-fahrzeug/autokatalog/marken-modelle/audi/a2/8z/991376/,Haftpflichtbeitrag 100%,902 €
AUDI,A,A2 8Z,2000,2003,Audi A2 1.4 (02/00 - 07/02),ICE,https://www.adac.de/rund-ums-fahrzeug/autokatalog/marken-modelle/audi/a2/8z/991376/,Halterbenachrichtigung durch,keine Angaben
AUDI,A,A2 8Z,2000,2003,Audi A2 1.4 (02/00 - 07/02),ICE,https://www.adac.de/rund-ums-fahrzeug/autokatalog/marken-modelle/audi/a2/8z/991376/,Herstellerinterne Baureihenbezeichnung,8Z
AUDI,A,A2 8Z,2000,2003,Audi A2 1.4 (02/00 - 07/02),ICE,https://www.adac.de/rund-ums-fahrzeug/autokatalog/marken-modelle/audi/a2/8z/991376/,Hubraum,1390
AUDI,A,A2 8Z,2000,2003,Audi A2 1.4 (02/00 - 07/02),ICE,https://www.adac.de/rund-ums-fahrzeug/autokatalog/marken-modelle/audi/a2/8z/991376/,Hubraum (Verbrennungsmotor),1390 ccm
AUDI,A,A2 8Z,2000,2003,Audi A2 1.4 (02/00 - 07/02),ICE,https://www.adac.de/rund-ums-fahrzeug/autokatalog/marken-modelle/audi/a2/8z/991376/,Höchstgeschwindigkeit,173 km/h
AUDI,A,A2 8Z,2000,2003,Audi A2 1.4 (02/00 - 07/02),ICE,https://www.adac.de/rund-ums-fahrzeug/autokatalog/marken-modelle/audi/a2/8z/991376/,Höhe,1553 mm
AUDI,A,A2 8Z,2000,2003,Audi A2 1.4 (02/00 - 07/02),ICE,https://www.adac.de/rund-ums-fahrzeug/autokatalog/marken-modelle/audi/a2/8z/991376/,Innenraum,"2,7"
AUDI,A,A2 8Z,2000,2003,Audi A2 1.4 (02/00 - 07/02),ICE,https://www.adac.de/rund-ums-fahrzeug/autokatalog/marken-modelle/audi/a2/8z/991376/,Isofix,Serie
AUDI,A,A2 8Z,2000,2003,Audi A2 1.4 (02/00 - 07/02),ICE,https://www.adac.de/rund-ums-fahrzeug/autokatalog/marken-modelle/audi/a2/8z/991376/,Isofix - Bezeichnung,Nur hinten
AUDI,A,A2 8Z,2000,2003,Audi A2 1.4 (02/00 - 07/02),ICE,https://www.adac.de/rund-ums-fahrzeug/autokatalog/marken-modelle/audi/a2/8z/991376/,KFZ-Steuer ohne Befreiung/Jahr (kann durch WLTP abweichen),71 Euro
AUDI,A,A2 8Z,2000,2003,Audi A2 1.4 (02/00 - 07/02),ICE,https://www.adac.de/rund-ums-fahrzeug/autokatalog/marken-modelle/audi/a2/8z/991376/,KFZ-Steuer pro Jahr ohne Steuerbefreiung,71 €
AUDI,A,A2 8Z,2000,2003,Audi A2 1.4 (02/00 - 07/02),ICE,https://www.adac.de/rund-ums-fahrzeug/autokatalog/marken-modelle/audi/a2/8z/991376/,Karosserie,"2,8"
AUDI,A,A2 8Z,2000,2003,Audi A2 1.4 (02/00 - 07/02),ICE,https://www.adac.de/rund-ums-fahrzeug/autokatalog/marken-modelle/audi/a2/8z/991376/,Klassenübliche Ausstattung nach ADAC-Vorgabe,3935 Euro
AUDI,A,A2 8Z,2000,2003,Audi A2 1.4 (02/00 - 07/02),ICE,https://www.adac.de/rund-ums-fahrzeug/autokatalog/marken-modelle/audi/a2/8z/991376/,Klimaanlage,1300 Euro
AUDI,A,A2 8Z,2000,2003,Audi A2 1.4 (02/00 - 07/02),ICE,https://www.adac.de/rund-ums-fahrzeug/autokatalog/marken-modelle/audi/a2/8z/991376/,Km-Stand bei Mangel,92000
AUDI,A,A2 8Z,2000,2003,Audi A2 1.4 (02/00 - 07/02),ICE,https://www.adac.de/rund-ums-fahrzeug/autokatalog/marken-modelle/audi/a2/8z/991376/,Kofferraumvolumen dachhoch mit umgeklappter Rücksitzbank,1085 l
AUDI,A,A2 8Z,2000,2003,Audi A2 1.4 (02/00 - 07/02),ICE,https://www.adac.de/rund-ums-fahrzeug/autokatalog/marken-modelle/audi/a2/8z/991376/,Kofferraumvolumen normal,390 l
AUDI,A,A2 8Z,2000,2003,Audi A2 1.4 (02/00 - 07/02),ICE,https://www.adac.de/rund-ums-fahrzeug/autokatalog/marken-modelle/audi/a2/8z/991376/,Komfort,"2,5"
AUDI,A,A2 8Z,2000,2003,Audi A2 1.4 (02/00 - 07/02),ICE,https://www.adac.de/rund-ums-fahrzeug/autokatalog/marken-modelle/audi/a2/8z/991376/,Kopfairbag hinten,Paket
AUDI,A,A2 8Z,2000,2003,Audi A2 1.4 (02/00 - 07/02),ICE,https://www.adac.de/rund-ums-fahrzeug/autokatalog/marken-modelle/audi/a2/8z/991376/,Kopfairbag hinten - Bezeichnung,Windowbag
AUDI,A,A2 8Z,2000,2003,Audi A2 1.4 (02/00 - 07/02),ICE,https://www.adac.de/rund-ums-fahrzeug/autokatalog/marken-modelle/audi/a2/8z/991376/,Kopfairbag vorne,Paket
AUDI,A,A2 8Z,2000,2003,Audi A2 1.4 (02/00 - 07/02),ICE,https://www.adac.de/rund-ums-fahrzeug/autokatalog/marken-modelle/audi/a2/8z/991376/,Kopfairbag vorne - Bezeichnung,Windowbag
AUDI,A,A2 8Z,2000,2003,Audi A2 1.4 (02/00 - 07/02),ICE,https://www.adac.de/rund-ums-fahrzeug/autokatalog/marken-modelle/audi/a2/8z/991376/,Kopfstütze hinten Mitte,Aufpreis
AUDI,A,A2 8Z,2000,2003,Audi A2 1.4 (02/00 - 07/02),ICE,https://www.adac.de/rund-ums-fahrzeug/autokatalog/marken-modelle/audi/a2/8z/991376/,Kopfstützen hinten,Serie
AUDI,A,A2 8Z,2000,2003,Audi A2 1.4 (02/00 - 07/02),ICE,https://www.adac.de/rund-ums-fahrzeug/autokatalog/marken-modelle/audi/a2/8z/991376/,Kraftstoffart,Super
AUDI,A,A2 8Z,2000,2003,Audi A2 1.4 (02/00 - 07/02),ICE,https://www.adac.de/rund-ums-fahrzeug/autokatalog/marken-modelle/audi/a2/8z/991376/,Kulanz,Nein
AUDI,A,A2 8Z,2000,2003,Audi A2 1.4 (02/00 - 07/02),ICE,https://www.adac.de/rund-ums-fahrzeug/autokatalog/marken-modelle/audi/a2/8z/991376/,Lackgarantie,3 Jahre
AUDI,A,A2 8Z,2000,2003,Audi A2 1.4 (02/00 - 07/02),ICE,https://www.adac.de/rund-ums-fahrzeug/autokatalog/marken-modelle/audi/a2/8z/991376/,Lederausstattung,1135 Euro
AUDI,A,A2 8Z,2000,2003,Audi A2 1.4 (02/00 - 07/02),ICE,https://www.adac.de/rund-ums-fahrzeug/autokatalog/marken-modelle/audi/a2/8z/991376/,Leergewicht (EU),995 kg
AUDI,A,A2 8Z,2000,2003,Audi A2 1.4 (02/00 - 07/02),ICE,https://www.adac.de/rund-ums-fahrzeug/autokatalog/marken-modelle/audi/a2/8z/991376/,Leistung / Drehmoment (Verbrennungsmotor),55 kW (75 PS) / 126 Nm
AUDI,A,A2 8Z,2000,2003,Audi A2 1.4 (02/00 - 07/02),ICE,https://www.adac.de/rund-ums-fahrzeug/autokatalog/marken-modelle/audi/a2/8z/991376/,Leistung in kW,55
AUDI,A,A2 8Z,2000,2003,Audi A2 1.4 (02/00 - 07/02),ICE,https://www.adac.de/rund-ums-fahrzeug/autokatalog/marken-modelle/audi/a2/8z/991376/,Leistung maximal bei U/min. (Verbrennungsmotor),5000 U/min
AUDI,A,A2 8Z,2000,2003,Audi A2 1.4 (02/00 - 07/02),ICE,https://www.adac.de/rund-ums-fahrzeug/autokatalog/marken-modelle/audi/a2/8z/991376/,Leistung maximal in PS (Systemleistung),75
AUDI,A,A2 8Z,2000,2003,Audi A2 1.4 (02/00 - 07/02),ICE,https://www.adac.de/rund-ums-fahrzeug/autokatalog/marken-modelle/audi/a2/8z/991376/,Leistung maximal in kW (Systemleistung),55
AUDI,A,A2 8Z,2000,2003,Audi A2 1.4 (02/00 - 07/02),ICE,https://www.adac.de/rund-ums-fahrzeug/autokatalog/marken-modelle/audi/a2/8z/991376/,Länge,3826 mm
AUDI,A,A2 8Z,2000,2003,Audi A2 1.4 (02/00 - 07/02),ICE,https://www.adac.de/rund-ums-fahrzeug/autokatalog/marken-modelle/audi/a2/8z/991376/,Mangelbeschreibung,"Bei dem km stand 92000 sprang beim stehenden Auto der Zahnriemen ab und es gab Totalschaden.Bei der vorhergehenden Fahrt gab es keine elektronischen Hinweise oder Fahrauffälligkeiten. Die Verbraucherberatung meinte, ich soll recherchieren, ob das eine Sch"
AUDI,A,A2 8Z,2000,2003,Audi A2 1.4 (02/00 - 07/02),ICE,https://www.adac.de/rund-ums-fahrzeug/autokatalog/marken-modelle/audi/a2/8z/991376/,Marke,Audi
AUDI,A,A2 8Z,2000,2003,Audi A2 1.4 (02/00 - 07/02),ICE,https://www.adac.de/rund-ums-fahrzeug/autokatalog/marken-modelle/audi/a2/8z/991376/,Metallic-Lackierung,420 Euro
AUDI,A,A2 8Z,2000,2003,Audi A2 1.4 (02/00 - 07/02),ICE,https://www.adac.de/rund-ums-fahrzeug/autokatalog/marken-modelle/audi/a2/8z/991376/,Modell,A2 1.4
AUDI,A,A2 8Z,2000,2003,Audi A2 1.4 (02/00 - 07/02),ICE,https://www.adac.de/rund-ums-fahrzeug/autokatalog/marken-modelle/audi/a2/8z/991376/,Modellende,07/02
AUDI,A,A2 8Z,2000,2003,Audi A2 1.4 (02/00 - 07/02),ICE,https://www.adac.de/rund-ums-fahrzeug/autokatalog/marken-modelle/audi/a2/8z/991376/,Modellstart,02/00
AUDI,A,A2 8Z,2000,2003,Audi A2 1.4 (02/00 - 07/02),ICE,https://www.adac.de/rund-ums-fahrzeug/autokatalog/marken-modelle/audi/a2/8z/991376/,Motorart,Otto
AUDI,A,A2 8Z,2000,2003,Audi A2 1.4 (02/00 - 07/02),ICE,https://www.adac.de/rund-ums-fahrzeug/autokatalog/marken-modelle/audi/a2/8z/991376/,Motorcode,AUA
AUDI,A,A2 8Z,2000,2003,Audi A2 1.4 (02/00 - 07/02),ICE,https://www.adac.de/rund-ums-fahrzeug/autokatalog/marken-modelle/audi/a2/8z/991376/,Navigation,1480 Euro
AUDI,A,A2 8Z,2000,2003,Audi A2 1.4 (02/00 - 07/02),ICE,https://www.adac.de/rund-ums-fahrzeug/autokatalog/marken-modelle/audi/a2/8z/991376/,Navigation - Bezeichnung,Piktogrammdarstellung
AUDI,A,A2 8Z,2000,2003,Audi A2 1.4 (02/00 - 07/02),ICE,https://www.adac.de/rund-ums-fahrzeug/autokatalog/marken-modelle/audi/a2/8z/991376/,Nebelscheinwerfer,135 Euro
AUDI,A,A2 8Z,2000,2003,Audi A2 1.4 (02/00 - 07/02),ICE,https://www.adac.de/rund-ums-fahrzeug/autokatalog/marken-modelle/audi/a2/8z/991376/,Nockenwellensteuerung,Zahnriemen
AUDI,A,A2 8Z,2000,2003,Audi A2 1.4 (02/00 - 07/02),ICE,https://www.adac.de/rund-ums-fahrzeug/autokatalog/marken-modelle/audi/a2/8z/991376/,Radio,400 Euro
AUDI,A,A2 8Z,2000,2003,Audi A2 1.4 (02/00 - 07/02),ICE,https://www.adac.de/rund-ums-fahrzeug/autokatalog/marken-modelle/audi/a2/8z/991376/,Radio - Bezeichnung,Radio chorus mit Cassette
AUDI,A,A2 8Z,2000,2003,Audi A2 1.4 (02/00 - 07/02),ICE,https://www.adac.de/rund-ums-fahrzeug/autokatalog/marken-modelle/audi/a2/8z/991376/,Radstand,2405 mm
AUDI,A,A2 8Z,2000,2003,Audi A2 1.4 (02/00 - 07/02),ICE,https://www.adac.de/rund-ums-fahrzeug/autokatalog/marken-modelle/audi/a2/8z/991376/,Reifengröße,175/60R15V
AUDI,A,A2 8Z,2000,2003,Audi A2 1.4 (02/00 - 07/02),ICE,https://www.adac.de/rund-ums-fahrzeug/autokatalog/marken-modelle/audi/a2/8z/991376/,Reparatur,Nein
AUDI,A,A2 8Z,2000,2003,Audi A2 1.4 (02/00 - 07/02),ICE,https://www.adac.de/rund-ums-fahrzeug/autokatalog/marken-modelle/audi/a2/8z/991376/,Reparaturkosten,48000
AUDI,A,A2 8Z,2000,2003,Audi A2 1.4 (02/00 - 07/02),ICE,https://www.adac.de/rund-ums-fahrzeug/autokatalog/marken-modelle/audi/a2/8z/991376/,Rückrufdatum,Dezember 2000
AUDI,A,A2 8Z,2000,2003,Audi A2 1.4 (02/00 - 07/02),ICE,https://www.adac.de/rund-ums-fahrzeug/autokatalog/marken-modelle/audi/a2/8z/991376/,Rücksitzbank umklappbar,Serie
AUDI,A,A2 8Z,2000,2003,Audi A2 1.4 (02/00 - 07/02),ICE,https://www.adac.de/rund-ums-fahrzeug/autokatalog/marken-modelle/audi/a2/8z/991376/,Schadstoffklasse,Euro 3
AUDI,A,A2 8Z,2000,2003,Audi A2 1.4 (02/00 - 07/02),ICE,https://www.adac.de/rund-ums-fahrzeug/autokatalog/marken-modelle/audi/a2/8z/991376/,Seitenairbag vorne,Serie
AUDI,A,A2 8Z,2000,2003,Audi A2 1.4 (02/00 - 07/02),ICE,https://www.adac.de/rund-ums-fahrzeug/autokatalog/marken-modelle/audi/a2/8z/991376/,Servolenkung,Serie
AUDI,A,A2 8Z,2000,2003,Audi A2 1.4 (02/00 - 07/02),ICE,https://www.adac.de/rund-ums-fahrzeug/autokatalog/marken-modelle/audi/a2/8z/991376/,Sicherheit,"2,2"
AUDI,A,A2 8Z,2000,2003,Audi A2 1.4 (02/00 - 07/02),ICE,https://www.adac.de/rund-ums-fahrzeug/autokatalog/marken-modelle/audi/a2/8z/991376/,Sitzanzahl,4
AUDI,A,A2 8Z,2000,2003,Audi A2 1.4 (02/00 - 07/02),ICE,https://www.adac.de/rund-ums-fahrzeug/autokatalog/marken-modelle/audi/a2/8z/991376/,Sitzanzahl maximal,5
AUDI,A,A2 8Z,2000,2003,Audi A2 1.4 (02/00 - 07/02),ICE,https://www.adac.de/rund-ums-fahrzeug/autokatalog/marken-modelle/audi/a2/8z/991376/,Tankgröße,"34,0 l"
AUDI,A,A2 8Z,2000,2003,Audi A2 1.4 (02/00 - 07/02),ICE,https://www.adac.de/rund-ums-fahrzeug/autokatalog/marken-modelle/audi/a2/8z/991376/,Teilkaskobeitrag 150 € SB,292 €
AUDI,A,A2 8Z,2000,2003,Audi A2 1.4 (02/00 - 07/02),ICE,https://www.adac.de/rund-ums-fahrzeug/autokatalog/marken-modelle/audi/a2/8z/991376/,Typklassen (KH/VK/TK),12/10/15
AUDI,A,A2 8Z,2000,2003,Audi A2 1.4 (02/00 - 07/02),ICE,https://www.adac.de/rund-ums-fahrzeug/autokatalog/marken-modelle/audi/a2/8z/991376/,Türanzahl,5
AUDI,A,A2 8Z,2000,2003,Audi A2 1.4 (02/00 - 07/02),ICE,https://www.adac.de/rund-ums-fahrzeug/autokatalog/marken-modelle/audi/a2/8z/991376/,Umwelt,"1,7"
AUDI,A,A2 8Z,2000,2003,Audi A2 1.4 (02/00 - 07/02),ICE,https://www.adac.de/rund-ums-fahrzeug/autokatalog/marken-modelle/audi/a2/8z/991376/,Variante,keine Angaben
AUDI,A,A2 8Z,2000,2003,Audi A2 1.4 (02/00 - 07/02),ICE,https://www.adac.de/rund-ums-fahrzeug/autokatalog/marken-modelle/audi/a2/8z/991376/,Verbrauch Außerorts (NEFZ),"4,6 l/100 km"
AUDI,A,A2 8Z,2000,2003,Audi A2 1.4 (02/00 - 07/02),ICE,https://www.adac.de/rund-ums-fahrzeug/autokatalog/marken-modelle/audi/a2/8z/991376/,Verbrauch Gesamt (NEFZ),"5,9 l/100 km"
AUDI,A,A2 8Z,2000,2003,Audi A2 1.4 (02/00 - 07/02),ICE,https://www.adac.de/rund-ums-fahrzeug/autokatalog/marken-modelle/audi/a2/8z/991376/,Verbrauch Innerorts (NEFZ),"8,1 l/100 km"
AUDI,A,A2 8Z,2000,2003,Audi A2 1.4 (02/00 - 07/02),ICE,https://www.adac.de/rund-ums-fahrzeug/autokatalog/marken-modelle/audi/a2/8z/991376/,Vollkaskobetrag 100% 500 € SB,472 €
AUDI,A,A2 8Z,2000,2003,Audi A2 1.4 (02/00 - 07/02),ICE,https://www.adac.de/rund-ums-fahrzeug/autokatalog/marken-modelle/audi/a2/8z/991376/,Wendekreis,"10,5 m"
AUDI,A,A2 8Z,2000,2003,Audi A2 1.4 (02/00 - 07/02),ICE,https://www.adac.de/rund-ums-fahrzeug/autokatalog/marken-modelle/audi/a2/8z/991376/,Werkstattkosten,90 €
AUDI,A,A2 8Z,2000,2003,Audi A2 1.4 (02/00 - 07/02),ICE,https://www.adac.de/rund-ums-fahrzeug/autokatalog/marken-modelle/audi/a2/8z/991376/,Wertverlust,32 €
AUDI,A,A2 8Z,2000,2003,Audi A2 1.4 (02/00 - 07/02),ICE,https://www.adac.de/rund-ums-fahrzeug/autokatalog/marken-modelle/audi/a2/8z/991376/,Zentralverriegelung,Serie
AUDI,A,A2 8Z,2000,2003,Audi A2 1.4 (02/00 - 07/02),ICE,https://www.adac.de/rund-ums-fahrzeug/autokatalog/marken-modelle/audi/a2/8z/991376/,Zul. Gesamtgewicht,1435 kg
AUDI,A,A2 8Z,2000,2003,Audi A2 1.4 (02/00 - 07/02),ICE,https://www.adac.de/rund-ums-fahrzeug/autokatalog/marken-modelle/audi/a2/8z/991376/,Zuladung,440 kg
AUDI,A,A2 8Z,2000,2003,Audi A2 1.4 (02/00 - 07/02),ICE,https://www.adac.de/rund-ums-fahrzeug/autokatalog/marken-modelle/audi/a2/8z/991376/,Zusätzliche Garantien,"Mobilitätsgarantie: 2 Jahre europaweit, erweiterbar auf lebenslang unter Einhaltung aller Inspektionen;"
AUDI,A,A2 8Z,2000,2003,Audi A2 1.4 (02/00 - 07/02),ICE,https://www.adac.de/rund-ums-fahrzeug/autokatalog/marken-modelle/audi/a2/8z/991376/,Zusätzliche Information,Eine fehlende Abdeckung der Anlasserverkabelung kann im Crashfall zu einem Schwelbrand führen.
AUDI,A,A2 8Z,2000,2003,Audi A2 1.4 (07/02 - 09/03),ICE,https://www.adac.de/rund-ums-fahrzeug/autokatalog/marken-modelle/audi/a2/8z/336943/,3-Punkt-Gurt hinten Mitte,Aufpreis
AUDI,A,A2 8Z,2000,2003,Audi A2 1.4 (07/02 - 09/03),ICE,https://www.adac.de/rund-ums-fahrzeug/autokatalog/marken-modelle/audi/a2/8z/336943/,3-Punkt-Gurt hinten Mitte - Bezeichnung,3-Punkt Gurt
AUDI,A,A2 8Z,2000,2003,Audi A2 1.4 (07/02 - 09/03),ICE,https://www.adac.de/rund-ums-fahrzeug/autokatalog/marken-modelle/audi/a2/8z/336943/,ABS,Serie
AUDI,A,A2 8Z,2000,2003,Audi A2 1.4 (07/02 - 09/03),ICE,https://www.adac.de/rund-ums-fahrzeug/autokatalog/marken-modelle/audi/a2/8z/336943/,Abgasreinigung (Verbrennungsmotor),geregelt
AUDI,A,A2 8Z,2000,2003,Audi A2 1.4 (07/02 - 09/03),ICE,https://www.adac.de/rund-ums-fahrzeug/autokatalog/marken-modelle/audi/a2/8z/336943/,Airbag Beifahrer,Serie
AUDI,A,A2 8Z,2000,2003,Audi A2 1.4 (07/02 - 09/03),ICE,https://www.adac.de/rund-ums-fahrzeug/autokatalog/marken-modelle/audi/a2/8z/336943/,Airbag Deaktivierung,Paket
AUDI,A,A2 8Z,2000,2003,Audi A2 1.4 (07/02 - 09/03),ICE,https://www.adac.de/rund-ums-fahrzeug/autokatalog/marken-modelle/audi/a2/8z/336943/,Airbag Deaktivierung - Bezeichnung,Schlüsselschalter
AUDI,A,A2 8Z,2000,2003,Audi A2 1.4 (07/02 - 09/03),ICE,https://www.adac.de/rund-ums-fahrzeug/autokatalog/marken-modelle/audi/a2/8z/336943/,Airbag Fahrer,Serie
AUDI,A,A2 8Z,2000,2003,Audi A2 1.4 (07/02 - 09/03),ICE,https://www.adac.de/rund-ums-fahrzeug/autokatalog/marken-modelle/audi/a2/8z/336943/,Alufelgen,260 Euro
AUDI,A,A2 8Z,2000,2003,Audi A2 1.4 (07/02 - 09/03),ICE,https://www.adac.de/rund-ums-fahrzeug/autokatalog/marken-modelle/audi/a2/8z/336943/,Anhängelast gebremst 12%,1000 kg
AUDI,A,A2 8Z,2000,2003,Audi A2 1.4 (07/02 - 09/03),ICE,https://www.adac.de/rund-ums-fahrzeug/autokatalog/marken-modelle/audi/a2/8z/336943/,Anhängelast ungebremst,490 kg
AUDI,A,A2 8Z,2000,2003,Audi A2 1.4 (07/02 - 09/03),ICE,https://www.adac.de/rund-ums-fahrzeug/autokatalog/marken-modelle/audi/a2/8z/336943/,Anhängerkupplung,660 Euro
AUDI,A,A2 8Z,2000,2003,Audi A2 1.4 (07/02 - 09/03),ICE,https://www.adac.de/rund-ums-fahrzeug/autokatalog/marken-modelle/audi/a2/8z/336943/,Anlass,Fehlende Abdeckung
AUDI,A,A2 8Z,2000,2003,Audi A2 1.4 (07/02 - 09/03),ICE,https://www.adac.de/rund-ums-fahrzeug/autokatalog/marken-modelle/audi/a2/8z/336943/,Antriebsart,Vorderrad
AUDI,A,A2 8Z,2000,2003,Audi A2 1.4 (07/02 - 09/03),ICE,https://www.adac.de/rund-ums-fahrzeug/autokatalog/marken-modelle/audi/a2/8z/336943/,Antriebsschlupfregelung,Serie
AUDI,A,A2 8Z,2000,2003,Audi A2 1.4 (07/02 - 09/03),ICE,https://www.adac.de/rund-ums-fahrzeug/autokatalog/marken-modelle/audi/a2/8z/336943/,Antriebsschlupfregelung - Bezeichnung,Antriebsschlupfregelung
AUDI,A,A2 8Z,2000,2003,Audi A2 1.4 (07/02 - 09/03),ICE,https://www.adac.de/rund-ums-fahrzeug/autokatalog/marken-modelle/audi/a2/8z/336943/,Anzahl Gänge,5
AUDI,A,A2 8Z,2000,2003,Audi A2 1.4 (07/02 - 09/03),ICE,https://www.adac.de/rund-ums-fahrzeug/autokatalog/marken-modelle/audi/a2/8z/336943/,Anzahl Ventile (Verbrennungsmotor),4
AUDI,A,A2 8Z,2000,2003,Audi A2 1.4 (07/02 - 09/03),ICE,https://www.adac.de/rund-ums-fahrzeug/autokatalog/marken-modelle/audi/a2/8z/336943/,Anzahl Zylinder (Verbrennungsmotor),4
AUDI,A,A2 8Z,2000,2003,Audi A2 1.4 (07/02 - 09/03),ICE,https://www.adac.de/rund-ums-fahrzeug/autokatalog/marken-modelle/audi/a2/8z/336943/,Anzahl betroffener Fahrzeuge,10.557 (Deutschland)
AUDI,A,A2 8Z,2000,2003,Audi A2 1.4 (07/02 - 09/03),ICE,https://www.adac.de/rund-ums-fahrzeug/autokatalog/marken-modelle/audi/a2/8z/336943/,Baureihe,A2 (8Z) (02/00 - 09/03)
AUDI,A,A2 8Z,2000,2003,Audi A2 1.4 (07/02 - 09/03),ICE,https://www.adac.de/rund-ums-fahrzeug/autokatalog/marken-modelle/audi/a2/8z/336943/,Baureihenende,09/03
AUDI,A,A2 8Z,2000,2003,Audi A2 1.4 (07/02 - 09/03),ICE,https://www.adac.de/rund-ums-fahrzeug/autokatalog/marken-modelle/audi/a2/8z/336943/,Baureihenstart,02/00
AUDI,A,A2 8Z,2000,2003,Audi A2 1.4 (07/02 - 09/03),ICE,https://www.adac.de/rund-ums-fahrzeug/autokatalog/marken-modelle/audi/a2/8z/336943/,Bauzeitraum betroffener Fahrzeuge,nicht bekannt
AUDI,A,A2 8Z,2000,2003,Audi A2 1.4 (07/02 - 09/03),ICE,https://www.adac.de/rund-ums-fahrzeug/autokatalog/marken-modelle/audi/a2/8z/336943/,Beschleunigung 0-100km/h,"12,3 s"
AUDI,A,A2 8Z,2000,2003,Audi A2 1.4 (07/02 - 09/03),ICE,https://www.adac.de/rund-ums-fahrzeug/autokatalog/marken-modelle/audi/a2/8z/336943/,Betriebskosten,186 €
AUDI,A,A2 8Z,2000,2003,Audi A2 1.4 (07/02 - 09/03),ICE,https://www.adac.de/rund-ums-fahrzeug/autokatalog/marken-modelle/audi/a2/8z/336943/,Betroffene Modelle,A28Z (02/00 - 09/03)
AUDI,A,A2 8Z,2000,2003,Audi A2 1.4 (07/02 - 09/03),ICE,https://www.adac.de/rund-ums-fahrzeug/autokatalog/marken-modelle/audi/a2/8z/336943/,Breite,1673 mm
AUDI,A,A2 8Z,2000,2003,Audi A2 1.4 (07/02 - 09/03),ICE,https://www.adac.de/rund-ums-fahrzeug/autokatalog/marken-modelle/audi/a2/8z/336943/,Breite (inkl. Außenspiegel),1890 mm
AUDI,A,A2 8Z,2000,2003,Audi A2 1.4 (07/02 - 09/03),ICE,https://www.adac.de/rund-ums-fahrzeug/autokatalog/marken-modelle/audi/a2/8z/336943/,Bremsassistent,Serie
AUDI,A,A2 8Z,2000,2003,Audi A2 1.4 (07/02 - 09/03),ICE,https://www.adac.de/rund-ums-fahrzeug/autokatalog/marken-modelle/audi/a2/8z/336943/,Bremsassistent - Bezeichnung,Hydraulischer Bremsassistent
AUDI,A,A2 8Z,2000,2003,Audi A2 1.4 (07/02 - 09/03),ICE,https://www.adac.de/rund-ums-fahrzeug/autokatalog/marken-modelle/audi/a2/8z/336943/,Bremse hinten,Trommel
AUDI,A,A2 8Z,2000,2003,Audi A2 1.4 (07/02 - 09/03),ICE,https://www.adac.de/rund-ums-fahrzeug/autokatalog/marken-modelle/audi/a2/8z/336943/,Bremse vorne,Scheibe
AUDI,A,A2 8Z,2000,2003,Audi A2 1.4 (07/02 - 09/03),ICE,https://www.adac.de/rund-ums-fahrzeug/autokatalog/marken-modelle/audi/a2/8z/336943/,CO2-Wert (NEFZ),142 g/km
AUDI,A,A2 8Z,2000,2003,Audi A2 1.4 (07/02 - 09/03),ICE,https://www.adac.de/rund-ums-fahrzeug/autokatalog/marken-modelle/audi/a2/8z/336943/,Dachlast,40 kg
AUDI,A,A2 8Z,2000,2003,Audi A2 1.4 (07/02 - 09/03),ICE,https://www.adac.de/rund-ums-fahrzeug/autokatalog/marken-modelle/audi/a2/8z/336943/,Dauer,keine Angaben
AUDI,A,A2 8Z,2000,2003,Audi A2 1.4 (07/02 - 09/03),ICE,https://www.adac.de/rund-ums-fahrzeug/autokatalog/marken-modelle/audi/a2/8z/336943/,Drehmoment (Systemleistung),126 Nm
AUDI,A,A2 8Z,2000,2003,Audi A2 1.4 (07/02 - 09/03),ICE,https://www.adac.de/rund-ums-fahrzeug/autokatalog/marken-modelle/audi/a2/8z/336943/,Drehmoment maximal bei U/min. (Verbrennungsmotor),3800 U/min
AUDI,A,A2 8Z,2000,2003,Audi A2 1.4 (07/02 - 09/03),ICE,https://www.adac.de/rund-ums-fahrzeug/autokatalog/marken-modelle/audi/a2/8z/336943/,Durchrostung,12 Jahre
AUDI,A,A2 8Z,2000,2003,Audi A2 1.4 (07/02 - 09/03),ICE,https://www.adac.de/rund-ums-fahrzeug/autokatalog/marken-modelle/audi/a2/8z/336943/,Einbauposition / Motorbauart (Verbrennungsmotor),Frontmotor / Reihe
AUDI,A,A2 8Z,2000,2003,Audi A2 1.4 (07/02 - 09/03),ICE,https://www.adac.de/rund-ums-fahrzeug/autokatalog/marken-modelle/audi/a2/8z/336943/,Einparkhilfe,320 Euro
AUDI,A,A2 8Z,2000,2003,Audi A2 1.4 (07/02 - 09/03),ICE,https://www.adac.de/rund-ums-fahrzeug/autokatalog/marken-modelle/audi/a2/8z/336943/,Einparkhilfe - Bezeichnung,hinten
AUDI,A,A2 8Z,2000,2003,Audi A2 1.4 (07/02 - 09/03),ICE,https://www.adac.de/rund-ums-fahrzeug/autokatalog/marken-modelle/audi/a2/8z/336943/,Fahrdynamikregelung,Serie
AUDI,A,A2 8Z,2000,2003,Audi A2 1.4 (07/02 - 09/03),ICE,https://www.adac.de/rund-ums-fahrzeug/autokatalog/marken-modelle/audi/a2/8z/336943/,Fahrdynamikregelung - Bezeichnung,Elektronisches Stabilitätsprogramm
AUDI,A,A2 8Z,2000,2003,Audi A2 1.4 (07/02 - 09/03),ICE,https://www.adac.de/rund-ums-fahrzeug/autokatalog/marken-modelle/audi/a2/8z/336943/,Fahrzeugklasse,Kleinwagen (z.B. Polo)
AUDI,A,A2 8Z,2000,2003,Audi A2 1.4 (07/02 - 09/03),ICE,https://www.adac.de/rund-ums-fahrzeug/autokatalog/marken-modelle/audi/a2/8z/336943/,Federung hinten,Schraube
AUDI,A,A2 8Z,2000,2003,Audi A2 1.4 (07/02 - 09/03),ICE,https://www.adac.de/rund-ums-fahrzeug/autokatalog/marken-modelle/audi/a2/8z/336943/,Federung vorne,Schraube
AUDI,A,A2 8Z,2000,2003,Audi A2 1.4 (07/02 - 09/03),ICE,https://www.adac.de/rund-ums-fahrzeug/autokatalog/marken-modelle/audi/a2/8z/336943/,Fensterheber elektr. hinten,240 Euro
AUDI,A,A2 8Z,2000,2003,Audi A2 1.4 (07/02 - 09/03),ICE,https://www.adac.de/rund-ums-fahrzeug/autokatalog/marken-modelle/audi/a2/8z/336943/,Fensterheber elektr. vorne,Serie
AUDI,A,A2 8Z,2000,2003,Audi A2 1.4 (07/02 - 09/03),ICE,https://www.adac.de/rund-ums-fahrzeug/autokatalog/marken-modelle/audi/a2/8z/336943/,Fixkosten,79 €
AUDI,A,A2 8Z,2000,2003,Audi A2 1.4 (07/02 - 09/03),ICE,https://www.adac.de/rund-ums-fahrzeug/autokatalog/marken-modelle/audi/a2/8z/336943/,Garantie (Fahrzeug),keine / ab EZ 01/05: 2 Jahre
AUDI,A,A2 8Z,2000,2003,Audi A2 1.4 (07/02 - 09/03),ICE,https://www.adac.de/rund-ums-fahrzeug/autokatalog/marken-modelle/audi/a2/8z/336943/,Gemischaufbereitung (Verbrennungsmotor),Einspritzung
AUDI,A,A2 8Z,2000,2003,Audi A2 1.4 (07/02 - 09/03),ICE,https://www.adac.de/rund-ums-fahrzeug/autokatalog/marken-modelle/audi/a2/8z/336943/,Getriebeart,Schaltgetriebe
AUDI,A,A2 8Z,2000,2003,Audi A2 1.4 (07/02 - 09/03),ICE,https://www.adac.de/rund-ums-fahrzeug/autokatalog/marken-modelle/audi/a2/8z/336943/,Grundpreis,16550 Euro
AUDI,A,A2 8Z,2000,2003,Audi A2 1.4 (07/02 - 09/03),ICE,https://www.adac.de/rund-ums-fahrzeug/autokatalog/marken-modelle/audi/a2/8z/336943/,HSN/TSN Schlüsselnummern,0588/734
AUDI,A,A2 8Z,2000,2003,Audi A2 1.4 (07/02 - 09/03),ICE,https://www.adac.de/rund-ums-fahrzeug/autokatalog/marken-modelle/audi/a2/8z/336943/,Haftpflichtbeitrag 100%,902 €
AUDI,A,A2 8Z,2000,2003,Audi A2 1.4 (07/02 - 09/03),ICE,https://www.adac.de/rund-ums-fahrzeug/autokatalog/marken-modelle/audi/a2/8z/336943/,Halterbenachrichtigung durch,keine Angaben
AUDI,A,A2 8Z,2000,2003,Audi A2 1.4 (07/02 - 09/03),ICE,https://www.adac.de/rund-ums-fahrzeug/autokatalog/marken-modelle/audi/a2/8z/336943/,Herstellerinterne Baureihenbezeichnung,8Z
AUDI,A,A2 8Z,2000,2003,Audi A2 1.4 (07/02 - 09/03),ICE,https://www.adac.de/rund-ums-fahrzeug/autokatalog/marken-modelle/audi/a2/8z/336943/,Hubraum (Verbrennungsmotor),1390 ccm
AUDI,A,A2 8Z,2000,2003,Audi A2 1.4 (07/02 - 09/03),ICE,https://www.adac.de/rund-ums-fahrzeug/autokatalog/marken-modelle/audi/a2/8z/336943/,Höchstgeschwindigkeit,173 km/h
AUDI,A,A2 8Z,2000,2003,Audi A2 1.4 (07/02 - 09/03),ICE,https://www.adac.de/rund-ums-fahrzeug/autokatalog/marken-modelle/audi/a2/8z/336943/,Höhe,1553 mm
AUDI,A,A2 8Z,2000,2003,Audi A2 1.4 (07/02 - 09/03),ICE,https://www.adac.de/rund-ums-fahrzeug/autokatalog/marken-modelle/audi/a2/8z/336943/,Isofix,Serie
AUDI,A,A2 8Z,2000,2003,Audi A2 1.4 (07/02 - 09/03),ICE,https://www.adac.de/rund-ums-fahrzeug/autokatalog/marken-modelle/audi/a2/8z/336943/,Isofix - Bezeichnung,Nur hinten
AUDI,A,A2 8Z,2000,2003,Audi A2 1.4 (07/02 - 09/03),ICE,https://www.adac.de/rund-ums-fahrzeug/autokatalog/marken-modelle/audi/a2/8z/336943/,KFZ-Steuer ohne Befreiung/Jahr (kann durch WLTP abweichen),71 Euro
AUDI,A,A2 8Z,2000,2003,Audi A2 1.4 (07/02 - 09/03),ICE,https://www.adac.de/rund-ums-fahrzeug/autokatalog/marken-modelle/audi/a2/8z/336943/,KFZ-Steuer pro Jahr ohne Steuerbefreiung,71 €
AUDI,A,A2 8Z,2000,2003,Audi A2 1.4 (07/02 - 09/03),ICE,https://www.adac.de/rund-ums-fahrzeug/autokatalog/marken-modelle/audi/a2/8z/336943/,Karosserie,Schrägheck
AUDI,A,A2 8Z,2000,2003,Audi A2 1.4 (07/02 - 09/03),ICE,https://www.adac.de/rund-ums-fahrzeug/autokatalog/marken-modelle/audi/a2/8z/336943/,Klassenübliche Ausstattung nach ADAC-Vorgabe,k.A.
AUDI,A,A2 8Z,2000,2003,Audi A2 1.4 (07/02 - 09/03),ICE,https://www.adac.de/rund-ums-fahrzeug/autokatalog/marken-modelle/audi/a2/8z/336943/,Klimaanlage,1300 Euro
AUDI,A,A2 8Z,2000,2003,Audi A2 1.4 (07/02 - 09/03),ICE,https://www.adac.de/rund-ums-fahrzeug/autokatalog/marken-modelle/audi/a2/8z/336943/,Kofferraumvolumen dachhoch mit umgeklappter Rücksitzbank,1085 l
AUDI,A,A2 8Z,2000,2003,Audi A2 1.4 (07/02 - 09/03),ICE,https://www.adac.de/rund-ums-fahrzeug/autokatalog/marken-modelle/audi/a2/8z/336943/,Kofferraumvolumen normal,390 l
AUDI,A,A2 8Z,2000,2003,Audi A2 1.4 (07/02 - 09/03),ICE,https://www.adac.de/rund-ums-fahrzeug/autokatalog/marken-modelle/audi/a2/8z/336943/,Kopfairbag hinten,Paket
AUDI,A,A2 8Z,2000,2003,Audi A2 1.4 (07/02 - 09/03),ICE,https://www.adac.de/rund-ums-fahrzeug/autokatalog/marken-modelle/audi/a2/8z/336943/,Kopfairbag hinten - Bezeichnung,Windowbag
AUDI,A,A2 8Z,2000,2003,Audi A2 1.4 (07/02 - 09/03),ICE,https://www.adac.de/rund-ums-fahrzeug/autokatalog/marken-modelle/audi/a2/8z/336943/,Kopfairbag vorne,Paket
AUDI,A,A2 8Z,2000,2003,Audi A2 1.4 (07/02 - 09/03),ICE,https://www.adac.de/rund-ums-fahrzeug/autokatalog/marken-modelle/audi/a2/8z/336943/,Kopfairbag vorne - Bezeichnung,Windowbag
AUDI,A,A2 8Z,2000,2003,Audi A2 1.4 (07/02 - 09/03),ICE,https://www.adac.de/rund-ums-fahrzeug/autokatalog/marken-modelle/audi/a2/8z/336943/,Kopfstütze hinten Mitte,Aufpreis
AUDI,A,A2 8Z,2000,2003,Audi A2 1.4 (07/02 - 09/03),ICE,https://www.adac.de/rund-ums-fahrzeug/autokatalog/marken-modelle/audi/a2/8z/336943/,Kopfstützen hinten,Serie
AUDI,A,A2 8Z,2000,2003,Audi A2 1.4 (07/02 - 09/03),ICE,https://www.adac.de/rund-ums-fahrzeug/autokatalog/marken-modelle/audi/a2/8z/336943/,Kraftstoffart,Super
AUDI,A,A2 8Z,2000,2003,Audi A2 1.4 (07/02 - 09/03),ICE,https://www.adac.de/rund-ums-fahrzeug/autokatalog/marken-modelle/audi/a2/8z/336943/,Lackgarantie,3 Jahre
AUDI,A,A2 8Z,2000,2003,Audi A2 1.4 (07/02 - 09/03),ICE,https://www.adac.de/rund-ums-fahrzeug/autokatalog/marken-modelle/audi/a2/8z/336943/,Lederausstattung,1135 Euro
AUDI,A,A2 8Z,2000,2003,Audi A2 1.4 (07/02 - 09/03),ICE,https://www.adac.de/rund-ums-fahrzeug/autokatalog/marken-modelle/audi/a2/8z/336943/,Leergewicht (EU),995 kg
AUDI,A,A2 8Z,2000,2003,Audi A2 1.4 (07/02 - 09/03),ICE,https://www.adac.de/rund-ums-fahrzeug/autokatalog/marken-modelle/audi/a2/8z/336943/,Leistung / Drehmoment (Verbrennungsmotor),55 kW (75 PS) / 126 Nm
AUDI,A,A2 8Z,2000,2003,Audi A2 1.4 (07/02 - 09/03),ICE,https://www.adac.de/rund-ums-fahrzeug/autokatalog/marken-modelle/audi/a2/8z/336943/,Leistung maximal bei U/min. (Verbrennungsmotor),5000 U/min
AUDI,A,A2 8Z,2000,2003,Audi A2 1.4 (07/02 - 09/03),ICE,https://www.adac.de/rund-ums-fahrzeug/autokatalog/marken-modelle/audi/a2/8z/336943/,Leistung maximal in PS (Systemleistung),75
AUDI,A,A2 8Z,2000,2003,Audi A2 1.4 (07/02 - 09/03),ICE,https://www.adac.de/rund-ums-fahrzeug/autokatalog/marken-modelle/audi/a2/8z/336943/,Leistung maximal in kW (Systemleistung),55
AUDI,A,A2 8Z,2000,2003,Audi A2 1.4 (07/02 - 09/03),ICE,https://www.adac.de/rund-ums-fahrzeug/autokatalog/marken-modelle/audi/a2/8z/336943/,Länge,3826 mm
AUDI,A,A2 8Z,2000,2003,Audi A2 1.4 (07/02 - 09/03),ICE,https://www.adac.de/rund-ums-fahrzeug/autokatalog/marken-modelle/audi/a2/8z/336943/,Marke,Audi
AUDI,A,A2 8Z,2000,2003,Audi A2 1.4 (07/02 - 09/03),ICE,https://www.adac.de/rund-ums-fahrzeug/autokatalog/marken-modelle/audi/a2/8z/336943/,Metallic-Lackierung,420 Euro
AUDI,A,A2 8Z,2000,2003,Audi A2 1.4 (07/02 - 09/03),ICE,https://www.adac.de/rund-ums-fahrzeug/autokatalog/marken-modelle/audi/a2/8z/336943/,Modell,A2 1.4
AUDI,A,A2 8Z,2000,2003,Audi A2 1.4 (07/02 - 09/03),ICE,https://www.adac.de/rund-ums-fahrzeug/autokatalog/marken-modelle/audi/a2/8z/336943/,Modellende,09/03
AUDI,A,A2 8Z,2000,2003,Audi A2 1.4 (07/02 - 09/03),ICE,https://www.adac.de/rund-ums-fahrzeug/autokatalog/marken-modelle/audi/a2/8z/336943/,Modellstart,07/02
AUDI,A,A2 8Z,2000,2003,Audi A2 1.4 (07/02 - 09/03),ICE,https://www.adac.de/rund-ums-fahrzeug/autokatalog/marken-modelle/audi/a2/8z/336943/,Motorart,Otto
AUDI,A,A2 8Z,2000,2003,Audi A2 1.4 (07/02 - 09/03),ICE,https://www.adac.de/rund-ums-fahrzeug/autokatalog/marken-modelle/audi/a2/8z/336943/,Motorcode,AUA
AUDI,A,A2 8Z,2000,2003,Audi A2 1.4 (07/02 - 09/03),ICE,https://www.adac.de/rund-ums-fahrzeug/autokatalog/marken-modelle/audi/a2/8z/336943/,Navigation,1480 Euro
AUDI,A,A2 8Z,2000,2003,Audi A2 1.4 (07/02 - 09/03),ICE,https://www.adac.de/rund-ums-fahrzeug/autokatalog/marken-modelle/audi/a2/8z/336943/,Navigation - Bezeichnung,Piktogrammdarstellung
AUDI,A,A2 8Z,2000,2003,Audi A2 1.4 (07/02 - 09/03),ICE,https://www.adac.de/rund-ums-fahrzeug/autokatalog/marken-modelle/audi/a2/8z/336943/,Nebelscheinwerfer,135 Euro
AUDI,A,A2 8Z,2000,2003,Audi A2 1.4 (07/02 - 09/03),ICE,https://www.adac.de/rund-ums-fahrzeug/autokatalog/marken-modelle/audi/a2/8z/336943/,Nockenwellensteuerung,Zahnriemen
AUDI,A,A2 8Z,2000,2003,Audi A2 1.4 (07/02 - 09/03),ICE,https://www.adac.de/rund-ums-fahrzeug/autokatalog/marken-modelle/audi/a2/8z/336943/,Radio,400 Euro
AUDI,A,A2 8Z,2000,2003,Audi A2 1.4 (07/02 - 09/03),ICE,https://www.adac.de/rund-ums-fahrzeug/autokatalog/marken-modelle/audi/a2/8z/336943/,Radio - Bezeichnung,Radio chorus mit Cassette
AUDI,A,A2 8Z,2000,2003,Audi A2 1.4 (07/02 - 09/03),ICE,https://www.adac.de/rund-ums-fahrzeug/autokatalog/marken-modelle/audi/a2/8z/336943/,Radstand,2405 mm
AUDI,A,A2 8Z,2000,2003,Audi A2 1.4 (07/02 - 09/03),ICE,https://www.adac.de/rund-ums-fahrzeug/autokatalog/marken-modelle/audi/a2/8z/336943/,Reifengröße,175/60R15V
AUDI,A,A2 8Z,2000,2003,Audi A2 1.4 (07/02 - 09/03),ICE,https://www.adac.de/rund-ums-fahrzeug/autokatalog/marken-modelle/audi/a2/8z/336943/,Rückrufdatum,Dezember 2000
AUDI,A,A2 8Z,2000,2003,Audi A2 1.4 (07/02 - 09/03),ICE,https://www.adac.de/rund-ums-fahrzeug/autokatalog/marken-modelle/audi/a2/8z/336943/,Rücksitzbank umklappbar,Serie
AUDI,A,A2 8Z,2000,2003,Audi A2 1.4 (07/02 - 09/03),ICE,https://www.adac.de/rund-ums-fahrzeug/autokatalog/marken-modelle/audi/a2/8z/336943/,Schadstoffklasse,Euro 3
AUDI,A,A2 8Z,2000,2003,Audi A2 1.4 (07/02 - 09/03),ICE,https://www.adac.de/rund-ums-fahrzeug/autokatalog/marken-modelle/audi/a2/8z/336943/,Seitenairbag vorne,Serie
AUDI,A,A2 8Z,2000,2003,Audi A2 1.4 (07/02 - 09/03),ICE,https://www.adac.de/rund-ums-fahrzeug/autokatalog/marken-modelle/audi/a2/8z/336943/,Servolenkung,Serie
AUDI,A,A2 8Z,2000,2003,Audi A2 1.4 (07/02 - 09/03),ICE,https://www.adac.de/rund-ums-fahrzeug/autokatalog/marken-modelle/audi/a2/8z/336943/,Sitzanzahl,4
AUDI,A,A2 8Z,2000,2003,Audi A2 1.4 (07/02 - 09/03),ICE,https://www.adac.de/rund-ums-fahrzeug/autokatalog/marken-modelle/audi/a2/8z/336943/,Sitzanzahl maximal,5
AUDI,A,A2 8Z,2000,2003,Audi A2 1.4 (07/02 - 09/03),ICE,https://www.adac.de/rund-ums-fahrzeug/autokatalog/marken-modelle/audi/a2/8z/336943/,Tankgröße,"42,0 l"
AUDI,A,A2 8Z,2000,2003,Audi A2 1.4 (07/02 - 09/03),ICE,https://www.adac.de/rund-ums-fahrzeug/autokatalog/marken-modelle/audi/a2/8z/336943/,Teilkaskobeitrag 150 € SB,292 €
AUDI,A,A2 8Z,2000,2003,Audi A2 1.4 (07/02 - 09/03),ICE,https://www.adac.de/rund-ums-fahrzeug/autokatalog/marken-modelle/audi/a2/8z/336943/,Typklassen (KH/VK/TK),12/10/15
AUDI,A,A2 8Z,2000,2003,Audi A2 1.4 (07/02 - 09/03),ICE,https://www.adac.de/rund-ums-fahrzeug/autokatalog/marken-modelle/audi/a2/8z/336943/,Türanzahl,5
AUDI,A,A2 8Z,2000,2003,Audi A2 1.4 (07/02 - 09/03),ICE,https://www.adac.de/rund-ums-fahrzeug/autokatalog/marken-modelle/audi/a2/8z/336943/,Variante,keine Angaben
AUDI,A,A2 8Z,2000,2003,Audi A2 1.4 (07/02 - 09/03),ICE,https://www.adac.de/rund-ums-fahrzeug/autokatalog/marken-modelle/audi/a2/8z/336943/,Verbrauch Außerorts (NEFZ),"4,6 l/100 km"
AUDI,A,A2 8Z,2000,2003,Audi A2 1.4 (07/02 - 09/03),ICE,https://www.adac.de/rund-ums-fahrzeug/autokatalog/marken-modelle/audi/a2/8z/336943/,Verbrauch Gesamt (NEFZ),"5,9 l/100 km"
AUDI,A,A2 8Z,2000,2003,Audi A2 1.4 (07/02 - 09/03),ICE,https://www.adac.de/rund-ums-fahrzeug/autokatalog/marken-modelle/audi/a2/8z/336943/,Verbrauch Innerorts (NEFZ),"8,1 l/100 km"
AUDI,A,A2 8Z,2000,2003,Audi A2 1.4 (07/02 - 09/03),ICE,https://www.adac.de/rund-ums-fahrzeug/autokatalog/marken-modelle/audi/a2/8z/336943/,Vollkaskobetrag 100% 500 € SB,472 €
AUDI,A,A2 8Z,2000,2003,Audi A2 1.4 (07/02 - 09/03),ICE,https://www.adac.de/rund-ums-fahrzeug/autokatalog/marken-modelle/audi/a2/8z/336943/,Wendekreis,"10,5 m"
AUDI,A,A2 8Z,2000,2003,Audi A2 1.4 (07/02 - 09/03),ICE,https://www.adac.de/rund-ums-fahrzeug/autokatalog/marken-modelle/audi/a2/8z/336943/,Werkstattkosten,k.A.
AUDI,A,A2 8Z,2000,2003,Audi A2 1.4 (07/02 - 09/03),ICE,https://www.adac.de/rund-ums-fahrzeug/autokatalog/marken-modelle/audi/a2/8z/336943/,Wertverlust,k.A.
AUDI,A,A2 8Z,2000,2003,Audi A2 1.4 (07/02 - 09/03),ICE,https://www.adac.de/rund-ums-fahrzeug/autokatalog/marken-modelle/audi/a2/8z/336943/,Zentralverriegelung,Serie
AUDI,A,A2 8Z,2000,2003,Audi A2 1.4 (07/02 - 09/03),ICE,https://www.adac.de/rund-ums-fahrzeug/autokatalog/marken-modelle/audi/a2/8z/336943/,Zul. Gesamtgewicht,1435 kg
AUDI,A,A2 8Z,2000,2003,Audi A2 1.4 (07/02 - 09/03),ICE,https://www.adac.de/rund-ums-fahrzeug/autokatalog/marken-modelle/audi/a2/8z/336943/,Zuladung,440 kg
AUDI,A,A2 8Z,2000,2003,Audi A2 1.4 (07/02 - 09/03),ICE,https://www.adac.de/rund-ums-fahrzeug/autokatalog/marken-modelle/audi/a2/8z/336943/,Zusätzliche Garantien,"Mobilitätsgarantie: 2 Jahre europaweit, erweiterbar auf lebenslang unter Einhaltung aller Inspektionen;"
AUDI,A,A2 8Z,2000,2003,Audi A2 1.4 (07/02 - 09/03),ICE,https://www.adac.de/rund-ums-fahrzeug/autokatalog/marken-modelle/audi/a2/8z/336943/,Zusätzliche Information,Eine fehlende Abdeckung der Anlasserverkabelung kann im Crashfall zu einem Schwelbrand führen.
AUDI,A,A2 8Z,2000,2003,Audi A2 1.6 FSI (04/02 - 09/03),ICE,https://www.adac.de/rund-ums-fahrzeug/autokatalog/marken-modelle/audi/a2/8z/109797/,3-Punkt-Gurt hinten Mitte,Aufpreis
AUDI,A,A2 8Z,2000,2003,Audi A2 1.6 FSI (04/02 - 09/03),ICE,https://www.adac.de/rund-ums-fahrzeug/autokatalog/marken-modelle/audi/a2/8z/109797/,3-Punkt-Gurt hinten Mitte - Bezeichnung,3-Punkt Gurt
AUDI,A,A2 8Z,2000,2003,Audi A2 1.6 FSI (04/02 - 09/03),ICE,https://www.adac.de/rund-ums-fahrzeug/autokatalog/marken-modelle/audi/a2/8z/109797/,ABS,Serie
AUDI,A,A2 8Z,2000,2003,Audi A2 1.6 FSI (04/02 - 09/03),ICE,https://www.adac.de/rund-ums-fahrzeug/autokatalog/marken-modelle/audi/a2/8z/109797/,Abgasreinigung (Verbrennungsmotor),geregelt
AUDI,A,A2 8Z,2000,2003,Audi A2 1.6 FSI (04/02 - 09/03),ICE,https://www.adac.de/rund-ums-fahrzeug/autokatalog/marken-modelle/audi/a2/8z/109797/,Airbag Beifahrer,Serie
AUDI,A,A2 8Z,2000,2003,Audi A2 1.6 FSI (04/02 - 09/03),ICE,https://www.adac.de/rund-ums-fahrzeug/autokatalog/marken-modelle/audi/a2/8z/109797/,Airbag Deaktivierung,Paket
AUDI,A,A2 8Z,2000,2003,Audi A2 1.6 FSI (04/02 - 09/03),ICE,https://www.adac.de/rund-ums-fahrzeug/autokatalog/marken-modelle/audi/a2/8z/109797/,Airbag Deaktivierung - Bezeichnung,Schlüsselschalter
AUDI,A,A2 8Z,2000,2003,Audi A2 1.6 FSI (04/02 - 09/03),ICE,https://www.adac.de/rund-ums-fahrzeug/autokatalog/marken-modelle/audi/a2/8z/109797/,Airbag Fahrer,Serie
AUDI,A,A2 8Z,2000,2003,Audi A2 1.6 FSI (04/02 - 09/03),ICE,https://www.adac.de/rund-ums-fahrzeug/autokatalog/marken-modelle/audi/a2/8z/109797/,Alufelgen,260 Euro
AUDI,A,A2 8Z,2000,2003,Audi A2 1.6 FSI (04/02 - 09/03),ICE,https://www.adac.de/rund-ums-fahrzeug/autokatalog/marken-modelle/audi/a2/8z/109797/,Anhängelast gebremst 12%,1000 kg
AUDI,A,A2 8Z,2000,2003,Audi A2 1.6 FSI (04/02 - 09/03),ICE,https://www.adac.de/rund-ums-fahrzeug/autokatalog/marken-modelle/audi/a2/8z/109797/,Anhängelast ungebremst,540 kg
AUDI,A,A2 8Z,2000,2003,Audi A2 1.6 FSI (04/02 - 09/03),ICE,https://www.adac.de/rund-ums-fahrzeug/autokatalog/marken-modelle/audi/a2/8z/109797/,Anhängerkupplung,660 Euro
AUDI,A,A2 8Z,2000,2003,Audi A2 1.6 FSI (04/02 - 09/03),ICE,https://www.adac.de/rund-ums-fahrzeug/autokatalog/marken-modelle/audi/a2/8z/109797/,Anlass,Fehlende Abdeckung
AUDI,A,A2 8Z,2000,2003,Audi A2 1.6 FSI (04/02 - 09/03),ICE,https://www.adac.de/rund-ums-fahrzeug/autokatalog/marken-modelle/audi/a2/8z/109797/,Antriebsart,Vorderrad
AUDI,A,A2 8Z,2000,2003,Audi A2 1.6 FSI (04/02 - 09/03),ICE,https://www.adac.de/rund-ums-fahrzeug/autokatalog/marken-modelle/audi/a2/8z/109797/,Antriebsschlupfregelung,Serie
AUDI,A,A2 8Z,2000,2003,Audi A2 1.6 FSI (04/02 - 09/03),ICE,https://www.adac.de/rund-ums-fahrzeug/autokatalog/marken-modelle/audi/a2/8z/109797/,Antriebsschlupfregelung - Bezeichnung,Antriebsschlupfregelung
AUDI,A,A2 8Z,2000,2003,Audi A2 1.6 FSI (04/02 - 09/03),ICE,https://www.adac.de/rund-ums-fahrzeug/autokatalog/marken-modelle/audi/a2/8z/109797/,Anzahl Gänge,5
AUDI,A,A2 8Z,2000,2003,Audi A2 1.6 FSI (04/02 - 09/03),ICE,https://www.adac.de/rund-ums-fahrzeug/autokatalog/marken-modelle/audi/a2/8z/109797/,Anzahl Ventile (Verbrennungsmotor),4
AUDI,A,A2 8Z,2000,2003,Audi A2 1.6 FSI (04/02 - 09/03),ICE,https://www.adac.de/rund-ums-fahrzeug/autokatalog/marken-modelle/audi/a2/8z/109797/,Anzahl Zylinder (Verbrennungsmotor),4
AUDI,A,A2 8Z,2000,2003,Audi A2 1.6 FSI (04/02 - 09/03),ICE,https://www.adac.de/rund-ums-fahrzeug/autokatalog/marken-modelle/audi/a2/8z/109797/,Anzahl betroffener Fahrzeuge,10.557 (Deutschland)
AUDI,A,A2 8Z,2000,2003,Audi A2 1.6 FSI (04/02 - 09/03),ICE,https://www.adac.de/rund-ums-fahrzeug/autokatalog/marken-modelle/audi/a2/8z/109797/,Baureihe,A2 (8Z) (02/00 - 09/03)
AUDI,A,A2 8Z,2000,2003,Audi A2 1.6 FSI (04/02 - 09/03),ICE,https://www.adac.de/rund-ums-fahrzeug/autokatalog/marken-modelle/audi/a2/8z/109797/,Baureihenende,09/03
AUDI,A,A2 8Z,2000,2003,Audi A2 1.6 FSI (04/02 - 09/03),ICE,https://www.adac.de/rund-ums-fahrzeug/autokatalog/marken-modelle/audi/a2/8z/109797/,Baureihenstart,02/00
AUDI,A,A2 8Z,2000,2003,Audi A2 1.6 FSI (04/02 - 09/03),ICE,https://www.adac.de/rund-ums-fahrzeug/autokatalog/marken-modelle/audi/a2/8z/109797/,Bauzeitraum betroffener Fahrzeuge,nicht bekannt
AUDI,A,A2 8Z,2000,2003,Audi A2 1.6 FSI (04/02 - 09/03),ICE,https://www.adac.de/rund-ums-fahrzeug/autokatalog/marken-modelle/audi/a2/8z/109797/,Bemerkung,keine Angaben
AUDI,A,A2 8Z,2000,2003,Audi A2 1.6 FSI (04/02 - 09/03),ICE,https://www.adac.de/rund-ums-fahrzeug/autokatalog/marken-modelle/audi/a2/8z/109797/,Beschleunigung 0-100km/h,"9,8 s"
AUDI,A,A2 8Z,2000,2003,Audi A2 1.6 FSI (04/02 - 09/03),ICE,https://www.adac.de/rund-ums-fahrzeug/autokatalog/marken-modelle/audi/a2/8z/109797/,Betriebskosten,178 €
AUDI,A,A2 8Z,2000,2003,Audi A2 1.6 FSI (04/02 - 09/03),ICE,https://www.adac.de/rund-ums-fahrzeug/autokatalog/marken-modelle/audi/a2/8z/109797/,Betroffene Baugruppe,Zahnriemen: Spannrolle defekt
AUDI,A,A2 8Z,2000,2003,Audi A2 1.6 FSI (04/02 - 09/03),ICE,https://www.adac.de/rund-ums-fahrzeug/autokatalog/marken-modelle/audi/a2/8z/109797/,Betroffene Modelle,A28Z (02/00 - 09/03)
AUDI,A,A2 8Z,2000,2003,Audi A2 1.6 FSI (04/02 - 09/03),ICE,https://www.adac.de/rund-ums-fahrzeug/autokatalog/marken-modelle/audi/a2/8z/109797/,Betroffenes Modell,"Audi A2, 2002"
AUDI,A,A2 8Z,2000,2003,Audi A2 1.6 FSI (04/02 - 09/03),ICE,https://www.adac.de/rund-ums-fahrzeug/autokatalog/marken-modelle/audi/a2/8z/109797/,Breite,1673 mm
AUDI,A,A2 8Z,2000,2003,Audi A2 1.6 FSI (04/02 - 09/03),ICE,https://www.adac.de/rund-ums-fahrzeug/autokatalog/marken-modelle/audi/a2/8z/109797/,Breite (inkl. Außenspiegel),1890 mm
AUDI,A,A2 8Z,2000,2003,Audi A2 1.6 FSI (04/02 - 09/03),ICE,https://www.adac.de/rund-ums-fahrzeug/autokatalog/marken-modelle/audi/a2/8z/109797/,Bremsassistent,Serie
AUDI,A,A2 8Z,2000,2003,Audi A2 1.6 FSI (04/02 - 09/03),ICE,https://www.adac.de/rund-ums-fahrzeug/autokatalog/marken-modelle/audi/a2/8z/109797/,Bremsassistent - Bezeichnung,Hydraulischer Bremsassistent
AUDI,A,A2 8Z,2000,2003,Audi A2 1.6 FSI (04/02 - 09/03),ICE,https://www.adac.de/rund-ums-fahrzeug/autokatalog/marken-modelle/audi/a2/8z/109797/,Bremse hinten,Scheibe
AUDI,A,A2 8Z,2000,2003,Audi A2 1.6 FSI (04/02 - 09/03),ICE,https://www.adac.de/rund-ums-fahrzeug/autokatalog/marken-modelle/audi/a2/8z/109797/,Bremse vorne,Scheibe
AUDI,A,A2 8Z,2000,2003,Audi A2 1.6 FSI (04/02 - 09/03),ICE,https://www.adac.de/rund-ums-fahrzeug/autokatalog/marken-modelle/audi/a2/8z/109797/,CO2-Effizienzklasse,E
AUDI,A,A2 8Z,2000,2003,Audi A2 1.6 FSI (04/02 - 09/03),ICE,https://www.adac.de/rund-ums-fahrzeug/autokatalog/marken-modelle/audi/a2/8z/109797/,CO2-Wert (NEFZ),142 g/km
AUDI,A,A2 8Z,2000,2003,Audi A2 1.6 FSI (04/02 - 09/03),ICE,https://www.adac.de/rund-ums-fahrzeug/autokatalog/marken-modelle/audi/a2/8z/109797/,Dachlast,40 kg
AUDI,A,A2 8Z,2000,2003,Audi A2 1.6 FSI (04/02 - 09/03),ICE,https://www.adac.de/rund-ums-fahrzeug/autokatalog/marken-modelle/audi/a2/8z/109797/,Dauer,keine Angaben
AUDI,A,A2 8Z,2000,2003,Audi A2 1.6 FSI (04/02 - 09/03),ICE,https://www.adac.de/rund-ums-fahrzeug/autokatalog/marken-modelle/audi/a2/8z/109797/,Drehmoment (Systemleistung),155 Nm
AUDI,A,A2 8Z,2000,2003,Audi A2 1.6 FSI (04/02 - 09/03),ICE,https://www.adac.de/rund-ums-fahrzeug/autokatalog/marken-modelle/audi/a2/8z/109797/,Drehmoment maximal bei U/min. (Verbrennungsmotor),4500 U/min
AUDI,A,A2 8Z,2000,2003,Audi A2 1.6 FSI (04/02 - 09/03),ICE,https://www.adac.de/rund-ums-fahrzeug/autokatalog/marken-modelle/audi/a2/8z/109797/,Durchrostung,12 Jahre
AUDI,A,A2 8Z,2000,2003,Audi A2 1.6 FSI (04/02 - 09/03),ICE,https://www.adac.de/rund-ums-fahrzeug/autokatalog/marken-modelle/audi/a2/8z/109797/,Einbauposition / Motorbauart (Verbrennungsmotor),Frontmotor / Reihe
AUDI,A,A2 8Z,2000,2003,Audi A2 1.6 FSI (04/02 - 09/03),ICE,https://www.adac.de/rund-ums-fahrzeug/autokatalog/marken-modelle/audi/a2/8z/109797/,Einparkhilfe,320 Euro
AUDI,A,A2 8Z,2000,2003,Audi A2 1.6 FSI (04/02 - 09/03),ICE,https://www.adac.de/rund-ums-fahrzeug/autokatalog/marken-modelle/audi/a2/8z/109797/,Einparkhilfe - Bezeichnung,hinten
AUDI,A,A2 8Z,2000,2003,Audi A2 1.6 FSI (04/02 - 09/03),ICE,https://www.adac.de/rund-ums-fahrzeug/autokatalog/marken-modelle/audi/a2/8z/109797/,Fahrdynamikregelung,Serie
AUDI,A,A2 8Z,2000,2003,Audi A2 1.6 FSI (04/02 - 09/03),ICE,https://www.adac.de/rund-ums-fahrzeug/autokatalog/marken-modelle/audi/a2/8z/109797/,Fahrdynamikregelung - Bezeichnung,Elektronisches Stabilitätsprogramm
AUDI,A,A2 8Z,2000,2003,Audi A2 1.6 FSI (04/02 - 09/03),ICE,https://www.adac.de/rund-ums-fahrzeug/autokatalog/marken-modelle/audi/a2/8z/109797/,Fahrzeugklasse,Kleinwagen (z.B. Polo)
AUDI,A,A2 8Z,2000,2003,Audi A2 1.6 FSI (04/02 - 09/03),ICE,https://www.adac.de/rund-ums-fahrzeug/autokatalog/marken-modelle/audi/a2/8z/109797/,Federung hinten,Schraube
AUDI,A,A2 8Z,2000,2003,Audi A2 1.6 FSI (04/02 - 09/03),ICE,https://www.adac.de/rund-ums-fahrzeug/autokatalog/marken-modelle/audi/a2/8z/109797/,Federung vorne,Schraube
AUDI,A,A2 8Z,2000,2003,Audi A2 1.6 FSI (04/02 - 09/03),ICE,https://www.adac.de/rund-ums-fahrzeug/autokatalog/marken-modelle/audi/a2/8z/109797/,Fensterheber elektr. hinten,240 Euro
AUDI,A,A2 8Z,2000,2003,Audi A2 1.6 FSI (04/02 - 09/03),ICE,https://www.adac.de/rund-ums-fahrzeug/autokatalog/marken-modelle/audi/a2/8z/109797/,Fensterheber elektr. vorne,Serie
AUDI,A,A2 8Z,2000,2003,Audi A2 1.6 FSI (04/02 - 09/03),ICE,https://www.adac.de/rund-ums-fahrzeug/autokatalog/marken-modelle/audi/a2/8z/109797/,Fixkosten,84 €
AUDI,A,A2 8Z,2000,2003,Audi A2 1.6 FSI (04/02 - 09/03),ICE,https://www.adac.de/rund-ums-fahrzeug/autokatalog/marken-modelle/audi/a2/8z/109797/,Garantie (Fahrzeug),keine / ab EZ 01/05: 2 Jahre
AUDI,A,A2 8Z,2000,2003,Audi A2 1.6 FSI (04/02 - 09/03),ICE,https://www.adac.de/rund-ums-fahrzeug/autokatalog/marken-modelle/audi/a2/8z/109797/,Gemischaufbereitung (Verbrennungsmotor),Direkteinspritzung
AUDI,A,A2 8Z,2000,2003,Audi A2 1.6 FSI (04/02 - 09/03),ICE,https://www.adac.de/rund-ums-fahrzeug/autokatalog/marken-modelle/audi/a2/8z/109797/,Getriebeart,Schaltgetriebe
AUDI,A,A2 8Z,2000,2003,Audi A2 1.6 FSI (04/02 - 09/03),ICE,https://www.adac.de/rund-ums-fahrzeug/autokatalog/marken-modelle/audi/a2/8z/109797/,Grundpreis,18750 Euro
AUDI,A,A2 8Z,2000,2003,Audi A2 1.6 FSI (04/02 - 09/03),ICE,https://www.adac.de/rund-ums-fahrzeug/autokatalog/marken-modelle/audi/a2/8z/109797/,HSN/TSN Schlüsselnummern,0588/794
AUDI,A,A2 8Z,2000,2003,Audi A2 1.6 FSI (04/02 - 09/03),ICE,https://www.adac.de/rund-ums-fahrzeug/autokatalog/marken-modelle/audi/a2/8z/109797/,Haftpflichtbeitrag 100%,842 €
AUDI,A,A2 8Z,2000,2003,Audi A2 1.6 FSI (04/02 - 09/03),ICE,https://www.adac.de/rund-ums-fahrzeug/autokatalog/marken-modelle/audi/a2/8z/109797/,Halterbenachrichtigung durch,keine Angaben
AUDI,A,A2 8Z,2000,2003,Audi A2 1.6 FSI (04/02 - 09/03),ICE,https://www.adac.de/rund-ums-fahrzeug/autokatalog/marken-modelle/audi/a2/8z/109797/,Herstellerinterne Baureihenbezeichnung,8Z
AUDI,A,A2 8Z,2000,2003,Audi A2 1.6 FSI (04/02 - 09/03),ICE,https://www.adac.de/rund-ums-fahrzeug/autokatalog/marken-modelle/audi/a2/8z/109797/,Hubraum,1598
AUDI,A,A2 8Z,2000,2003,Audi A2 1.6 FSI (04/02 - 09/03),ICE,https://www.adac.de/rund-ums-fahrzeug/autokatalog/marken-modelle/audi/a2/8z/109797/,Hubraum (Verbrennungsmotor),1598 ccm
AUDI,A,A2 8Z,2000,2003,Audi A2 1.6 FSI (04/02 - 09/03),ICE,https://www.adac.de/rund-ums-fahrzeug/autokatalog/marken-modelle/audi/a2/8z/109797/,Höchstgeschwindigkeit,202 km/h
AUDI,A,A2 8Z,2000,2003,Audi A2 1.6 FSI (04/02 - 09/03),ICE,https://www.adac.de/rund-ums-fahrzeug/autokatalog/marken-modelle/audi/a2/8z/109797/,Höhe,1553 mm
AUDI,A,A2 8Z,2000,2003,Audi A2 1.6 FSI (04/02 - 09/03),ICE,https://www.adac.de/rund-ums-fahrzeug/autokatalog/marken-modelle/audi/a2/8z/109797/,Isofix,Serie
AUDI,A,A2 8Z,2000,2003,Audi A2 1.6 FSI (04/02 - 09/03),ICE,https://www.adac.de/rund-ums-fahrzeug/autokatalog/marken-modelle/audi/a2/8z/109797/,Isofix - Bezeichnung,Nur hinten
AUDI,A,A2 8Z,2000,2003,Audi A2 1.6 FSI (04/02 - 09/03),ICE,https://www.adac.de/rund-ums-fahrzeug/autokatalog/marken-modelle/audi/a2/8z/109797/,KFZ-Steuer ohne Befreiung/Jahr (kann durch WLTP abweichen),81 Euro
AUDI,A,A2 8Z,2000,2003,Audi A2 1.6 FSI (04/02 - 09/03),ICE,https://www.adac.de/rund-ums-fahrzeug/autokatalog/marken-modelle/audi/a2/8z/109797/,KFZ-Steuer pro Jahr ohne Steuerbefreiung,81 €
AUDI,A,A2 8Z,2000,2003,Audi A2 1.6 FSI (04/02 - 09/03),ICE,https://www.adac.de/rund-ums-fahrzeug/autokatalog/marken-modelle/audi/a2/8z/109797/,Karosserie,Schrägheck
AUDI,A,A2 8Z,2000,2003,Audi A2 1.6 FSI (04/02 - 09/03),ICE,https://www.adac.de/rund-ums-fahrzeug/autokatalog/marken-modelle/audi/a2/8z/109797/,Klassenübliche Ausstattung nach ADAC-Vorgabe,3935 Euro
AUDI,A,A2 8Z,2000,2003,Audi A2 1.6 FSI (04/02 - 09/03),ICE,https://www.adac.de/rund-ums-fahrzeug/autokatalog/marken-modelle/audi/a2/8z/109797/,Klimaanlage,1300 Euro
AUDI,A,A2 8Z,2000,2003,Audi A2 1.6 FSI (04/02 - 09/03),ICE,https://www.adac.de/rund-ums-fahrzeug/autokatalog/marken-modelle/audi/a2/8z/109797/,Km-Stand bei Mangel,80000
AUDI,A,A2 8Z,2000,2003,Audi A2 1.6 FSI (04/02 - 09/03),ICE,https://www.adac.de/rund-ums-fahrzeug/autokatalog/marken-modelle/audi/a2/8z/109797/,Kofferraumvolumen dachhoch mit umgeklappter Rücksitzbank,1085 l
AUDI,A,A2 8Z,2000,2003,Audi A2 1.6 FSI (04/02 - 09/03),ICE,https://www.adac.de/rund-ums-fahrzeug/autokatalog/marken-modelle/audi/a2/8z/109797/,Kofferraumvolumen normal,390 l
AUDI,A,A2 8Z,2000,2003,Audi A2 1.6 FSI (04/02 - 09/03),ICE,https://www.adac.de/rund-ums-fahrzeug/autokatalog/marken-modelle/audi/a2/8z/109797/,Kopfairbag hinten,Paket
AUDI,A,A2 8Z,2000,2003,Audi A2 1.6 FSI (04/02 - 09/03),ICE,https://www.adac.de/rund-ums-fahrzeug/autokatalog/marken-modelle/audi/a2/8z/109797/,Kopfairbag hinten - Bezeichnung,Windowbag
AUDI,A,A2 8Z,2000,2003,Audi A2 1.6 FSI (04/02 - 09/03),ICE,https://www.adac.de/rund-ums-fahrzeug/autokatalog/marken-modelle/audi/a2/8z/109797/,Kopfairbag vorne,Paket
AUDI,A,A2 8Z,2000,2003,Audi A2 1.6 FSI (04/02 - 09/03),ICE,https://www.adac.de/rund-ums-fahrzeug/autokatalog/marken-modelle/audi/a2/8z/109797/,Kopfairbag vorne - Bezeichnung,Windowbag
AUDI,A,A2 8Z,2000,2003,Audi A2 1.6 FSI (04/02 - 09/03),ICE,https://www.adac.de/rund-ums-fahrzeug/autokatalog/marken-modelle/audi/a2/8z/109797/,Kopfstütze hinten Mitte,Aufpreis
AUDI,A,A2 8Z,2000,2003,Audi A2 1.6 FSI (04/02 - 09/03),ICE,https://www.adac.de/rund-ums-fahrzeug/autokatalog/marken-modelle/audi/a2/8z/109797/,Kopfstützen hinten,Serie
AUDI,A,A2 8Z,2000,2003,Audi A2 1.6 FSI (04/02 - 09/03),ICE,https://www.adac.de/rund-ums-fahrzeug/autokatalog/marken-modelle/audi/a2/8z/109797/,Kraftstoffart,Super Plus
AUDI,A,A2 8Z,2000,2003,Audi A2 1.6 FSI (04/02 - 09/03),ICE,https://www.adac.de/rund-ums-fahrzeug/autokatalog/marken-modelle/audi/a2/8z/109797/,Kulanz,Nein
AUDI,A,A2 8Z,2000,2003,Audi A2 1.6 FSI (04/02 - 09/03),ICE,https://www.adac.de/rund-ums-fahrzeug/autokatalog/marken-modelle/audi/a2/8z/109797/,Lackgarantie,3 Jahre
AUDI,A,A2 8Z,2000,2003,Audi A2 1.6 FSI (04/02 - 09/03),ICE,https://www.adac.de/rund-ums-fahrzeug/autokatalog/marken-modelle/audi/a2/8z/109797/,Lederausstattung,1135 Euro
AUDI,A,A2 8Z,2000,2003,Audi A2 1.6 FSI (04/02 - 09/03),ICE,https://www.adac.de/rund-ums-fahrzeug/autokatalog/marken-modelle/audi/a2/8z/109797/,Leergewicht (EU),1070 kg
AUDI,A,A2 8Z,2000,2003,Audi A2 1.6 FSI (04/02 - 09/03),ICE,https://www.adac.de/rund-ums-fahrzeug/autokatalog/marken-modelle/audi/a2/8z/109797/,Leistung / Drehmoment (Verbrennungsmotor),81 kW (110 PS) / 155 Nm
AUDI,A,A2 8Z,2000,2003,Audi A2 1.6 FSI (04/02 - 09/03),ICE,https://www.adac.de/rund-ums-fahrzeug/autokatalog/marken-modelle/audi/a2/8z/109797/,Leistung in kW,81
AUDI,A,A2 8Z,2000,2003,Audi A2 1.6 FSI (04/02 - 09/03),ICE,https://www.adac.de/rund-ums-fahrzeug/autokatalog/marken-modelle/audi/a2/8z/109797/,Leistung maximal bei U/min. (Verbrennungsmotor),5800 U/min
AUDI,A,A2 8Z,2000,2003,Audi A2 1.6 FSI (04/02 - 09/03),ICE,https://www.adac.de/rund-ums-fahrzeug/autokatalog/marken-modelle/audi/a2/8z/109797/,Leistung maximal in PS (Systemleistung),110
AUDI,A,A2 8Z,2000,2003,Audi A2 1.6 FSI (04/02 - 09/03),ICE,https://www.adac.de/rund-ums-fahrzeug/autokatalog/marken-modelle/audi/a2/8z/109797/,Leistung maximal in kW (Systemleistung),81
AUDI,A,A2 8Z,2000,2003,Audi A2 1.6 FSI (04/02 - 09/03),ICE,https://www.adac.de/rund-ums-fahrzeug/autokatalog/marken-modelle/audi/a2/8z/109797/,Länge,3826 mm
AUDI,A,A2 8Z,2000,2003,Audi A2 1.6 FSI (04/02 - 09/03),ICE,https://www.adac.de/rund-ums-fahrzeug/autokatalog/marken-modelle/audi/a2/8z/109797/,Mangelbeschreibung,"Gebrochene Spannrolle, in der Folge ein kapitaler Motorschaden."
AUDI,A,A2 8Z,2000,2003,Audi A2 1.6 FSI (04/02 - 09/03),ICE,https://www.adac.de/rund-ums-fahrzeug/autokatalog/marken-modelle/audi/a2/8z/109797/,Marke,Audi
AUDI,A,A2 8Z,2000,2003,Audi A2 1.6 FSI (04/02 - 09/03),ICE,https://www.adac.de/rund-ums-fahrzeug/autokatalog/marken-modelle/audi/a2/8z/109797/,Metallic-Lackierung,420 Euro
AUDI,A,A2 8Z,2000,2003,Audi A2 1.6 FSI (04/02 - 09/03),ICE,https://www.adac.de/rund-ums-fahrzeug/autokatalog/marken-modelle/audi/a2/8z/109797/,Modell,A2 1.6 FSI
AUDI,A,A2 8Z,2000,2003,Audi A2 1.6 FSI (04/02 - 09/03),ICE,https://www.adac.de/rund-ums-fahrzeug/autokatalog/marken-modelle/audi/a2/8z/109797/,Modellende,09/03
AUDI,A,A2 8Z,2000,2003,Audi A2 1.6 FSI (04/02 - 09/03),ICE,https://www.adac.de/rund-ums-fahrzeug/autokatalog/marken-modelle/audi/a2/8z/109797/,Modellstart,04/02
AUDI,A,A2 8Z,2000,2003,Audi A2 1.6 FSI (04/02 - 09/03),ICE,https://www.adac.de/rund-ums-fahrzeug/autokatalog/marken-modelle/audi/a2/8z/109797/,Motorart,Otto
AUDI,A,A2 8Z,2000,2003,Audi A2 1.6 FSI (04/02 - 09/03),ICE,https://www.adac.de/rund-ums-fahrzeug/autokatalog/marken-modelle/audi/a2/8z/109797/,Motorcode,BAD
AUDI,A,A2 8Z,2000,2003,Audi A2 1.6 FSI (04/02 - 09/03),ICE,https://www.adac.de/rund-ums-fahrzeug/autokatalog/marken-modelle/audi/a2/8z/109797/,Navigation,1480 Euro
AUDI,A,A2 8Z,2000,2003,Audi A2 1.6 FSI (04/02 - 09/03),ICE,https://www.adac.de/rund-ums-fahrzeug/autokatalog/marken-modelle/audi/a2/8z/109797/,Navigation - Bezeichnung,Piktogrammdarstellung
AUDI,A,A2 8Z,2000,2003,Audi A2 1.6 FSI (04/02 - 09/03),ICE,https://www.adac.de/rund-ums-fahrzeug/autokatalog/marken-modelle/audi/a2/8z/109797/,Nebelscheinwerfer,135 Euro
AUDI,A,A2 8Z,2000,2003,Audi A2 1.6 FSI (04/02 - 09/03),ICE,https://www.adac.de/rund-ums-fahrzeug/autokatalog/marken-modelle/audi/a2/8z/109797/,Nockenwellensteuerung,Zahnriemen
AUDI,A,A2 8Z,2000,2003,Audi A2 1.6 FSI (04/02 - 09/03),ICE,https://www.adac.de/rund-ums-fahrzeug/autokatalog/marken-modelle/audi/a2/8z/109797/,Radio,400 Euro
AUDI,A,A2 8Z,2000,2003,Audi A2 1.6 FSI (04/02 - 09/03),ICE,https://www.adac.de/rund-ums-fahrzeug/autokatalog/marken-modelle/audi/a2/8z/109797/,Radio - Bezeichnung,Radio chorus mit Cassette
AUDI,A,A2 8Z,2000,2003,Audi A2 1.6 FSI (04/02 - 09/03),ICE,https://www.adac.de/rund-ums-fahrzeug/autokatalog/marken-modelle/audi/a2/8z/109797/,Radstand,2405 mm
AUDI,A,A2 8Z,2000,2003,Audi A2 1.6 FSI (04/02 - 09/03),ICE,https://www.adac.de/rund-ums-fahrzeug/autokatalog/marken-modelle/audi/a2/8z/109797/,Reifengröße,175/60R15V
AUDI,A,A2 8Z,2000,2003,Audi A2 1.6 FSI (04/02 - 09/03),ICE,https://www.adac.de/rund-ums-fahrzeug/autokatalog/marken-modelle/audi/a2/8z/109797/,Reparatur,Nein
AUDI,A,A2 8Z,2000,2003,Audi A2 1.6 FSI (04/02 - 09/03),ICE,https://www.adac.de/rund-ums-fahrzeug/autokatalog/marken-modelle/audi/a2/8z/109797/,Reparaturkosten,"6004,57"
AUDI,A,A2 8Z,2000,2003,Audi A2 1.6 FSI (04/02 - 09/03),ICE,https://www.adac.de/rund-ums-fahrzeug/autokatalog/marken-modelle/audi/a2/8z/109797/,Rückrufdatum,Dezember 2000
AUDI,A,A2 8Z,2000,2003,Audi A2 1.6 FSI (04/02 - 09/03),ICE,https://www.adac.de/rund-ums-fahrzeug/autokatalog/marken-modelle/audi/a2/8z/109797/,Rücksitzbank umklappbar,Serie
AUDI,A,A2 8Z,2000,2003,Audi A2 1.6 FSI (04/02 - 09/03),ICE,https://www.adac.de/rund-ums-fahrzeug/autokatalog/marken-modelle/audi/a2/8z/109797/,Schadstoffklasse,Euro 3
AUDI,A,A2 8Z,2000,2003,Audi A2 1.6 FSI (04/02 - 09/03),ICE,https://www.adac.de/rund-ums-fahrzeug/autokatalog/marken-modelle/audi/a2/8z/109797/,Seitenairbag vorne,Serie
AUDI,A,A2 8Z,2000,2003,Audi A2 1.6 FSI (04/02 - 09/03),ICE,https://www.adac.de/rund-ums-fahrzeug/autokatalog/marken-modelle/audi/a2/8z/109797/,Servolenkung,Serie
AUDI,A,A2 8Z,2000,2003,Audi A2 1.6 FSI (04/02 - 09/03),ICE,https://www.adac.de/rund-ums-fahrzeug/autokatalog/marken-modelle/audi/a2/8z/109797/,Sitzanzahl,4
AUDI,A,A2 8Z,2000,2003,Audi A2 1.6 FSI (04/02 - 09/03),ICE,https://www.adac.de/rund-ums-fahrzeug/autokatalog/marken-modelle/audi/a2/8z/109797/,Sitzanzahl maximal,5
AUDI,A,A2 8Z,2000,2003,Audi A2 1.6 FSI (04/02 - 09/03),ICE,https://www.adac.de/rund-ums-fahrzeug/autokatalog/marken-modelle/audi/a2/8z/109797/,Tankgröße,"42,0 l"
AUDI,A,A2 8Z,2000,2003,Audi A2 1.6 FSI (04/02 - 09/03),ICE,https://www.adac.de/rund-ums-fahrzeug/autokatalog/marken-modelle/audi/a2/8z/109797/,Teilkaskobeitrag 150 € SB,292 €
AUDI,A,A2 8Z,2000,2003,Audi A2 1.6 FSI (04/02 - 09/03),ICE,https://www.adac.de/rund-ums-fahrzeug/autokatalog/marken-modelle/audi/a2/8z/109797/,Typklassen (KH/VK/TK),11/11/15
AUDI,A,A2 8Z,2000,2003,Audi A2 1.6 FSI (04/02 - 09/03),ICE,https://www.adac.de/rund-ums-fahrzeug/autokatalog/marken-modelle/audi/a2/8z/109797/,Türanzahl,5
AUDI,A,A2 8Z,2000,2003,Audi A2 1.6 FSI (04/02 - 09/03),ICE,https://www.adac.de/rund-ums-fahrzeug/autokatalog/marken-modelle/audi/a2/8z/109797/,Variante,keine Angaben
AUDI,A,A2 8Z,2000,2003,Audi A2 1.6 FSI (04/02 - 09/03),ICE,https://www.adac.de/rund-ums-fahrzeug/autokatalog/marken-modelle/audi/a2/8z/109797/,Verbrauch Außerorts (NEFZ),"4,7 l/100 km"
AUDI,A,A2 8Z,2000,2003,Audi A2 1.6 FSI (04/02 - 09/03),ICE,https://www.adac.de/rund-ums-fahrzeug/autokatalog/marken-modelle/audi/a2/8z/109797/,Verbrauch Gesamt (NEFZ),"5,9 l/100 km"
AUDI,A,A2 8Z,2000,2003,Audi A2 1.6 FSI (04/02 - 09/03),ICE,https://www.adac.de/rund-ums-fahrzeug/autokatalog/marken-modelle/audi/a2/8z/109797/,Verbrauch Innerorts (NEFZ),"8,1 l/100 km"
AUDI,A,A2 8Z,2000,2003,Audi A2 1.6 FSI (04/02 - 09/03),ICE,https://www.adac.de/rund-ums-fahrzeug/autokatalog/marken-modelle/audi/a2/8z/109797/,Vollkaskobetrag 100% 500 € SB,628 €
AUDI,A,A2 8Z,2000,2003,Audi A2 1.6 FSI (04/02 - 09/03),ICE,https://www.adac.de/rund-ums-fahrzeug/autokatalog/marken-modelle/audi/a2/8z/109797/,Wendekreis,"10,5 m"
AUDI,A,A2 8Z,2000,2003,Audi A2 1.6 FSI (04/02 - 09/03),ICE,https://www.adac.de/rund-ums-fahrzeug/autokatalog/marken-modelle/audi/a2/8z/109797/,Werkstattkosten,89 €
AUDI,A,A2 8Z,2000,2003,Audi A2 1.6 FSI (04/02 - 09/03),ICE,https://www.adac.de/rund-ums-fahrzeug/autokatalog/marken-modelle/audi/a2/8z/109797/,Wertverlust,35 €
AUDI,A,A2 8Z,2000,2003,Audi A2 1.6 FSI (04/02 - 09/03),ICE,https://www.adac.de/rund-ums-fahrzeug/autokatalog/marken-modelle/audi/a2/8z/109797/,Zentralverriegelung,Serie
AUDI,A,A2 8Z,2000,2003,Audi A2 1.6 FSI (04/02 - 09/03),ICE,https://www.adac.de/rund-ums-fahrzeug/autokatalog/marken-modelle/audi/a2/8z/109797/,Zul. Gesamtgewicht,1510 kg
AUDI,A,A2 8Z,2000,2003,Audi A2 1.6 FSI (04/02 - 09/03),ICE,https://www.adac.de/rund-ums-fahrzeug/autokatalog/marken-modelle/audi/a2/8z/109797/,Zuladung,440 kg
AUDI,A,A2 8Z,2000,2003,Audi A2 1.6 FSI (04/02 - 09/03),ICE,https://www.adac.de/rund-ums-fahrzeug/autokatalog/marken-modelle/audi/a2/8z/109797/,Zusätzliche Garantien,"Mobilitätsgarantie: 2 Jahre europaweit, erweiterbar auf lebenslang unter Einhaltung aller Inspektionen;"
AUDI,A,A2 8Z,2000,2003,Audi A2 1.6 FSI (04/02 - 09/03),ICE,https://www.adac.de/rund-ums-fahrzeug/autokatalog/marken-modelle/audi/a2/8z/109797/,Zusätzliche Information,Eine fehlende Abdeckung der Anlasserverkabelung kann im Crashfall zu einem Schwelbrand führen.
AUDI,A,A2 8Z (1. Facelift),2003,2005,Audi A2 1.2 TDI Automatik (EU3) (09/03 - 09/05),ICE,https://www.adac.de/rund-ums-fahrzeug/autokatalog/marken-modelle/audi/a2/8z-facelift/336940/,ABS,Serie
AUDI,A,A2 8Z (1. Facelift),2003,2005,Audi A2 1.2 TDI Automatik (EU3) (09/03 - 09/05),ICE,https://www.adac.de/rund-ums-fahrzeug/autokatalog/marken-modelle/audi/a2/8z-facelift/336940/,Abgasreinigung (Verbrennungsmotor),Oxy-Kat
AUDI,A,A2 8Z (1. Facelift),2003,2005,Audi A2 1.2 TDI Automatik (EU3) (09/03 - 09/05),ICE,https://www.adac.de/rund-ums-fahrzeug/autokatalog/marken-modelle/audi/a2/8z-facelift/336940/,Airbag Beifahrer,Serie
AUDI,A,A2 8Z (1. Facelift),2003,2005,Audi A2 1.2 TDI Automatik (EU3) (09/03 - 09/05),ICE,https://www.adac.de/rund-ums-fahrzeug/autokatalog/marken-modelle/audi/a2/8z-facelift/336940/,Airbag Deaktivierung,Paket
AUDI,A,A2 8Z (1. Facelift),2003,2005,Audi A2 1.2 TDI Automatik (EU3) (09/03 - 09/05),ICE,https://www.adac.de/rund-ums-fahrzeug/autokatalog/marken-modelle/audi/a2/8z-facelift/336940/,Airbag Deaktivierung - Bezeichnung,Schlüsselschalter
AUDI,A,A2 8Z (1. Facelift),2003,2005,Audi A2 1.2 TDI Automatik (EU3) (09/03 - 09/05),ICE,https://www.adac.de/rund-ums-fahrzeug/autokatalog/marken-modelle/audi/a2/8z-facelift/336940/,Airbag Fahrer,Serie
AUDI,A,A2 8Z (1. Facelift),2003,2005,Audi A2 1.2 TDI Automatik (EU3) (09/03 - 09/05),ICE,https://www.adac.de/rund-ums-fahrzeug/autokatalog/marken-modelle/audi/a2/8z-facelift/336940/,Antriebsart,Vorderrad
AUDI,A,A2 8Z (1. Facelift),2003,2005,Audi A2 1.2 TDI Automatik (EU3) (09/03 - 09/05),ICE,https://www.adac.de/rund-ums-fahrzeug/autokatalog/marken-modelle/audi/a2/8z-facelift/336940/,Antriebsschlupfregelung,Serie
AUDI,A,A2 8Z (1. Facelift),2003,2005,Audi A2 1.2 TDI Automatik (EU3) (09/03 - 09/05),ICE,https://www.adac.de/rund-ums-fahrzeug/autokatalog/marken-modelle/audi/a2/8z-facelift/336940/,Antriebsschlupfregelung - Bezeichnung,Antriebsschlupfregelung
AUDI,A,A2 8Z (1. Facelift),2003,2005,Audi A2 1.2 TDI Automatik (EU3) (09/03 - 09/05),ICE,https://www.adac.de/rund-ums-fahrzeug/autokatalog/marken-modelle/audi/a2/8z-facelift/336940/,Anzahl Gänge,5
AUDI,A,A2 8Z (1. Facelift),2003,2005,Audi A2 1.2 TDI Automatik (EU3) (09/03 - 09/05),ICE,https://www.adac.de/rund-ums-fahrzeug/autokatalog/marken-modelle/audi/a2/8z-facelift/336940/,Anzahl Ventile (Verbrennungsmotor),2
AUDI,A,A2 8Z (1. Facelift),2003,2005,Audi A2 1.2 TDI Automatik (EU3) (09/03 - 09/05),ICE,https://www.adac.de/rund-ums-fahrzeug/autokatalog/marken-modelle/audi/a2/8z-facelift/336940/,Anzahl Zylinder (Verbrennungsmotor),3
AUDI,A,A2 8Z (1. Facelift),2003,2005,Audi A2 1.2 TDI Automatik (EU3) (09/03 - 09/05),ICE,https://www.adac.de/rund-ums-fahrzeug/autokatalog/marken-modelle/audi/a2/8z-facelift/336940/,Aufladung (Verbrennungsmotor),Turbo
AUDI,A,A2 8Z (1. Facelift),2003,2005,Audi A2 1.2 TDI Automatik (EU3) (09/03 - 09/05),ICE,https://www.adac.de/rund-ums-fahrzeug/autokatalog/marken-modelle/audi/a2/8z-facelift/336940/,Baureihe,A2 (8Z) (09/03 - 09/05)
AUDI,A,A2 8Z (1. Facelift),2003,2005,Audi A2 1.2 TDI Automatik (EU3) (09/03 - 09/05),ICE,https://www.adac.de/rund-ums-fahrzeug/autokatalog/marken-modelle/audi/a2/8z-facelift/336940/,Baureihenende,09/05
AUDI,A,A2 8Z (1. Facelift),2003,2005,Audi A2 1.2 TDI Automatik (EU3) (09/03 - 09/05),ICE,https://www.adac.de/rund-ums-fahrzeug/autokatalog/marken-modelle/audi/a2/8z-facelift/336940/,Baureihenstart,09/03
AUDI,A,A2 8Z (1. Facelift),2003,2005,Audi A2 1.2 TDI Automatik (EU3) (09/03 - 09/05),ICE,https://www.adac.de/rund-ums-fahrzeug/autokatalog/marken-modelle/audi/a2/8z-facelift/336940/,Beschleunigung 0-100km/h,"14,9 s"
AUDI,A,A2 8Z (1. Facelift),2003,2005,Audi A2 1.2 TDI Automatik (EU3) (09/03 - 09/05),ICE,https://www.adac.de/rund-ums-fahrzeug/autokatalog/marken-modelle/audi/a2/8z-facelift/336940/,Betriebskosten,111 €
AUDI,A,A2 8Z (1. Facelift),2003,2005,Audi A2 1.2 TDI Automatik (EU3) (09/03 - 09/05),ICE,https://www.adac.de/rund-ums-fahrzeug/autokatalog/marken-modelle/audi/a2/8z-facelift/336940/,Breite,1673 mm
AUDI,A,A2 8Z (1. Facelift),2003,2005,Audi A2 1.2 TDI Automatik (EU3) (09/03 - 09/05),ICE,https://www.adac.de/rund-ums-fahrzeug/autokatalog/marken-modelle/audi/a2/8z-facelift/336940/,Breite (inkl. Außenspiegel),1890 mm
AUDI,A,A2 8Z (1. Facelift),2003,2005,Audi A2 1.2 TDI Automatik (EU3) (09/03 - 09/05),ICE,https://www.adac.de/rund-ums-fahrzeug/autokatalog/marken-modelle/audi/a2/8z-facelift/336940/,Bremsassistent,Serie
AUDI,A,A2 8Z (1. Facelift),2003,2005,Audi A2 1.2 TDI Automatik (EU3) (09/03 - 09/05),ICE,https://www.adac.de/rund-ums-fahrzeug/autokatalog/marken-modelle/audi/a2/8z-facelift/336940/,Bremsassistent - Bezeichnung,Hydraulischer Bremsassistent
AUDI,A,A2 8Z (1. Facelift),2003,2005,Audi A2 1.2 TDI Automatik (EU3) (09/03 - 09/05),ICE,https://www.adac.de/rund-ums-fahrzeug/autokatalog/marken-modelle/audi/a2/8z-facelift/336940/,Bremse hinten,Trommel
AUDI,A,A2 8Z (1. Facelift),2003,2005,Audi A2 1.2 TDI Automatik (EU3) (09/03 - 09/05),ICE,https://www.adac.de/rund-ums-fahrzeug/autokatalog/marken-modelle/audi/a2/8z-facelift/336940/,Bremse vorne,Scheibe
AUDI,A,A2 8Z (1. Facelift),2003,2005,Audi A2 1.2 TDI Automatik (EU3) (09/03 - 09/05),ICE,https://www.adac.de/rund-ums-fahrzeug/autokatalog/marken-modelle/audi/a2/8z-facelift/336940/,CO2-Wert (NEFZ),81 g/km
AUDI,A,A2 8Z (1. Facelift),2003,2005,Audi A2 1.2 TDI Automatik (EU3) (09/03 - 09/05),ICE,https://www.adac.de/rund-ums-fahrzeug/autokatalog/marken-modelle/audi/a2/8z-facelift/336940/,Dachlast,40 kg
AUDI,A,A2 8Z (1. Facelift),2003,2005,Audi A2 1.2 TDI Automatik (EU3) (09/03 - 09/05),ICE,https://www.adac.de/rund-ums-fahrzeug/autokatalog/marken-modelle/audi/a2/8z-facelift/336940/,Drehmoment (Systemleistung),140 Nm
AUDI,A,A2 8Z (1. Facelift),2003,2005,Audi A2 1.2 TDI Automatik (EU3) (09/03 - 09/05),ICE,https://www.adac.de/rund-ums-fahrzeug/autokatalog/marken-modelle/audi/a2/8z-facelift/336940/,Drehmoment maximal bei U/min. (Verbrennungsmotor),1800 U/min
AUDI,A,A2 8Z (1. Facelift),2003,2005,Audi A2 1.2 TDI Automatik (EU3) (09/03 - 09/05),ICE,https://www.adac.de/rund-ums-fahrzeug/autokatalog/marken-modelle/audi/a2/8z-facelift/336940/,Durchrostung,12 Jahre
AUDI,A,A2 8Z (1. Facelift),2003,2005,Audi A2 1.2 TDI Automatik (EU3) (09/03 - 09/05),ICE,https://www.adac.de/rund-ums-fahrzeug/autokatalog/marken-modelle/audi/a2/8z-facelift/336940/,Einbauposition / Motorbauart (Verbrennungsmotor),Frontmotor / Reihe
AUDI,A,A2 8Z (1. Facelift),2003,2005,Audi A2 1.2 TDI Automatik (EU3) (09/03 - 09/05),ICE,https://www.adac.de/rund-ums-fahrzeug/autokatalog/marken-modelle/audi/a2/8z-facelift/336940/,Fahrdynamikregelung,Serie
AUDI,A,A2 8Z (1. Facelift),2003,2005,Audi A2 1.2 TDI Automatik (EU3) (09/03 - 09/05),ICE,https://www.adac.de/rund-ums-fahrzeug/autokatalog/marken-modelle/audi/a2/8z-facelift/336940/,Fahrdynamikregelung - Bezeichnung,Elektronisches Stabilitätsprogramm
AUDI,A,A2 8Z (1. Facelift),2003,2005,Audi A2 1.2 TDI Automatik (EU3) (09/03 - 09/05),ICE,https://www.adac.de/rund-ums-fahrzeug/autokatalog/marken-modelle/audi/a2/8z-facelift/336940/,Fahrzeugklasse,Kleinwagen (z.B. Polo)
AUDI,A,A2 8Z (1. Facelift),2003,2005,Audi A2 1.2 TDI Automatik (EU3) (09/03 - 09/05),ICE,https://www.adac.de/rund-ums-fahrzeug/autokatalog/marken-modelle/audi/a2/8z-facelift/336940/,Federung hinten,Schraube
AUDI,A,A2 8Z (1. Facelift),2003,2005,Audi A2 1.2 TDI Automatik (EU3) (09/03 - 09/05),ICE,https://www.adac.de/rund-ums-fahrzeug/autokatalog/marken-modelle/audi/a2/8z-facelift/336940/,Federung vorne,Schraube
AUDI,A,A2 8Z (1. Facelift),2003,2005,Audi A2 1.2 TDI Automatik (EU3) (09/03 - 09/05),ICE,https://www.adac.de/rund-ums-fahrzeug/autokatalog/marken-modelle/audi/a2/8z-facelift/336940/,Fensterheber elektr. vorne,Serie
AUDI,A,A2 8Z (1. Facelift),2003,2005,Audi A2 1.2 TDI Automatik (EU3) (09/03 - 09/05),ICE,https://www.adac.de/rund-ums-fahrzeug/autokatalog/marken-modelle/audi/a2/8z-facelift/336940/,Fixkosten,95 €
AUDI,A,A2 8Z (1. Facelift),2003,2005,Audi A2 1.2 TDI Automatik (EU3) (09/03 - 09/05),ICE,https://www.adac.de/rund-ums-fahrzeug/autokatalog/marken-modelle/audi/a2/8z-facelift/336940/,Garantie (Fahrzeug),keine / ab EZ 01/05: 2 Jahre
AUDI,A,A2 8Z (1. Facelift),2003,2005,Audi A2 1.2 TDI Automatik (EU3) (09/03 - 09/05),ICE,https://www.adac.de/rund-ums-fahrzeug/autokatalog/marken-modelle/audi/a2/8z-facelift/336940/,Gemischaufbereitung (Verbrennungsmotor),Pumpe-Düse
AUDI,A,A2 8Z (1. Facelift),2003,2005,Audi A2 1.2 TDI Automatik (EU3) (09/03 - 09/05),ICE,https://www.adac.de/rund-ums-fahrzeug/autokatalog/marken-modelle/audi/a2/8z-facelift/336940/,Getriebeart,Automatisiertes Schaltgetriebe
AUDI,A,A2 8Z (1. Facelift),2003,2005,Audi A2 1.2 TDI Automatik (EU3) (09/03 - 09/05),ICE,https://www.adac.de/rund-ums-fahrzeug/autokatalog/marken-modelle/audi/a2/8z-facelift/336940/,Grundpreis,19000 Euro
AUDI,A,A2 8Z (1. Facelift),2003,2005,Audi A2 1.2 TDI Automatik (EU3) (09/03 - 09/05),ICE,https://www.adac.de/rund-ums-fahrzeug/autokatalog/marken-modelle/audi/a2/8z-facelift/336940/,HSN/TSN Schlüsselnummern,0588/733
AUDI,A,A2 8Z (1. Facelift),2003,2005,Audi A2 1.2 TDI Automatik (EU3) (09/03 - 09/05),ICE,https://www.adac.de/rund-ums-fahrzeug/autokatalog/marken-modelle/audi/a2/8z-facelift/336940/,Haftpflichtbeitrag 100%,902 €
AUDI,A,A2 8Z (1. Facelift),2003,2005,Audi A2 1.2 TDI Automatik (EU3) (09/03 - 09/05),ICE,https://www.adac.de/rund-ums-fahrzeug/autokatalog/marken-modelle/audi/a2/8z-facelift/336940/,Herstellerinterne Baureihenbezeichnung,8Z
AUDI,A,A2 8Z (1. Facelift),2003,2005,Audi A2 1.2 TDI Automatik (EU3) (09/03 - 09/05),ICE,https://www.adac.de/rund-ums-fahrzeug/autokatalog/marken-modelle/audi/a2/8z-facelift/336940/,Hubraum (Verbrennungsmotor),1191 ccm
AUDI,A,A2 8Z (1. Facelift),2003,2005,Audi A2 1.2 TDI Automatik (EU3) (09/03 - 09/05),ICE,https://www.adac.de/rund-ums-fahrzeug/autokatalog/marken-modelle/audi/a2/8z-facelift/336940/,Höchstgeschwindigkeit,168 km/h
AUDI,A,A2 8Z (1. Facelift),2003,2005,Audi A2 1.2 TDI Automatik (EU3) (09/03 - 09/05),ICE,https://www.adac.de/rund-ums-fahrzeug/autokatalog/marken-modelle/audi/a2/8z-facelift/336940/,Höhe,1553 mm
AUDI,A,A2 8Z (1. Facelift),2003,2005,Audi A2 1.2 TDI Automatik (EU3) (09/03 - 09/05),ICE,https://www.adac.de/rund-ums-fahrzeug/autokatalog/marken-modelle/audi/a2/8z-facelift/336940/,Isofix,Serie
AUDI,A,A2 8Z (1. Facelift),2003,2005,Audi A2 1.2 TDI Automatik (EU3) (09/03 - 09/05),ICE,https://www.adac.de/rund-ums-fahrzeug/autokatalog/marken-modelle/audi/a2/8z-facelift/336940/,Isofix - Bezeichnung,Nur hinten
AUDI,A,A2 8Z (1. Facelift),2003,2005,Audi A2 1.2 TDI Automatik (EU3) (09/03 - 09/05),ICE,https://www.adac.de/rund-ums-fahrzeug/autokatalog/marken-modelle/audi/a2/8z-facelift/336940/,KFZ-Steuer ohne Befreiung/Jahr (kann durch WLTP abweichen),185 Euro
AUDI,A,A2 8Z (1. Facelift),2003,2005,Audi A2 1.2 TDI Automatik (EU3) (09/03 - 09/05),ICE,https://www.adac.de/rund-ums-fahrzeug/autokatalog/marken-modelle/audi/a2/8z-facelift/336940/,KFZ-Steuer pro Jahr ohne Steuerbefreiung,185 €
AUDI,A,A2 8Z (1. Facelift),2003,2005,Audi A2 1.2 TDI Automatik (EU3) (09/03 - 09/05),ICE,https://www.adac.de/rund-ums-fahrzeug/autokatalog/marken-modelle/audi/a2/8z-facelift/336940/,Karosserie,Schrägheck
AUDI,A,A2 8Z (1. Facelift),2003,2005,Audi A2 1.2 TDI Automatik (EU3) (09/03 - 09/05),ICE,https://www.adac.de/rund-ums-fahrzeug/autokatalog/marken-modelle/audi/a2/8z-facelift/336940/,Klassenübliche Ausstattung nach ADAC-Vorgabe,k.A.
AUDI,A,A2 8Z (1. Facelift),2003,2005,Audi A2 1.2 TDI Automatik (EU3) (09/03 - 09/05),ICE,https://www.adac.de/rund-ums-fahrzeug/autokatalog/marken-modelle/audi/a2/8z-facelift/336940/,Klimaanlage,1300 Euro
AUDI,A,A2 8Z (1. Facelift),2003,2005,Audi A2 1.2 TDI Automatik (EU3) (09/03 - 09/05),ICE,https://www.adac.de/rund-ums-fahrzeug/autokatalog/marken-modelle/audi/a2/8z-facelift/336940/,Kofferraumvolumen dachhoch mit umgeklappter Rücksitzbank,1085 l
AUDI,A,A2 8Z (1. Facelift),2003,2005,Audi A2 1.2 TDI Automatik (EU3) (09/03 - 09/05),ICE,https://www.adac.de/rund-ums-fahrzeug/autokatalog/marken-modelle/audi/a2/8z-facelift/336940/,Kofferraumvolumen normal,350 l
AUDI,A,A2 8Z (1. Facelift),2003,2005,Audi A2 1.2 TDI Automatik (EU3) (09/03 - 09/05),ICE,https://www.adac.de/rund-ums-fahrzeug/autokatalog/marken-modelle/audi/a2/8z-facelift/336940/,Kopfairbag hinten,Paket
AUDI,A,A2 8Z (1. Facelift),2003,2005,Audi A2 1.2 TDI Automatik (EU3) (09/03 - 09/05),ICE,https://www.adac.de/rund-ums-fahrzeug/autokatalog/marken-modelle/audi/a2/8z-facelift/336940/,Kopfairbag hinten - Bezeichnung,Windowbag
AUDI,A,A2 8Z (1. Facelift),2003,2005,Audi A2 1.2 TDI Automatik (EU3) (09/03 - 09/05),ICE,https://www.adac.de/rund-ums-fahrzeug/autokatalog/marken-modelle/audi/a2/8z-facelift/336940/,Kopfairbag vorne,Paket
AUDI,A,A2 8Z (1. Facelift),2003,2005,Audi A2 1.2 TDI Automatik (EU3) (09/03 - 09/05),ICE,https://www.adac.de/rund-ums-fahrzeug/autokatalog/marken-modelle/audi/a2/8z-facelift/336940/,Kopfairbag vorne - Bezeichnung,Windowbag
AUDI,A,A2 8Z (1. Facelift),2003,2005,Audi A2 1.2 TDI Automatik (EU3) (09/03 - 09/05),ICE,https://www.adac.de/rund-ums-fahrzeug/autokatalog/marken-modelle/audi/a2/8z-facelift/336940/,Kopfstützen hinten,Serie
AUDI,A,A2 8Z (1. Facelift),2003,2005,Audi A2 1.2 TDI Automatik (EU3) (09/03 - 09/05),ICE,https://www.adac.de/rund-ums-fahrzeug/autokatalog/marken-modelle/audi/a2/8z-facelift/336940/,Kraftstoffart,Diesel
AUDI,A,A2 8Z (1. Facelift),2003,2005,Audi A2 1.2 TDI Automatik (EU3) (09/03 - 09/05),ICE,https://www.adac.de/rund-ums-fahrzeug/autokatalog/marken-modelle/audi/a2/8z-facelift/336940/,Lackgarantie,3 Jahre
AUDI,A,A2 8Z (1. Facelift),2003,2005,Audi A2 1.2 TDI Automatik (EU3) (09/03 - 09/05),ICE,https://www.adac.de/rund-ums-fahrzeug/autokatalog/marken-modelle/audi/a2/8z-facelift/336940/,Leergewicht (EU),930 kg
AUDI,A,A2 8Z (1. Facelift),2003,2005,Audi A2 1.2 TDI Automatik (EU3) (09/03 - 09/05),ICE,https://www.adac.de/rund-ums-fahrzeug/autokatalog/marken-modelle/audi/a2/8z-facelift/336940/,Leistung / Drehmoment (Verbrennungsmotor),45 kW (61 PS) / 140 Nm
AUDI,A,A2 8Z (1. Facelift),2003,2005,Audi A2 1.2 TDI Automatik (EU3) (09/03 - 09/05),ICE,https://www.adac.de/rund-ums-fahrzeug/autokatalog/marken-modelle/audi/a2/8z-facelift/336940/,Leistung maximal bei U/min. (Verbrennungsmotor),4000 U/min
AUDI,A,A2 8Z (1. Facelift),2003,2005,Audi A2 1.2 TDI Automatik (EU3) (09/03 - 09/05),ICE,https://www.adac.de/rund-ums-fahrzeug/autokatalog/marken-modelle/audi/a2/8z-facelift/336940/,Leistung maximal in PS (Systemleistung),61
AUDI,A,A2 8Z (1. Facelift),2003,2005,Audi A2 1.2 TDI Automatik (EU3) (09/03 - 09/05),ICE,https://www.adac.de/rund-ums-fahrzeug/autokatalog/marken-modelle/audi/a2/8z-facelift/336940/,Leistung maximal in kW (Systemleistung),45
AUDI,A,A2 8Z (1. Facelift),2003,2005,Audi A2 1.2 TDI Automatik (EU3) (09/03 - 09/05),ICE,https://www.adac.de/rund-ums-fahrzeug/autokatalog/marken-modelle/audi/a2/8z-facelift/336940/,Länge,3826 mm
AUDI,A,A2 8Z (1. Facelift),2003,2005,Audi A2 1.2 TDI Automatik (EU3) (09/03 - 09/05),ICE,https://www.adac.de/rund-ums-fahrzeug/autokatalog/marken-modelle/audi/a2/8z-facelift/336940/,Marke,Audi
AUDI,A,A2 8Z (1. Facelift),2003,2005,Audi A2 1.2 TDI Automatik (EU3) (09/03 - 09/05),ICE,https://www.adac.de/rund-ums-fahrzeug/autokatalog/marken-modelle/audi/a2/8z-facelift/336940/,Metallic-Lackierung,420 Euro
AUDI,A,A2 8Z (1. Facelift),2003,2005,Audi A2 1.2 TDI Automatik (EU3) (09/03 - 09/05),ICE,https://www.adac.de/rund-ums-fahrzeug/autokatalog/marken-modelle/audi/a2/8z-facelift/336940/,Modell,A2 1.2 TDI
AUDI,A,A2 8Z (1. Facelift),2003,2005,Audi A2 1.2 TDI Automatik (EU3) (09/03 - 09/05),ICE,https://www.adac.de/rund-ums-fahrzeug/autokatalog/marken-modelle/audi/a2/8z-facelift/336940/,Modellende,09/05
AUDI,A,A2 8Z (1. Facelift),2003,2005,Audi A2 1.2 TDI Automatik (EU3) (09/03 - 09/05),ICE,https://www.adac.de/rund-ums-fahrzeug/autokatalog/marken-modelle/audi/a2/8z-facelift/336940/,Modellstart,09/03
AUDI,A,A2 8Z (1. Facelift),2003,2005,Audi A2 1.2 TDI Automatik (EU3) (09/03 - 09/05),ICE,https://www.adac.de/rund-ums-fahrzeug/autokatalog/marken-modelle/audi/a2/8z-facelift/336940/,Motorart,Diesel
AUDI,A,A2 8Z (1. Facelift),2003,2005,Audi A2 1.2 TDI Automatik (EU3) (09/03 - 09/05),ICE,https://www.adac.de/rund-ums-fahrzeug/autokatalog/marken-modelle/audi/a2/8z-facelift/336940/,Motorcode,ANY
AUDI,A,A2 8Z (1. Facelift),2003,2005,Audi A2 1.2 TDI Automatik (EU3) (09/03 - 09/05),ICE,https://www.adac.de/rund-ums-fahrzeug/autokatalog/marken-modelle/audi/a2/8z-facelift/336940/,Nebelscheinwerfer,135 Euro
AUDI,A,A2 8Z (1. Facelift),2003,2005,Audi A2 1.2 TDI Automatik (EU3) (09/03 - 09/05),ICE,https://www.adac.de/rund-ums-fahrzeug/autokatalog/marken-modelle/audi/a2/8z-facelift/336940/,Nockenwellensteuerung,Zahnriemen
AUDI,A,A2 8Z (1. Facelift),2003,2005,Audi A2 1.2 TDI Automatik (EU3) (09/03 - 09/05),ICE,https://www.adac.de/rund-ums-fahrzeug/autokatalog/marken-modelle/audi/a2/8z-facelift/336940/,Radio,400 Euro
AUDI,A,A2 8Z (1. Facelift),2003,2005,Audi A2 1.2 TDI Automatik (EU3) (09/03 - 09/05),ICE,https://www.adac.de/rund-ums-fahrzeug/autokatalog/marken-modelle/audi/a2/8z-facelift/336940/,Radio - Bezeichnung,Radio chorus mit Cassette
AUDI,A,A2 8Z (1. Facelift),2003,2005,Audi A2 1.2 TDI Automatik (EU3) (09/03 - 09/05),ICE,https://www.adac.de/rund-ums-fahrzeug/autokatalog/marken-modelle/audi/a2/8z-facelift/336940/,Radstand,2405 mm
AUDI,A,A2 8Z (1. Facelift),2003,2005,Audi A2 1.2 TDI Automatik (EU3) (09/03 - 09/05),ICE,https://www.adac.de/rund-ums-fahrzeug/autokatalog/marken-modelle/audi/a2/8z-facelift/336940/,Reifengröße,145/80R14T
AUDI,A,A2 8Z (1. Facelift),2003,2005,Audi A2 1.2 TDI Automatik (EU3) (09/03 - 09/05),ICE,https://www.adac.de/rund-ums-fahrzeug/autokatalog/marken-modelle/audi/a2/8z-facelift/336940/,Rücksitzbank umklappbar,Serie
AUDI,A,A2 8Z (1. Facelift),2003,2005,Audi A2 1.2 TDI Automatik (EU3) (09/03 - 09/05),ICE,https://www.adac.de/rund-ums-fahrzeug/autokatalog/marken-modelle/audi/a2/8z-facelift/336940/,Schadstoffklasse,"Euro 3, 3L"
AUDI,A,A2 8Z (1. Facelift),2003,2005,Audi A2 1.2 TDI Automatik (EU3) (09/03 - 09/05),ICE,https://www.adac.de/rund-ums-fahrzeug/autokatalog/marken-modelle/audi/a2/8z-facelift/336940/,Seitenairbag vorne,Serie
AUDI,A,A2 8Z (1. Facelift),2003,2005,Audi A2 1.2 TDI Automatik (EU3) (09/03 - 09/05),ICE,https://www.adac.de/rund-ums-fahrzeug/autokatalog/marken-modelle/audi/a2/8z-facelift/336940/,Servolenkung,Aufpreis
AUDI,A,A2 8Z (1. Facelift),2003,2005,Audi A2 1.2 TDI Automatik (EU3) (09/03 - 09/05),ICE,https://www.adac.de/rund-ums-fahrzeug/autokatalog/marken-modelle/audi/a2/8z-facelift/336940/,Sitzanzahl,4
AUDI,A,A2 8Z (1. Facelift),2003,2005,Audi A2 1.2 TDI Automatik (EU3) (09/03 - 09/05),ICE,https://www.adac.de/rund-ums-fahrzeug/autokatalog/marken-modelle/audi/a2/8z-facelift/336940/,Tankgröße,"21,0 l"
AUDI,A,A2 8Z (1. Facelift),2003,2005,Audi A2 1.2 TDI Automatik (EU3) (09/03 - 09/05),ICE,https://www.adac.de/rund-ums-fahrzeug/autokatalog/marken-modelle/audi/a2/8z-facelift/336940/,Tankgröße (optional),"34,0 l"
AUDI,A,A2 8Z (1. Facelift),2003,2005,Audi A2 1.2 TDI Automatik (EU3) (09/03 - 09/05),ICE,https://www.adac.de/rund-ums-fahrzeug/autokatalog/marken-modelle/audi/a2/8z-facelift/336940/,Teilkaskobeitrag 150 € SB,370 €
AUDI,A,A2 8Z (1. Facelift),2003,2005,Audi A2 1.2 TDI Automatik (EU3) (09/03 - 09/05),ICE,https://www.adac.de/rund-ums-fahrzeug/autokatalog/marken-modelle/audi/a2/8z-facelift/336940/,Typ,Automatik (EU3)
AUDI,A,A2 8Z (1. Facelift),2003,2005,Audi A2 1.2 TDI Automatik (EU3) (09/03 - 09/05),ICE,https://www.adac.de/rund-ums-fahrzeug/autokatalog/marken-modelle/audi/a2/8z-facelift/336940/,Typklassen (KH/VK/TK),12/11/17
AUDI,A,A2 8Z (1. Facelift),2003,2005,Audi A2 1.2 TDI Automatik (EU3) (09/03 - 09/05),ICE,https://www.adac.de/rund-ums-fahrzeug/autokatalog/marken-modelle/audi/a2/8z-facelift/336940/,Türanzahl,5
AUDI,A,A2 8Z (1. Facelift),2003,2005,Audi A2 1.2 TDI Automatik (EU3) (09/03 - 09/05),ICE,https://www.adac.de/rund-ums-fahrzeug/autokatalog/marken-modelle/audi/a2/8z-facelift/336940/,Verbrauch Außerorts (NEFZ),"2,7 l/100 km"
AUDI,A,A2 8Z (1. Facelift),2003,2005,Audi A2 1.2 TDI Automatik (EU3) (09/03 - 09/05),ICE,https://www.adac.de/rund-ums-fahrzeug/autokatalog/marken-modelle/audi/a2/8z-facelift/336940/,Verbrauch Gesamt (NEFZ),"3,0 l/100 km"
AUDI,A,A2 8Z (1. Facelift),2003,2005,Audi A2 1.2 TDI Automatik (EU3) (09/03 - 09/05),ICE,https://www.adac.de/rund-ums-fahrzeug/autokatalog/marken-modelle/audi/a2/8z-facelift/336940/,Verbrauch Innerorts (NEFZ),"3,6 l/100 km"
AUDI,A,A2 8Z (1. Facelift),2003,2005,Audi A2 1.2 TDI Automatik (EU3) (09/03 - 09/05),ICE,https://www.adac.de/rund-ums-fahrzeug/autokatalog/marken-modelle/audi/a2/8z-facelift/336940/,Vollkaskobetrag 100% 500 € SB,628 €
AUDI,A,A2 8Z (1. Facelift),2003,2005,Audi A2 1.2 TDI Automatik (EU3) (09/03 - 09/05),ICE,https://www.adac.de/rund-ums-fahrzeug/autokatalog/marken-modelle/audi/a2/8z-facelift/336940/,Wendekreis,"10,5 m"
AUDI,A,A2 8Z (1. Facelift),2003,2005,Audi A2 1.2 TDI Automatik (EU3) (09/03 - 09/05),ICE,https://www.adac.de/rund-ums-fahrzeug/autokatalog/marken-modelle/audi/a2/8z-facelift/336940/,Werkstattkosten,k.A.
AUDI,A,A2 8Z (1. Facelift),2003,2005,Audi A2 1.2 TDI Automatik (EU3) (09/03 - 09/05),ICE,https://www.adac.de/rund-ums-fahrzeug/autokatalog/marken-modelle/audi/a2/8z-facelift/336940/,Wertverlust,k.A.
AUDI,A,A2 8Z (1. Facelift),2003,2005,Audi A2 1.2 TDI Automatik (EU3) (09/03 - 09/05),ICE,https://www.adac.de/rund-ums-fahrzeug/autokatalog/marken-modelle/audi/a2/8z-facelift/336940/,Zentralverriegelung,Serie
AUDI,A,A2 8Z (1. Facelift),2003,2005,Audi A2 1.2 TDI Automatik (EU3) (09/03 - 09/05),ICE,https://www.adac.de/rund-ums-fahrzeug/autokatalog/marken-modelle/audi/a2/8z-facelift/336940/,Zul. Gesamtgewicht,1245 kg
AUDI,A,A2 8Z (1. Facelift),2003,2005,Audi A2 1.2 TDI Automatik (EU3) (09/03 - 09/05),ICE,https://www.adac.de/rund-ums-fahrzeug/autokatalog/marken-modelle/audi/a2/8z-facelift/336940/,Zuladung,315 kg
AUDI,A,A2 8Z (1. Facelift),2003,2005,Audi A2 1.2 TDI Automatik (EU3) (09/03 - 09/05),ICE,https://www.adac.de/rund-ums-fahrzeug/autokatalog/marken-modelle/audi/a2/8z-facelift/336940/,Zusätzliche Garantien,"Mobilitätsgarantie: 2 Jahre europaweit, erweiterbar auf lebenslang unter Einhaltung aller Inspektionen;"
AUDI,A,A2 8Z (1. Facelift),2003,2005,Audi A2 1.2 TDI Automatik (EU4) (09/03 - 09/05),ICE,https://www.adac.de/rund-ums-fahrzeug/autokatalog/marken-modelle/audi/a2/8z-facelift/336941/,ABS,Serie
AUDI,A,A2 8Z (1. Facelift),2003,2005,Audi A2 1.2 TDI Automatik (EU4) (09/03 - 09/05),ICE,https://www.adac.de/rund-ums-fahrzeug/autokatalog/marken-modelle/audi/a2/8z-facelift/336941/,Abgasreinigung (Verbrennungsmotor),Oxy-Kat
AUDI,A,A2 8Z (1. Facelift),2003,2005,Audi A2 1.2 TDI Automatik (EU4) (09/03 - 09/05),ICE,https://www.adac.de/rund-ums-fahrzeug/autokatalog/marken-modelle/audi/a2/8z-facelift/336941/,Airbag Beifahrer,Serie
AUDI,A,A2 8Z (1. Facelift),2003,2005,Audi A2 1.2 TDI Automatik (EU4) (09/03 - 09/05),ICE,https://www.adac.de/rund-ums-fahrzeug/autokatalog/marken-modelle/audi/a2/8z-facelift/336941/,Airbag Fahrer,Serie
AUDI,A,A2 8Z (1. Facelift),2003,2005,Audi A2 1.2 TDI Automatik (EU4) (09/03 - 09/05),ICE,https://www.adac.de/rund-ums-fahrzeug/autokatalog/marken-modelle/audi/a2/8z-facelift/336941/,Antriebsart,Vorderrad
AUDI,A,A2 8Z (1. Facelift),2003,2005,Audi A2 1.2 TDI Automatik (EU4) (09/03 - 09/05),ICE,https://www.adac.de/rund-ums-fahrzeug/autokatalog/marken-modelle/audi/a2/8z-facelift/336941/,Antriebsschlupfregelung,Serie
AUDI,A,A2 8Z (1. Facelift),2003,2005,Audi A2 1.2 TDI Automatik (EU4) (09/03 - 09/05),ICE,https://www.adac.de/rund-ums-fahrzeug/autokatalog/marken-modelle/audi/a2/8z-facelift/336941/,Antriebsschlupfregelung - Bezeichnung,Antriebsschlupfregelung
AUDI,A,A2 8Z (1. Facelift),2003,2005,Audi A2 1.2 TDI Automatik (EU4) (09/03 - 09/05),ICE,https://www.adac.de/rund-ums-fahrzeug/autokatalog/marken-modelle/audi/a2/8z-facelift/336941/,Anzahl Gänge,5
AUDI,A,A2 8Z (1. Facelift),2003,2005,Audi A2 1.2 TDI Automatik (EU4) (09/03 - 09/05),ICE,https://www.adac.de/rund-ums-fahrzeug/autokatalog/marken-modelle/audi/a2/8z-facelift/336941/,Anzahl Ventile (Verbrennungsmotor),2
AUDI,A,A2 8Z (1. Facelift),2003,2005,Audi A2 1.2 TDI Automatik (EU4) (09/03 - 09/05),ICE,https://www.adac.de/rund-ums-fahrzeug/autokatalog/marken-modelle/audi/a2/8z-facelift/336941/,Anzahl Zylinder (Verbrennungsmotor),3
AUDI,A,A2 8Z (1. Facelift),2003,2005,Audi A2 1.2 TDI Automatik (EU4) (09/03 - 09/05),ICE,https://www.adac.de/rund-ums-fahrzeug/autokatalog/marken-modelle/audi/a2/8z-facelift/336941/,Aufladung (Verbrennungsmotor),Turbo
AUDI,A,A2 8Z (1. Facelift),2003,2005,Audi A2 1.2 TDI Automatik (EU4) (09/03 - 09/05),ICE,https://www.adac.de/rund-ums-fahrzeug/autokatalog/marken-modelle/audi/a2/8z-facelift/336941/,Baureihe,A2 (8Z) (09/03 - 09/05)
AUDI,A,A2 8Z (1. Facelift),2003,2005,Audi A2 1.2 TDI Automatik (EU4) (09/03 - 09/05),ICE,https://www.adac.de/rund-ums-fahrzeug/autokatalog/marken-modelle/audi/a2/8z-facelift/336941/,Baureihenende,09/05
AUDI,A,A2 8Z (1. Facelift),2003,2005,Audi A2 1.2 TDI Automatik (EU4) (09/03 - 09/05),ICE,https://www.adac.de/rund-ums-fahrzeug/autokatalog/marken-modelle/audi/a2/8z-facelift/336941/,Baureihenstart,09/03
AUDI,A,A2 8Z (1. Facelift),2003,2005,Audi A2 1.2 TDI Automatik (EU4) (09/03 - 09/05),ICE,https://www.adac.de/rund-ums-fahrzeug/autokatalog/marken-modelle/audi/a2/8z-facelift/336941/,Beschleunigung 0-100km/h,"14,9 s"
AUDI,A,A2 8Z (1. Facelift),2003,2005,Audi A2 1.2 TDI Automatik (EU4) (09/03 - 09/05),ICE,https://www.adac.de/rund-ums-fahrzeug/autokatalog/marken-modelle/audi/a2/8z-facelift/336941/,Betriebskosten,111 €
AUDI,A,A2 8Z (1. Facelift),2003,2005,Audi A2 1.2 TDI Automatik (EU4) (09/03 - 09/05),ICE,https://www.adac.de/rund-ums-fahrzeug/autokatalog/marken-modelle/audi/a2/8z-facelift/336941/,Breite,1673 mm
AUDI,A,A2 8Z (1. Facelift),2003,2005,Audi A2 1.2 TDI Automatik (EU4) (09/03 - 09/05),ICE,https://www.adac.de/rund-ums-fahrzeug/autokatalog/marken-modelle/audi/a2/8z-facelift/336941/,Breite (inkl. Außenspiegel),1890 mm
AUDI,A,A2 8Z (1. Facelift),2003,2005,Audi A2 1.2 TDI Automatik (EU4) (09/03 - 09/05),ICE,https://www.adac.de/rund-ums-fahrzeug/autokatalog/marken-modelle/audi/a2/8z-facelift/336941/,Bremsassistent,Serie
AUDI,A,A2 8Z (1. Facelift),2003,2005,Audi A2 1.2 TDI Automatik (EU4) (09/03 - 09/05),ICE,https://www.adac.de/rund-ums-fahrzeug/autokatalog/marken-modelle/audi/a2/8z-facelift/336941/,Bremsassistent - Bezeichnung,Hydraulischer Bremsassistent
AUDI,A,A2 8Z (1. Facelift),2003,2005,Audi A2 1.2 TDI Automatik (EU4) (09/03 - 09/05),ICE,https://www.adac.de/rund-ums-fahrzeug/autokatalog/marken-modelle/audi/a2/8z-facelift/336941/,Bremse hinten,Trommel
AUDI,A,A2 8Z (1. Facelift),2003,2005,Audi A2 1.2 TDI Automatik (EU4) (09/03 - 09/05),ICE,https://www.adac.de/rund-ums-fahrzeug/autokatalog/marken-modelle/audi/a2/8z-facelift/336941/,Bremse vorne,Scheibe
AUDI,A,A2 8Z (1. Facelift),2003,2005,Audi A2 1.2 TDI Automatik (EU4) (09/03 - 09/05),ICE,https://www.adac.de/rund-ums-fahrzeug/autokatalog/marken-modelle/audi/a2/8z-facelift/336941/,CO2-Wert (NEFZ),81 g/km
AUDI,A,A2 8Z (1. Facelift),2003,2005,Audi A2 1.2 TDI Automatik (EU4) (09/03 - 09/05),ICE,https://www.adac.de/rund-ums-fahrzeug/autokatalog/marken-modelle/audi/a2/8z-facelift/336941/,Dachlast,40 kg
AUDI,A,A2 8Z (1. Facelift),2003,2005,Audi A2 1.2 TDI Automatik (EU4) (09/03 - 09/05),ICE,https://www.adac.de/rund-ums-fahrzeug/autokatalog/marken-modelle/audi/a2/8z-facelift/336941/,Drehmoment (Systemleistung),140 Nm
AUDI,A,A2 8Z (1. Facelift),2003,2005,Audi A2 1.2 TDI Automatik (EU4) (09/03 - 09/05),ICE,https://www.adac.de/rund-ums-fahrzeug/autokatalog/marken-modelle/audi/a2/8z-facelift/336941/,Drehmoment maximal bei U/min. (Verbrennungsmotor),1800 U/min
AUDI,A,A2 8Z (1. Facelift),2003,2005,Audi A2 1.2 TDI Automatik (EU4) (09/03 - 09/05),ICE,https://www.adac.de/rund-ums-fahrzeug/autokatalog/marken-modelle/audi/a2/8z-facelift/336941/,Durchrostung,12 Jahre
AUDI,A,A2 8Z (1. Facelift),2003,2005,Audi A2 1.2 TDI Automatik (EU4) (09/03 - 09/05),ICE,https://www.adac.de/rund-ums-fahrzeug/autokatalog/marken-modelle/audi/a2/8z-facelift/336941/,Einbauposition / Motorbauart (Verbrennungsmotor),Frontmotor / Reihe
AUDI,A,A2 8Z (1. Facelift),2003,2005,Audi A2 1.2 TDI Automatik (EU4) (09/03 - 09/05),ICE,https://www.adac.de/rund-ums-fahrzeug/autokatalog/marken-modelle/audi/a2/8z-facelift/336941/,Fahrdynamikregelung,Serie
AUDI,A,A2 8Z (1. Facelift),2003,2005,Audi A2 1.2 TDI Automatik (EU4) (09/03 - 09/05),ICE,https://www.adac.de/rund-ums-fahrzeug/autokatalog/marken-modelle/audi/a2/8z-facelift/336941/,Fahrdynamikregelung - Bezeichnung,Elektronisches Stabilitätsprogramm
AUDI,A,A2 8Z (1. Facelift),2003,2005,Audi A2 1.2 TDI Automatik (EU4) (09/03 - 09/05),ICE,https://www.adac.de/rund-ums-fahrzeug/autokatalog/marken-modelle/audi/a2/8z-facelift/336941/,Fahrzeugklasse,Kleinwagen (z.B. Polo)
AUDI,A,A2 8Z (1. Facelift),2003,2005,Audi A2 1.2 TDI Automatik (EU4) (09/03 - 09/05),ICE,https://www.adac.de/rund-ums-fahrzeug/autokatalog/marken-modelle/audi/a2/8z-facelift/336941/,Federung hinten,Schraube
AUDI,A,A2 8Z (1. Facelift),2003,2005,Audi A2 1.2 TDI Automatik (EU4) (09/03 - 09/05),ICE,https://www.adac.de/rund-ums-fahrzeug/autokatalog/marken-modelle/audi/a2/8z-facelift/336941/,Federung vorne,Schraube
AUDI,A,A2 8Z (1. Facelift),2003,2005,Audi A2 1.2 TDI Automatik (EU4) (09/03 - 09/05),ICE,https://www.adac.de/rund-ums-fahrzeug/autokatalog/marken-modelle/audi/a2/8z-facelift/336941/,Fensterheber elektr. vorne,Serie
AUDI,A,A2 8Z (1. Facelift),2003,2005,Audi A2 1.2 TDI Automatik (EU4) (09/03 - 09/05),ICE,https://www.adac.de/rund-ums-fahrzeug/autokatalog/marken-modelle/audi/a2/8z-facelift/336941/,Fixkosten,95 €
AUDI,A,A2 8Z (1. Facelift),2003,2005,Audi A2 1.2 TDI Automatik (EU4) (09/03 - 09/05),ICE,https://www.adac.de/rund-ums-fahrzeug/autokatalog/marken-modelle/audi/a2/8z-facelift/336941/,Garantie (Fahrzeug),keine / ab EZ 01/05: 2 Jahre
AUDI,A,A2 8Z (1. Facelift),2003,2005,Audi A2 1.2 TDI Automatik (EU4) (09/03 - 09/05),ICE,https://www.adac.de/rund-ums-fahrzeug/autokatalog/marken-modelle/audi/a2/8z-facelift/336941/,Gemischaufbereitung (Verbrennungsmotor),Pumpe-Düse
AUDI,A,A2 8Z (1. Facelift),2003,2005,Audi A2 1.2 TDI Automatik (EU4) (09/03 - 09/05),ICE,https://www.adac.de/rund-ums-fahrzeug/autokatalog/marken-modelle/audi/a2/8z-facelift/336941/,Getriebeart,Automatisiertes Schaltgetriebe
AUDI,A,A2 8Z (1. Facelift),2003,2005,Audi A2 1.2 TDI Automatik (EU4) (09/03 - 09/05),ICE,https://www.adac.de/rund-ums-fahrzeug/autokatalog/marken-modelle/audi/a2/8z-facelift/336941/,Grundpreis,19000 Euro
AUDI,A,A2 8Z (1. Facelift),2003,2005,Audi A2 1.2 TDI Automatik (EU4) (09/03 - 09/05),ICE,https://www.adac.de/rund-ums-fahrzeug/autokatalog/marken-modelle/audi/a2/8z-facelift/336941/,HSN/TSN Schlüsselnummern,0588/733
AUDI,A,A2 8Z (1. Facelift),2003,2005,Audi A2 1.2 TDI Automatik (EU4) (09/03 - 09/05),ICE,https://www.adac.de/rund-ums-fahrzeug/autokatalog/marken-modelle/audi/a2/8z-facelift/336941/,Haftpflichtbeitrag 100%,902 €
AUDI,A,A2 8Z (1. Facelift),2003,2005,Audi A2 1.2 TDI Automatik (EU4) (09/03 - 09/05),ICE,https://www.adac.de/rund-ums-fahrzeug/autokatalog/marken-modelle/audi/a2/8z-facelift/336941/,Herstellerinterne Baureihenbezeichnung,8Z
AUDI,A,A2 8Z (1. Facelift),2003,2005,Audi A2 1.2 TDI Automatik (EU4) (09/03 - 09/05),ICE,https://www.adac.de/rund-ums-fahrzeug/autokatalog/marken-modelle/audi/a2/8z-facelift/336941/,Hubraum (Verbrennungsmotor),1191 ccm
AUDI,A,A2 8Z (1. Facelift),2003,2005,Audi A2 1.2 TDI Automatik (EU4) (09/03 - 09/05),ICE,https://www.adac.de/rund-ums-fahrzeug/autokatalog/marken-modelle/audi/a2/8z-facelift/336941/,Höchstgeschwindigkeit,168 km/h
AUDI,A,A2 8Z (1. Facelift),2003,2005,Audi A2 1.2 TDI Automatik (EU4) (09/03 - 09/05),ICE,https://www.adac.de/rund-ums-fahrzeug/autokatalog/marken-modelle/audi/a2/8z-facelift/336941/,Höhe,1553 mm
AUDI,A,A2 8Z (1. Facelift),2003,2005,Audi A2 1.2 TDI Automatik (EU4) (09/03 - 09/05),ICE,https://www.adac.de/rund-ums-fahrzeug/autokatalog/marken-modelle/audi/a2/8z-facelift/336941/,Isofix,Serie
AUDI,A,A2 8Z (1. Facelift),2003,2005,Audi A2 1.2 TDI Automatik (EU4) (09/03 - 09/05),ICE,https://www.adac.de/rund-ums-fahrzeug/autokatalog/marken-modelle/audi/a2/8z-facelift/336941/,Isofix - Bezeichnung,Nur hinten
AUDI,A,A2 8Z (1. Facelift),2003,2005,Audi A2 1.2 TDI Automatik (EU4) (09/03 - 09/05),ICE,https://www.adac.de/rund-ums-fahrzeug/autokatalog/marken-modelle/audi/a2/8z-facelift/336941/,KFZ-Steuer ohne Befreiung/Jahr (kann durch WLTP abweichen),185 Euro
AUDI,A,A2 8Z (1. Facelift),2003,2005,Audi A2 1.2 TDI Automatik (EU4) (09/03 - 09/05),ICE,https://www.adac.de/rund-ums-fahrzeug/autokatalog/marken-modelle/audi/a2/8z-facelift/336941/,KFZ-Steuer pro Jahr ohne Steuerbefreiung,185 €
AUDI,A,A2 8Z (1. Facelift),2003,2005,Audi A2 1.2 TDI Automatik (EU4) (09/03 - 09/05),ICE,https://www.adac.de/rund-ums-fahrzeug/autokatalog/marken-modelle/audi/a2/8z-facelift/336941/,Karosserie,Schrägheck
AUDI,A,A2 8Z (1. Facelift),2003,2005,Audi A2 1.2 TDI Automatik (EU4) (09/03 - 09/05),ICE,https://www.adac.de/rund-ums-fahrzeug/autokatalog/marken-modelle/audi/a2/8z-facelift/336941/,Klassenübliche Ausstattung nach ADAC-Vorgabe,k.A.
AUDI,A,A2 8Z (1. Facelift),2003,2005,Audi A2 1.2 TDI Automatik (EU4) (09/03 - 09/05),ICE,https://www.adac.de/rund-ums-fahrzeug/autokatalog/marken-modelle/audi/a2/8z-facelift/336941/,Kofferraumvolumen normal,350 l
AUDI,A,A2 8Z (1. Facelift),2003,2005,Audi A2 1.2 TDI Automatik (EU4) (09/03 - 09/05),ICE,https://www.adac.de/rund-ums-fahrzeug/autokatalog/marken-modelle/audi/a2/8z-facelift/336941/,Kopfstützen hinten,Serie
AUDI,A,A2 8Z (1. Facelift),2003,2005,Audi A2 1.2 TDI Automatik (EU4) (09/03 - 09/05),ICE,https://www.adac.de/rund-ums-fahrzeug/autokatalog/marken-modelle/audi/a2/8z-facelift/336941/,Kraftstoffart,Diesel
AUDI,A,A2 8Z (1. Facelift),2003,2005,Audi A2 1.2 TDI Automatik (EU4) (09/03 - 09/05),ICE,https://www.adac.de/rund-ums-fahrzeug/autokatalog/marken-modelle/audi/a2/8z-facelift/336941/,Lackgarantie,3 Jahre
AUDI,A,A2 8Z (1. Facelift),2003,2005,Audi A2 1.2 TDI Automatik (EU4) (09/03 - 09/05),ICE,https://www.adac.de/rund-ums-fahrzeug/autokatalog/marken-modelle/audi/a2/8z-facelift/336941/,Leergewicht (EU),930 kg
AUDI,A,A2 8Z (1. Facelift),2003,2005,Audi A2 1.2 TDI Automatik (EU4) (09/03 - 09/05),ICE,https://www.adac.de/rund-ums-fahrzeug/autokatalog/marken-modelle/audi/a2/8z-facelift/336941/,Leistung / Drehmoment (Verbrennungsmotor),45 kW (61 PS) / 140 Nm
AUDI,A,A2 8Z (1. Facelift),2003,2005,Audi A2 1.2 TDI Automatik (EU4) (09/03 - 09/05),ICE,https://www.adac.de/rund-ums-fahrzeug/autokatalog/marken-modelle/audi/a2/8z-facelift/336941/,Leistung maximal bei U/min. (Verbrennungsmotor),4000 U/min
AUDI,A,A2 8Z (1. Facelift),2003,2005,Audi A2 1.2 TDI Automatik (EU4) (09/03 - 09/05),ICE,https://www.adac.de/rund-ums-fahrzeug/autokatalog/marken-modelle/audi/a2/8z-facelift/336941/,Leistung maximal in PS (Systemleistung),61
AUDI,A,A2 8Z (1. Facelift),2003,2005,Audi A2 1.2 TDI Automatik (EU4) (09/03 - 09/05),ICE,https://www.adac.de/rund-ums-fahrzeug/autokatalog/marken-modelle/audi/a2/8z-facelift/336941/,Leistung maximal in kW (Systemleistung),45
AUDI,A,A2 8Z (1. Facelift),2003,2005,Audi A2 1.2 TDI Automatik (EU4) (09/03 - 09/05),ICE,https://www.adac.de/rund-ums-fahrzeug/autokatalog/marken-modelle/audi/a2/8z-facelift/336941/,Länge,3826 mm
AUDI,A,A2 8Z (1. Facelift),2003,2005,Audi A2 1.2 TDI Automatik (EU4) (09/03 - 09/05),ICE,https://www.adac.de/rund-ums-fahrzeug/autokatalog/marken-modelle/audi/a2/8z-facelift/336941/,Marke,Audi
AUDI,A,A2 8Z (1. Facelift),2003,2005,Audi A2 1.2 TDI Automatik (EU4) (09/03 - 09/05),ICE,https://www.adac.de/rund-ums-fahrzeug/autokatalog/marken-modelle/audi/a2/8z-facelift/336941/,Metallic-Lackierung,420 Euro
AUDI,A,A2 8Z (1. Facelift),2003,2005,Audi A2 1.2 TDI Automatik (EU4) (09/03 - 09/05),ICE,https://www.adac.de/rund-ums-fahrzeug/autokatalog/marken-modelle/audi/a2/8z-facelift/336941/,Modell,A2 1.2 TDI
AUDI,A,A2 8Z (1. Facelift),2003,2005,Audi A2 1.2 TDI Automatik (EU4) (09/03 - 09/05),ICE,https://www.adac.de/rund-ums-fahrzeug/autokatalog/marken-modelle/audi/a2/8z-facelift/336941/,Modellende,09/05
AUDI,A,A2 8Z (1. Facelift),2003,2005,Audi A2 1.2 TDI Automatik (EU4) (09/03 - 09/05),ICE,https://www.adac.de/rund-ums-fahrzeug/autokatalog/marken-modelle/audi/a2/8z-facelift/336941/,Modellstart,09/03
AUDI,A,A2 8Z (1. Facelift),2003,2005,Audi A2 1.2 TDI Automatik (EU4) (09/03 - 09/05),ICE,https://www.adac.de/rund-ums-fahrzeug/autokatalog/marken-modelle/audi/a2/8z-facelift/336941/,Motorart,Diesel
AUDI,A,A2 8Z (1. Facelift),2003,2005,Audi A2 1.2 TDI Automatik (EU4) (09/03 - 09/05),ICE,https://www.adac.de/rund-ums-fahrzeug/autokatalog/marken-modelle/audi/a2/8z-facelift/336941/,Motorcode,ANY
AUDI,A,A2 8Z (1. Facelift),2003,2005,Audi A2 1.2 TDI Automatik (EU4) (09/03 - 09/05),ICE,https://www.adac.de/rund-ums-fahrzeug/autokatalog/marken-modelle/audi/a2/8z-facelift/336941/,Nockenwellensteuerung,Zahnriemen
AUDI,A,A2 8Z (1. Facelift),2003,2005,Audi A2 1.2 TDI Automatik (EU4) (09/03 - 09/05),ICE,https://www.adac.de/rund-ums-fahrzeug/autokatalog/marken-modelle/audi/a2/8z-facelift/336941/,Radio,400 Euro
AUDI,A,A2 8Z (1. Facelift),2003,2005,Audi A2 1.2 TDI Automatik (EU4) (09/03 - 09/05),ICE,https://www.adac.de/rund-ums-fahrzeug/autokatalog/marken-modelle/audi/a2/8z-facelift/336941/,Radio - Bezeichnung,Radio chorus mit Cassette
AUDI,A,A2 8Z (1. Facelift),2003,2005,Audi A2 1.2 TDI Automatik (EU4) (09/03 - 09/05),ICE,https://www.adac.de/rund-ums-fahrzeug/autokatalog/marken-modelle/audi/a2/8z-facelift/336941/,Radstand,2405 mm
AUDI,A,A2 8Z (1. Facelift),2003,2005,Audi A2 1.2 TDI Automatik (EU4) (09/03 - 09/05),ICE,https://www.adac.de/rund-ums-fahrzeug/autokatalog/marken-modelle/audi/a2/8z-facelift/336941/,Reifengröße,145/80R14T
AUDI,A,A2 8Z (1. Facelift),2003,2005,Audi A2 1.2 TDI Automatik (EU4) (09/03 - 09/05),ICE,https://www.adac.de/rund-ums-fahrzeug/autokatalog/marken-modelle/audi/a2/8z-facelift/336941/,Schadstoffklasse,"Euro 4, 3L"
AUDI,A,A2 8Z (1. Facelift),2003,2005,Audi A2 1.2 TDI Automatik (EU4) (09/03 - 09/05),ICE,https://www.adac.de/rund-ums-fahrzeug/autokatalog/marken-modelle/audi/a2/8z-facelift/336941/,Seitenairbag vorne,Serie
AUDI,A,A2 8Z (1. Facelift),2003,2005,Audi A2 1.2 TDI Automatik (EU4) (09/03 - 09/05),ICE,https://www.adac.de/rund-ums-fahrzeug/autokatalog/marken-modelle/audi/a2/8z-facelift/336941/,Sitzanzahl,4
AUDI,A,A2 8Z (1. Facelift),2003,2005,Audi A2 1.2 TDI Automatik (EU4) (09/03 - 09/05),ICE,https://www.adac.de/rund-ums-fahrzeug/autokatalog/marken-modelle/audi/a2/8z-facelift/336941/,Tankgröße,"21,0 l"
AUDI,A,A2 8Z (1. Facelift),2003,2005,Audi A2 1.2 TDI Automatik (EU4) (09/03 - 09/05),ICE,https://www.adac.de/rund-ums-fahrzeug/autokatalog/marken-modelle/audi/a2/8z-facelift/336941/,Teilkaskobeitrag 150 € SB,370 €
AUDI,A,A2 8Z (1. Facelift),2003,2005,Audi A2 1.2 TDI Automatik (EU4) (09/03 - 09/05),ICE,https://www.adac.de/rund-ums-fahrzeug/autokatalog/marken-modelle/audi/a2/8z-facelift/336941/,Typ,Automatik (EU4)
AUDI,A,A2 8Z (1. Facelift),2003,2005,Audi A2 1.2 TDI Automatik (EU4) (09/03 - 09/05),ICE,https://www.adac.de/rund-ums-fahrzeug/autokatalog/marken-modelle/audi/a2/8z-facelift/336941/,Typklassen (KH/VK/TK),12/11/17
AUDI,A,A2 8Z (1. Facelift),2003,2005,Audi A2 1.2 TDI Automatik (EU4) (09/03 - 09/05),ICE,https://www.adac.de/rund-ums-fahrzeug/autokatalog/marken-modelle/audi/a2/8z-facelift/336941/,Türanzahl,5
AUDI,A,A2 8Z (1. Facelift),2003,2005,Audi A2 1.2 TDI Automatik (EU4) (09/03 - 09/05),ICE,https://www.adac.de/rund-ums-fahrzeug/autokatalog/marken-modelle/audi/a2/8z-facelift/336941/,Verbrauch Außerorts (NEFZ),"2,7 l/100 km"
AUDI,A,A2 8Z (1. Facelift),2003,2005,Audi A2 1.2 TDI Automatik (EU4) (09/03 - 09/05),ICE,https://www.adac.de/rund-ums-fahrzeug/autokatalog/marken-modelle/audi/a2/8z-facelift/336941/,Verbrauch Gesamt (NEFZ),"3,0 l/100 km"
AUDI,A,A2 8Z (1. Facelift),2003,2005,Audi A2 1.2 TDI Automatik (EU4) (09/03 - 09/05),ICE,https://www.adac.de/rund-ums-fahrzeug/autokatalog/marken-modelle/audi/a2/8z-facelift/336941/,Verbrauch Innerorts (NEFZ),"3,6 l/100 km"
AUDI,A,A2 8Z (1. Facelift),2003,2005,Audi A2 1.2 TDI Automatik (EU4) (09/03 - 09/05),ICE,https://www.adac.de/rund-ums-fahrzeug/autokatalog/marken-modelle/audi/a2/8z-facelift/336941/,Vollkaskobetrag 100% 500 € SB,628 €
AUDI,A,A2 8Z (1. Facelift),2003,2005,Audi A2 1.2 TDI Automatik (EU4) (09/03 - 09/05),ICE,https://www.adac.de/rund-ums-fahrzeug/autokatalog/marken-modelle/audi/a2/8z-facelift/336941/,Wendekreis,"10,5 m"
AUDI,A,A2 8Z (1. Facelift),2003,2005,Audi A2 1.2 TDI Automatik (EU4) (09/03 - 09/05),ICE,https://www.adac.de/rund-ums-fahrzeug/autokatalog/marken-modelle/audi/a2/8z-facelift/336941/,Werkstattkosten,k.A.
AUDI,A,A2 8Z (1. Facelift),2003,2005,Audi A2 1.2 TDI Automatik (EU4) (09/03 - 09/05),ICE,https://www.adac.de/rund-ums-fahrzeug/autokatalog/marken-modelle/audi/a2/8z-facelift/336941/,Wertverlust,k.A.
AUDI,A,A2 8Z (1. Facelift),2003,2005,Audi A2 1.2 TDI Automatik (EU4) (09/03 - 09/05),ICE,https://www.adac.de/rund-ums-fahrzeug/autokatalog/marken-modelle/audi/a2/8z-facelift/336941/,Zentralverriegelung,Serie
AUDI,A,A2 8Z (1. Facelift),2003,2005,Audi A2 1.2 TDI Automatik (EU4) (09/03 - 09/05),ICE,https://www.adac.de/rund-ums-fahrzeug/autokatalog/marken-modelle/audi/a2/8z-facelift/336941/,Zul. Gesamtgewicht,1200 kg
AUDI,A,A2 8Z (1. Facelift),2003,2005,Audi A2 1.2 TDI Automatik (EU4) (09/03 - 09/05),ICE,https://www.adac.de/rund-ums-fahrzeug/autokatalog/marken-modelle/audi/a2/8z-facelift/336941/,Zuladung,270 kg
AUDI,A,A2 8Z (1. Facelift),2003,2005,Audi A2 1.2 TDI Automatik (EU4) (09/03 - 09/05),ICE,https://www.adac.de/rund-ums-fahrzeug/autokatalog/marken-modelle/audi/a2/8z-facelift/336941/,Zusätzliche Garantien,"Mobilitätsgarantie: 2 Jahre europaweit, erweiterbar auf lebenslang unter Einhaltung aller Inspektionen;"
AUDI,A,A2 8Z (1. Facelift),2003,2005,Audi A2 1.4 (09/03 - 09/05),ICE,https://www.adac.de/rund-ums-fahrzeug/autokatalog/marken-modelle/audi/a2/8z-facelift/336938/,3-Punkt-Gurt hinten Mitte,Aufpreis
AUDI,A,A2 8Z (1. Facelift),2003,2005,Audi A2 1.4 (09/03 - 09/05),ICE,https://www.adac.de/rund-ums-fahrzeug/autokatalog/marken-modelle/audi/a2/8z-facelift/336938/,3-Punkt-Gurt hinten Mitte - Bezeichnung,3-Punkt Gurt
AUDI,A,A2 8Z (1. Facelift),2003,2005,Audi A2 1.4 (09/03 - 09/05),ICE,https://www.adac.de/rund-ums-fahrzeug/autokatalog/marken-modelle/audi/a2/8z-facelift/336938/,ABS,Serie
AUDI,A,A2 8Z (1. Facelift),2003,2005,Audi A2 1.4 (09/03 - 09/05),ICE,https://www.adac.de/rund-ums-fahrzeug/autokatalog/marken-modelle/audi/a2/8z-facelift/336938/,Abgasreinigung (Verbrennungsmotor),geregelt
AUDI,A,A2 8Z (1. Facelift),2003,2005,Audi A2 1.4 (09/03 - 09/05),ICE,https://www.adac.de/rund-ums-fahrzeug/autokatalog/marken-modelle/audi/a2/8z-facelift/336938/,Airbag Beifahrer,Serie
AUDI,A,A2 8Z (1. Facelift),2003,2005,Audi A2 1.4 (09/03 - 09/05),ICE,https://www.adac.de/rund-ums-fahrzeug/autokatalog/marken-modelle/audi/a2/8z-facelift/336938/,Airbag Deaktivierung,Paket
AUDI,A,A2 8Z (1. Facelift),2003,2005,Audi A2 1.4 (09/03 - 09/05),ICE,https://www.adac.de/rund-ums-fahrzeug/autokatalog/marken-modelle/audi/a2/8z-facelift/336938/,Airbag Deaktivierung - Bezeichnung,Schlüsselschalter
AUDI,A,A2 8Z (1. Facelift),2003,2005,Audi A2 1.4 (09/03 - 09/05),ICE,https://www.adac.de/rund-ums-fahrzeug/autokatalog/marken-modelle/audi/a2/8z-facelift/336938/,Airbag Fahrer,Serie
AUDI,A,A2 8Z (1. Facelift),2003,2005,Audi A2 1.4 (09/03 - 09/05),ICE,https://www.adac.de/rund-ums-fahrzeug/autokatalog/marken-modelle/audi/a2/8z-facelift/336938/,Alufelgen,260 Euro
AUDI,A,A2 8Z (1. Facelift),2003,2005,Audi A2 1.4 (09/03 - 09/05),ICE,https://www.adac.de/rund-ums-fahrzeug/autokatalog/marken-modelle/audi/a2/8z-facelift/336938/,Anhängelast gebremst 12%,1000 kg
AUDI,A,A2 8Z (1. Facelift),2003,2005,Audi A2 1.4 (09/03 - 09/05),ICE,https://www.adac.de/rund-ums-fahrzeug/autokatalog/marken-modelle/audi/a2/8z-facelift/336938/,Anhängelast ungebremst,490 kg
AUDI,A,A2 8Z (1. Facelift),2003,2005,Audi A2 1.4 (09/03 - 09/05),ICE,https://www.adac.de/rund-ums-fahrzeug/autokatalog/marken-modelle/audi/a2/8z-facelift/336938/,Anhängerkupplung,660 Euro
AUDI,A,A2 8Z (1. Facelift),2003,2005,Audi A2 1.4 (09/03 - 09/05),ICE,https://www.adac.de/rund-ums-fahrzeug/autokatalog/marken-modelle/audi/a2/8z-facelift/336938/,Antriebsart,Vorderrad
AUDI,A,A2 8Z (1. Facelift),2003,2005,Audi A2 1.4 (09/03 - 09/05),ICE,https://www.adac.de/rund-ums-fahrzeug/autokatalog/marken-modelle/audi/a2/8z-facelift/336938/,Antriebsschlupfregelung,Serie
AUDI,A,A2 8Z (1. Facelift),2003,2005,Audi A2 1.4 (09/03 - 09/05),ICE,https://www.adac.de/rund-ums-fahrzeug/autokatalog/marken-modelle/audi/a2/8z-facelift/336938/,Antriebsschlupfregelung - Bezeichnung,Antriebsschlupfregelung
AUDI,A,A2 8Z (1. Facelift),2003,2005,Audi A2 1.4 (09/03 - 09/05),ICE,https://www.adac.de/rund-ums-fahrzeug/autokatalog/marken-modelle/audi/a2/8z-facelift/336938/,Anzahl Gänge,5
AUDI,A,A2 8Z (1. Facelift),2003,2005,Audi A2 1.4 (09/03 - 09/05),ICE,https://www.adac.de/rund-ums-fahrzeug/autokatalog/marken-modelle/audi/a2/8z-facelift/336938/,Anzahl Ventile (Verbrennungsmotor),4
AUDI,A,A2 8Z (1. Facelift),2003,2005,Audi A2 1.4 (09/03 - 09/05),ICE,https://www.adac.de/rund-ums-fahrzeug/autokatalog/marken-modelle/audi/a2/8z-facelift/336938/,Anzahl Zylinder (Verbrennungsmotor),4
AUDI,A,A2 8Z (1. Facelift),2003,2005,Audi A2 1.4 (09/03 - 09/05),ICE,https://www.adac.de/rund-ums-fahrzeug/autokatalog/marken-modelle/audi/a2/8z-facelift/336938/,Baureihe,A2 (8Z) (09/03 - 09/05)
AUDI,A,A2 8Z (1. Facelift),2003,2005,Audi A2 1.4 (09/03 - 09/05),ICE,https://www.adac.de/rund-ums-fahrzeug/autokatalog/marken-modelle/audi/a2/8z-facelift/336938/,Baureihenende,09/05
AUDI,A,A2 8Z (1. Facelift),2003,2005,Audi A2 1.4 (09/03 - 09/05),ICE,https://www.adac.de/rund-ums-fahrzeug/autokatalog/marken-modelle/audi/a2/8z-facelift/336938/,Baureihenstart,09/03
AUDI,A,A2 8Z (1. Facelift),2003,2005,Audi A2 1.4 (09/03 - 09/05),ICE,https://www.adac.de/rund-ums-fahrzeug/autokatalog/marken-modelle/audi/a2/8z-facelift/336938/,Beschleunigung 0-100km/h,"12,3 s"
AUDI,A,A2 8Z (1. Facelift),2003,2005,Audi A2 1.4 (09/03 - 09/05),ICE,https://www.adac.de/rund-ums-fahrzeug/autokatalog/marken-modelle/audi/a2/8z-facelift/336938/,Betriebskosten,186 €
AUDI,A,A2 8Z (1. Facelift),2003,2005,Audi A2 1.4 (09/03 - 09/05),ICE,https://www.adac.de/rund-ums-fahrzeug/autokatalog/marken-modelle/audi/a2/8z-facelift/336938/,Breite,1673 mm
AUDI,A,A2 8Z (1. Facelift),2003,2005,Audi A2 1.4 (09/03 - 09/05),ICE,https://www.adac.de/rund-ums-fahrzeug/autokatalog/marken-modelle/audi/a2/8z-facelift/336938/,Breite (inkl. Außenspiegel),1890 mm
AUDI,A,A2 8Z (1. Facelift),2003,2005,Audi A2 1.4 (09/03 - 09/05),ICE,https://www.adac.de/rund-ums-fahrzeug/autokatalog/marken-modelle/audi/a2/8z-facelift/336938/,Bremsassistent,Serie
AUDI,A,A2 8Z (1. Facelift),2003,2005,Audi A2 1.4 (09/03 - 09/05),ICE,https://www.adac.de/rund-ums-fahrzeug/autokatalog/marken-modelle/audi/a2/8z-facelift/336938/,Bremsassistent - Bezeichnung,Hydraulischer Bremsassistent
AUDI,A,A2 8Z (1. Facelift),2003,2005,Audi A2 1.4 (09/03 - 09/05),ICE,https://www.adac.de/rund-ums-fahrzeug/autokatalog/marken-modelle/audi/a2/8z-facelift/336938/,Bremse hinten,Trommel
AUDI,A,A2 8Z (1. Facelift),2003,2005,Audi A2 1.4 (09/03 - 09/05),ICE,https://www.adac.de/rund-ums-fahrzeug/autokatalog/marken-modelle/audi/a2/8z-facelift/336938/,Bremse vorne,Scheibe
AUDI,A,A2 8Z (1. Facelift),2003,2005,Audi A2 1.4 (09/03 - 09/05),ICE,https://www.adac.de/rund-ums-fahrzeug/autokatalog/marken-modelle/audi/a2/8z-facelift/336938/,CO2-Wert (NEFZ),142 g/km
AUDI,A,A2 8Z (1. Facelift),2003,2005,Audi A2 1.4 (09/03 - 09/05),ICE,https://www.adac.de/rund-ums-fahrzeug/autokatalog/marken-modelle/audi/a2/8z-facelift/336938/,Dachlast,40 kg
AUDI,A,A2 8Z (1. Facelift),2003,2005,Audi A2 1.4 (09/03 - 09/05),ICE,https://www.adac.de/rund-ums-fahrzeug/autokatalog/marken-modelle/audi/a2/8z-facelift/336938/,Drehmoment (Systemleistung),126 Nm
AUDI,A,A2 8Z (1. Facelift),2003,2005,Audi A2 1.4 (09/03 - 09/05),ICE,https://www.adac.de/rund-ums-fahrzeug/autokatalog/marken-modelle/audi/a2/8z-facelift/336938/,Drehmoment maximal bei U/min. (Verbrennungsmotor),3800 U/min
AUDI,A,A2 8Z (1. Facelift),2003,2005,Audi A2 1.4 (09/03 - 09/05),ICE,https://www.adac.de/rund-ums-fahrzeug/autokatalog/marken-modelle/audi/a2/8z-facelift/336938/,Durchrostung,12 Jahre
AUDI,A,A2 8Z (1. Facelift),2003,2005,Audi A2 1.4 (09/03 - 09/05),ICE,https://www.adac.de/rund-ums-fahrzeug/autokatalog/marken-modelle/audi/a2/8z-facelift/336938/,Einbauposition / Motorbauart (Verbrennungsmotor),Frontmotor / Reihe
AUDI,A,A2 8Z (1. Facelift),2003,2005,Audi A2 1.4 (09/03 - 09/05),ICE,https://www.adac.de/rund-ums-fahrzeug/autokatalog/marken-modelle/audi/a2/8z-facelift/336938/,Einparkhilfe,320 Euro
AUDI,A,A2 8Z (1. Facelift),2003,2005,Audi A2 1.4 (09/03 - 09/05),ICE,https://www.adac.de/rund-ums-fahrzeug/autokatalog/marken-modelle/audi/a2/8z-facelift/336938/,Einparkhilfe - Bezeichnung,hinten
AUDI,A,A2 8Z (1. Facelift),2003,2005,Audi A2 1.4 (09/03 - 09/05),ICE,https://www.adac.de/rund-ums-fahrzeug/autokatalog/marken-modelle/audi/a2/8z-facelift/336938/,Fahrdynamikregelung,Serie
AUDI,A,A2 8Z (1. Facelift),2003,2005,Audi A2 1.4 (09/03 - 09/05),ICE,https://www.adac.de/rund-ums-fahrzeug/autokatalog/marken-modelle/audi/a2/8z-facelift/336938/,Fahrdynamikregelung - Bezeichnung,Elektronisches Stabilitätsprogramm
AUDI,A,A2 8Z (1. Facelift),2003,2005,Audi A2 1.4 (09/03 - 09/05),ICE,https://www.adac.de/rund-ums-fahrzeug/autokatalog/marken-modelle/audi/a2/8z-facelift/336938/,Fahrzeugklasse,Kleinwagen (z.B. Polo)
AUDI,A,A2 8Z (1. Facelift),2003,2005,Audi A2 1.4 (09/03 - 09/05),ICE,https://www.adac.de/rund-ums-fahrzeug/autokatalog/marken-modelle/audi/a2/8z-facelift/336938/,Federung hinten,Schraube
AUDI,A,A2 8Z (1. Facelift),2003,2005,Audi A2 1.4 (09/03 - 09/05),ICE,https://www.adac.de/rund-ums-fahrzeug/autokatalog/marken-modelle/audi/a2/8z-facelift/336938/,Federung vorne,Schraube
AUDI,A,A2 8Z (1. Facelift),2003,2005,Audi A2 1.4 (09/03 - 09/05),ICE,https://www.adac.de/rund-ums-fahrzeug/autokatalog/marken-modelle/audi/a2/8z-facelift/336938/,Fensterheber elektr. hinten,240 Euro
AUDI,A,A2 8Z (1. Facelift),2003,2005,Audi A2 1.4 (09/03 - 09/05),ICE,https://www.adac.de/rund-ums-fahrzeug/autokatalog/marken-modelle/audi/a2/8z-facelift/336938/,Fensterheber elektr. vorne,Serie
AUDI,A,A2 8Z (1. Facelift),2003,2005,Audi A2 1.4 (09/03 - 09/05),ICE,https://www.adac.de/rund-ums-fahrzeug/autokatalog/marken-modelle/audi/a2/8z-facelift/336938/,Fixkosten,81 €
AUDI,A,A2 8Z (1. Facelift),2003,2005,Audi A2 1.4 (09/03 - 09/05),ICE,https://www.adac.de/rund-ums-fahrzeug/autokatalog/marken-modelle/audi/a2/8z-facelift/336938/,Garantie (Fahrzeug),keine / ab EZ 01/05: 2 Jahre
AUDI,A,A2 8Z (1. Facelift),2003,2005,Audi A2 1.4 (09/03 - 09/05),ICE,https://www.adac.de/rund-ums-fahrzeug/autokatalog/marken-modelle/audi/a2/8z-facelift/336938/,Gemischaufbereitung (Verbrennungsmotor),Einspritzung
AUDI,A,A2 8Z (1. Facelift),2003,2005,Audi A2 1.4 (09/03 - 09/05),ICE,https://www.adac.de/rund-ums-fahrzeug/autokatalog/marken-modelle/audi/a2/8z-facelift/336938/,Getriebeart,Schaltgetriebe
AUDI,A,A2 8Z (1. Facelift),2003,2005,Audi A2 1.4 (09/03 - 09/05),ICE,https://www.adac.de/rund-ums-fahrzeug/autokatalog/marken-modelle/audi/a2/8z-facelift/336938/,Grundpreis,17000 Euro
AUDI,A,A2 8Z (1. Facelift),2003,2005,Audi A2 1.4 (09/03 - 09/05),ICE,https://www.adac.de/rund-ums-fahrzeug/autokatalog/marken-modelle/audi/a2/8z-facelift/336938/,HSN/TSN Schlüsselnummern,0588/734
AUDI,A,A2 8Z (1. Facelift),2003,2005,Audi A2 1.4 (09/03 - 09/05),ICE,https://www.adac.de/rund-ums-fahrzeug/autokatalog/marken-modelle/audi/a2/8z-facelift/336938/,Haftpflichtbeitrag 100%,902 €
AUDI,A,A2 8Z (1. Facelift),2003,2005,Audi A2 1.4 (09/03 - 09/05),ICE,https://www.adac.de/rund-ums-fahrzeug/autokatalog/marken-modelle/audi/a2/8z-facelift/336938/,Herstellerinterne Baureihenbezeichnung,8Z
AUDI,A,A2 8Z (1. Facelift),2003,2005,Audi A2 1.4 (09/03 - 09/05),ICE,https://www.adac.de/rund-ums-fahrzeug/autokatalog/marken-modelle/audi/a2/8z-facelift/336938/,Hubraum (Verbrennungsmotor),1390 ccm
AUDI,A,A2 8Z (1. Facelift),2003,2005,Audi A2 1.4 (09/03 - 09/05),ICE,https://www.adac.de/rund-ums-fahrzeug/autokatalog/marken-modelle/audi/a2/8z-facelift/336938/,Höchstgeschwindigkeit,173 km/h
AUDI,A,A2 8Z (1. Facelift),2003,2005,Audi A2 1.4 (09/03 - 09/05),ICE,https://www.adac.de/rund-ums-fahrzeug/autokatalog/marken-modelle/audi/a2/8z-facelift/336938/,Höhe,1553 mm
AUDI,A,A2 8Z (1. Facelift),2003,2005,Audi A2 1.4 (09/03 - 09/05),ICE,https://www.adac.de/rund-ums-fahrzeug/autokatalog/marken-modelle/audi/a2/8z-facelift/336938/,Isofix,Serie
AUDI,A,A2 8Z (1. Facelift),2003,2005,Audi A2 1.4 (09/03 - 09/05),ICE,https://www.adac.de/rund-ums-fahrzeug/autokatalog/marken-modelle/audi/a2/8z-facelift/336938/,Isofix - Bezeichnung,Nur hinten
AUDI,A,A2 8Z (1. Facelift),2003,2005,Audi A2 1.4 (09/03 - 09/05),ICE,https://www.adac.de/rund-ums-fahrzeug/autokatalog/marken-modelle/audi/a2/8z-facelift/336938/,KFZ-Steuer ohne Befreiung/Jahr (kann durch WLTP abweichen),94 Euro
AUDI,A,A2 8Z (1. Facelift),2003,2005,Audi A2 1.4 (09/03 - 09/05),ICE,https://www.adac.de/rund-ums-fahrzeug/autokatalog/marken-modelle/audi/a2/8z-facelift/336938/,KFZ-Steuer pro Jahr ohne Steuerbefreiung,94 €
AUDI,A,A2 8Z (1. Facelift),2003,2005,Audi A2 1.4 (09/03 - 09/05),ICE,https://www.adac.de/rund-ums-fahrzeug/autokatalog/marken-modelle/audi/a2/8z-facelift/336938/,Karosserie,Schrägheck
AUDI,A,A2 8Z (1. Facelift),2003,2005,Audi A2 1.4 (09/03 - 09/05),ICE,https://www.adac.de/rund-ums-fahrzeug/autokatalog/marken-modelle/audi/a2/8z-facelift/336938/,Klassenübliche Ausstattung nach ADAC-Vorgabe,k.A.
AUDI,A,A2 8Z (1. Facelift),2003,2005,Audi A2 1.4 (09/03 - 09/05),ICE,https://www.adac.de/rund-ums-fahrzeug/autokatalog/marken-modelle/audi/a2/8z-facelift/336938/,Klimaanlage,1300 Euro
AUDI,A,A2 8Z (1. Facelift),2003,2005,Audi A2 1.4 (09/03 - 09/05),ICE,https://www.adac.de/rund-ums-fahrzeug/autokatalog/marken-modelle/audi/a2/8z-facelift/336938/,Kofferraumvolumen dachhoch mit umgeklappter Rücksitzbank,1085 l
AUDI,A,A2 8Z (1. Facelift),2003,2005,Audi A2 1.4 (09/03 - 09/05),ICE,https://www.adac.de/rund-ums-fahrzeug/autokatalog/marken-modelle/audi/a2/8z-facelift/336938/,Kofferraumvolumen normal,390 l
AUDI,A,A2 8Z (1. Facelift),2003,2005,Audi A2 1.4 (09/03 - 09/05),ICE,https://www.adac.de/rund-ums-fahrzeug/autokatalog/marken-modelle/audi/a2/8z-facelift/336938/,Kopfairbag hinten,Paket
AUDI,A,A2 8Z (1. Facelift),2003,2005,Audi A2 1.4 (09/03 - 09/05),ICE,https://www.adac.de/rund-ums-fahrzeug/autokatalog/marken-modelle/audi/a2/8z-facelift/336938/,Kopfairbag hinten - Bezeichnung,Windowbag
AUDI,A,A2 8Z (1. Facelift),2003,2005,Audi A2 1.4 (09/03 - 09/05),ICE,https://www.adac.de/rund-ums-fahrzeug/autokatalog/marken-modelle/audi/a2/8z-facelift/336938/,Kopfairbag vorne,Paket
AUDI,A,A2 8Z (1. Facelift),2003,2005,Audi A2 1.4 (09/03 - 09/05),ICE,https://www.adac.de/rund-ums-fahrzeug/autokatalog/marken-modelle/audi/a2/8z-facelift/336938/,Kopfairbag vorne - Bezeichnung,Windowbag
AUDI,A,A2 8Z (1. Facelift),2003,2005,Audi A2 1.4 (09/03 - 09/05),ICE,https://www.adac.de/rund-ums-fahrzeug/autokatalog/marken-modelle/audi/a2/8z-facelift/336938/,Kopfstütze hinten Mitte,Aufpreis
AUDI,A,A2 8Z (1. Facelift),2003,2005,Audi A2 1.4 (09/03 - 09/05),ICE,https://www.adac.de/rund-ums-fahrzeug/autokatalog/marken-modelle/audi/a2/8z-facelift/336938/,Kopfstützen hinten,Serie
AUDI,A,A2 8Z (1. Facelift),2003,2005,Audi A2 1.4 (09/03 - 09/05),ICE,https://www.adac.de/rund-ums-fahrzeug/autokatalog/marken-modelle/audi/a2/8z-facelift/336938/,Kraftstoffart,Super
AUDI,A,A2 8Z (1. Facelift),2003,2005,Audi A2 1.4 (09/03 - 09/05),ICE,https://www.adac.de/rund-ums-fahrzeug/autokatalog/marken-modelle/audi/a2/8z-facelift/336938/,Lackgarantie,3 Jahre
AUDI,A,A2 8Z (1. Facelift),2003,2005,Audi A2 1.4 (09/03 - 09/05),ICE,https://www.adac.de/rund-ums-fahrzeug/autokatalog/marken-modelle/audi/a2/8z-facelift/336938/,Lederausstattung,1135 Euro
AUDI,A,A2 8Z (1. Facelift),2003,2005,Audi A2 1.4 (09/03 - 09/05),ICE,https://www.adac.de/rund-ums-fahrzeug/autokatalog/marken-modelle/audi/a2/8z-facelift/336938/,Leergewicht (EU),995 kg
AUDI,A,A2 8Z (1. Facelift),2003,2005,Audi A2 1.4 (09/03 - 09/05),ICE,https://www.adac.de/rund-ums-fahrzeug/autokatalog/marken-modelle/audi/a2/8z-facelift/336938/,Leistung / Drehmoment (Verbrennungsmotor),55 kW (75 PS) / 126 Nm
AUDI,A,A2 8Z (1. Facelift),2003,2005,Audi A2 1.4 (09/03 - 09/05),ICE,https://www.adac.de/rund-ums-fahrzeug/autokatalog/marken-modelle/audi/a2/8z-facelift/336938/,Leistung maximal bei U/min. (Verbrennungsmotor),5000 U/min
AUDI,A,A2 8Z (1. Facelift),2003,2005,Audi A2 1.4 (09/03 - 09/05),ICE,https://www.adac.de/rund-ums-fahrzeug/autokatalog/marken-modelle/audi/a2/8z-facelift/336938/,Leistung maximal in PS (Systemleistung),75
AUDI,A,A2 8Z (1. Facelift),2003,2005,Audi A2 1.4 (09/03 - 09/05),ICE,https://www.adac.de/rund-ums-fahrzeug/autokatalog/marken-modelle/audi/a2/8z-facelift/336938/,Leistung maximal in kW (Systemleistung),55
AUDI,A,A2 8Z (1. Facelift),2003,2005,Audi A2 1.4 (09/03 - 09/05),ICE,https://www.adac.de/rund-ums-fahrzeug/autokatalog/marken-modelle/audi/a2/8z-facelift/336938/,Länge,3826 mm
AUDI,A,A2 8Z (1. Facelift),2003,2005,Audi A2 1.4 (09/03 - 09/05),ICE,https://www.adac.de/rund-ums-fahrzeug/autokatalog/marken-modelle/audi/a2/8z-facelift/336938/,Marke,Audi
AUDI,A,A2 8Z (1. Facelift),2003,2005,Audi A2 1.4 (09/03 - 09/05),ICE,https://www.adac.de/rund-ums-fahrzeug/autokatalog/marken-modelle/audi/a2/8z-facelift/336938/,Metallic-Lackierung,420 Euro
AUDI,A,A2 8Z (1. Facelift),2003,2005,Audi A2 1.4 (09/03 - 09/05),ICE,https://www.adac.de/rund-ums-fahrzeug/autokatalog/marken-modelle/audi/a2/8z-facelift/336938/,Modell,A2 1.4
AUDI,A,A2 8Z (1. Facelift),2003,2005,Audi A2 1.4 (09/03 - 09/05),ICE,https://www.adac.de/rund-ums-fahrzeug/autokatalog/marken-modelle/audi/a2/8z-facelift/336938/,Modellende,09/05
AUDI,A,A2 8Z (1. Facelift),2003,2005,Audi A2 1.4 (09/03 - 09/05),ICE,https://www.adac.de/rund-ums-fahrzeug/autokatalog/marken-modelle/audi/a2/8z-facelift/336938/,Modellstart,09/03
AUDI,A,A2 8Z (1. Facelift),2003,2005,Audi A2 1.4 (09/03 - 09/05),ICE,https://www.adac.de/rund-ums-fahrzeug/autokatalog/marken-modelle/audi/a2/8z-facelift/336938/,Motorart,Otto
AUDI,A,A2 8Z (1. Facelift),2003,2005,Audi A2 1.4 (09/03 - 09/05),ICE,https://www.adac.de/rund-ums-fahrzeug/autokatalog/marken-modelle/audi/a2/8z-facelift/336938/,Motorcode,BBY
AUDI,A,A2 8Z (1. Facelift),2003,2005,Audi A2 1.4 (09/03 - 09/05),ICE,https://www.adac.de/rund-ums-fahrzeug/autokatalog/marken-modelle/audi/a2/8z-facelift/336938/,Navigation,1480 Euro
AUDI,A,A2 8Z (1. Facelift),2003,2005,Audi A2 1.4 (09/03 - 09/05),ICE,https://www.adac.de/rund-ums-fahrzeug/autokatalog/marken-modelle/audi/a2/8z-facelift/336938/,Navigation - Bezeichnung,Piktogrammdarstellung
AUDI,A,A2 8Z (1. Facelift),2003,2005,Audi A2 1.4 (09/03 - 09/05),ICE,https://www.adac.de/rund-ums-fahrzeug/autokatalog/marken-modelle/audi/a2/8z-facelift/336938/,Nebelscheinwerfer,135 Euro
AUDI,A,A2 8Z (1. Facelift),2003,2005,Audi A2 1.4 (09/03 - 09/05),ICE,https://www.adac.de/rund-ums-fahrzeug/autokatalog/marken-modelle/audi/a2/8z-facelift/336938/,Nockenwellensteuerung,Zahnriemen
AUDI,A,A2 8Z (1. Facelift),2003,2005,Audi A2 1.4 (09/03 - 09/05),ICE,https://www.adac.de/rund-ums-fahrzeug/autokatalog/marken-modelle/audi/a2/8z-facelift/336938/,Radio,400 Euro
AUDI,A,A2 8Z (1. Facelift),2003,2005,Audi A2 1.4 (09/03 - 09/05),ICE,https://www.adac.de/rund-ums-fahrzeug/autokatalog/marken-modelle/audi/a2/8z-facelift/336938/,Radio - Bezeichnung,Radio chorus mit Cassette
AUDI,A,A2 8Z (1. Facelift),2003,2005,Audi A2 1.4 (09/03 - 09/05),ICE,https://www.adac.de/rund-ums-fahrzeug/autokatalog/marken-modelle/audi/a2/8z-facelift/336938/,Radstand,2405 mm
AUDI,A,A2 8Z (1. Facelift),2003,2005,Audi A2 1.4 (09/03 - 09/05),ICE,https://www.adac.de/rund-ums-fahrzeug/autokatalog/marken-modelle/audi/a2/8z-facelift/336938/,Reifengröße,175/60R15V
AUDI,A,A2 8Z (1. Facelift),2003,2005,Audi A2 1.4 (09/03 - 09/05),ICE,https://www.adac.de/rund-ums-fahrzeug/autokatalog/marken-modelle/audi/a2/8z-facelift/336938/,Rücksitzbank umklappbar,Serie
AUDI,A,A2 8Z (1. Facelift),2003,2005,Audi A2 1.4 (09/03 - 09/05),ICE,https://www.adac.de/rund-ums-fahrzeug/autokatalog/marken-modelle/audi/a2/8z-facelift/336938/,Schadstoffklasse,Euro 4
AUDI,A,A2 8Z (1. Facelift),2003,2005,Audi A2 1.4 (09/03 - 09/05),ICE,https://www.adac.de/rund-ums-fahrzeug/autokatalog/marken-modelle/audi/a2/8z-facelift/336938/,Seitenairbag vorne,Serie
AUDI,A,A2 8Z (1. Facelift),2003,2005,Audi A2 1.4 (09/03 - 09/05),ICE,https://www.adac.de/rund-ums-fahrzeug/autokatalog/marken-modelle/audi/a2/8z-facelift/336938/,Servolenkung,Serie
AUDI,A,A2 8Z (1. Facelift),2003,2005,Audi A2 1.4 (09/03 - 09/05),ICE,https://www.adac.de/rund-ums-fahrzeug/autokatalog/marken-modelle/audi/a2/8z-facelift/336938/,Sitzanzahl,4
AUDI,A,A2 8Z (1. Facelift),2003,2005,Audi A2 1.4 (09/03 - 09/05),ICE,https://www.adac.de/rund-ums-fahrzeug/autokatalog/marken-modelle/audi/a2/8z-facelift/336938/,Sitzanzahl maximal,5
AUDI,A,A2 8Z (1. Facelift),2003,2005,Audi A2 1.4 (09/03 - 09/05),ICE,https://www.adac.de/rund-ums-fahrzeug/autokatalog/marken-modelle/audi/a2/8z-facelift/336938/,Tankgröße,"42,0 l"
AUDI,A,A2 8Z (1. Facelift),2003,2005,Audi A2 1.4 (09/03 - 09/05),ICE,https://www.adac.de/rund-ums-fahrzeug/autokatalog/marken-modelle/audi/a2/8z-facelift/336938/,Teilkaskobeitrag 150 € SB,292 €
AUDI,A,A2 8Z (1. Facelift),2003,2005,Audi A2 1.4 (09/03 - 09/05),ICE,https://www.adac.de/rund-ums-fahrzeug/autokatalog/marken-modelle/audi/a2/8z-facelift/336938/,Typklassen (KH/VK/TK),12/10/15
AUDI,A,A2 8Z (1. Facelift),2003,2005,Audi A2 1.4 (09/03 - 09/05),ICE,https://www.adac.de/rund-ums-fahrzeug/autokatalog/marken-modelle/audi/a2/8z-facelift/336938/,Türanzahl,5
AUDI,A,A2 8Z (1. Facelift),2003,2005,Audi A2 1.4 (09/03 - 09/05),ICE,https://www.adac.de/rund-ums-fahrzeug/autokatalog/marken-modelle/audi/a2/8z-facelift/336938/,Verbrauch Außerorts (NEFZ),"4,6 l/100 km"
AUDI,A,A2 8Z (1. Facelift),2003,2005,Audi A2 1.4 (09/03 - 09/05),ICE,https://www.adac.de/rund-ums-fahrzeug/autokatalog/marken-modelle/audi/a2/8z-facelift/336938/,Verbrauch Gesamt (NEFZ),"5,9 l/100 km"
AUDI,A,A2 8Z (1. Facelift),2003,2005,Audi A2 1.4 (09/03 - 09/05),ICE,https://www.adac.de/rund-ums-fahrzeug/autokatalog/marken-modelle/audi/a2/8z-facelift/336938/,Verbrauch Innerorts (NEFZ),"8,1 l/100 km"
AUDI,A,A2 8Z (1. Facelift),2003,2005,Audi A2 1.4 (09/03 - 09/05),ICE,https://www.adac.de/rund-ums-fahrzeug/autokatalog/marken-modelle/audi/a2/8z-facelift/336938/,Vollkaskobetrag 100% 500 € SB,472 €
AUDI,A,A2 8Z (1. Facelift),2003,2005,Audi A2 1.4 (09/03 - 09/05),ICE,https://www.adac.de/rund-ums-fahrzeug/autokatalog/marken-modelle/audi/a2/8z-facelift/336938/,Wendekreis,"10,5 m"
AUDI,A,A2 8Z (1. Facelift),2003,2005,Audi A2 1.4 (09/03 - 09/05),ICE,https://www.adac.de/rund-ums-fahrzeug/autokatalog/marken-modelle/audi/a2/8z-facelift/336938/,Werkstattkosten,k.A.
AUDI,A,A2 8Z (1. Facelift),2003,2005,Audi A2 1.4 (09/03 - 09/05),ICE,https://www.adac.de/rund-ums-fahrzeug/autokatalog/marken-modelle/audi/a2/8z-facelift/336938/,Wertverlust,k.A.
AUDI,A,A2 8Z (1. Facelift),2003,2005,Audi A2 1.4 (09/03 - 09/05),ICE,https://www.adac.de/rund-ums-fahrzeug/autokatalog/marken-modelle/audi/a2/8z-facelift/336938/,Zentralverriegelung,Serie
AUDI,A,A2 8Z (1. Facelift),2003,2005,Audi A2 1.4 (09/03 - 09/05),ICE,https://www.adac.de/rund-ums-fahrzeug/autokatalog/marken-modelle/audi/a2/8z-facelift/336938/,Zul. Gesamtgewicht,1435 kg
AUDI,A,A2 8Z (1. Facelift),2003,2005,Audi A2 1.4 (09/03 - 09/05),ICE,https://www.adac.de/rund-ums-fahrzeug/autokatalog/marken-modelle/audi/a2/8z-facelift/336938/,Zuladung,440 kg
AUDI,A,A2 8Z (1. Facelift),2003,2005,Audi A2 1.4 (09/03 - 09/05),ICE,https://www.adac.de/rund-ums-fahrzeug/autokatalog/marken-modelle/audi/a2/8z-facelift/336938/,Zusätzliche Garantien,"Mobilitätsgarantie: 2 Jahre europaweit, erweiterbar auf lebenslang unter Einhaltung aller Inspektionen;"
AUDI,A,A2 8Z (1. Facelift),2003,2005,Audi A2 1.4 TDI (09/03 - 09/05),ICE,https://www.adac.de/rund-ums-fahrzeug/autokatalog/marken-modelle/audi/a2/8z-facelift/336942/,3-Punkt-Gurt hinten Mitte,Aufpreis
AUDI,A,A2 8Z (1. Facelift),2003,2005,Audi A2 1.4 TDI (09/03 - 09/05),ICE,https://www.adac.de/rund-ums-fahrzeug/autokatalog/marken-modelle/audi/a2/8z-facelift/336942/,3-Punkt-Gurt hinten Mitte - Bezeichnung,3-Punkt Gurt
AUDI,A,A2 8Z (1. Facelift),2003,2005,Audi A2 1.4 TDI (09/03 - 09/05),ICE,https://www.adac.de/rund-ums-fahrzeug/autokatalog/marken-modelle/audi/a2/8z-facelift/336942/,ABS,Serie
AUDI,A,A2 8Z (1. Facelift),2003,2005,Audi A2 1.4 TDI (09/03 - 09/05),ICE,https://www.adac.de/rund-ums-fahrzeug/autokatalog/marken-modelle/audi/a2/8z-facelift/336942/,Abgasreinigung (Verbrennungsmotor),Oxy-Kat
AUDI,A,A2 8Z (1. Facelift),2003,2005,Audi A2 1.4 TDI (09/03 - 09/05),ICE,https://www.adac.de/rund-ums-fahrzeug/autokatalog/marken-modelle/audi/a2/8z-facelift/336942/,Airbag Beifahrer,Serie
AUDI,A,A2 8Z (1. Facelift),2003,2005,Audi A2 1.4 TDI (09/03 - 09/05),ICE,https://www.adac.de/rund-ums-fahrzeug/autokatalog/marken-modelle/audi/a2/8z-facelift/336942/,Airbag Deaktivierung,Paket
AUDI,A,A2 8Z (1. Facelift),2003,2005,Audi A2 1.4 TDI (09/03 - 09/05),ICE,https://www.adac.de/rund-ums-fahrzeug/autokatalog/marken-modelle/audi/a2/8z-facelift/336942/,Airbag Deaktivierung - Bezeichnung,Schlüsselschalter
AUDI,A,A2 8Z (1. Facelift),2003,2005,Audi A2 1.4 TDI (09/03 - 09/05),ICE,https://www.adac.de/rund-ums-fahrzeug/autokatalog/marken-modelle/audi/a2/8z-facelift/336942/,Airbag Fahrer,Serie
AUDI,A,A2 8Z (1. Facelift),2003,2005,Audi A2 1.4 TDI (09/03 - 09/05),ICE,https://www.adac.de/rund-ums-fahrzeug/autokatalog/marken-modelle/audi/a2/8z-facelift/336942/,Alufelgen,260 Euro
AUDI,A,A2 8Z (1. Facelift),2003,2005,Audi A2 1.4 TDI (09/03 - 09/05),ICE,https://www.adac.de/rund-ums-fahrzeug/autokatalog/marken-modelle/audi/a2/8z-facelift/336942/,Anhängelast gebremst 12%,1000 kg
AUDI,A,A2 8Z (1. Facelift),2003,2005,Audi A2 1.4 TDI (09/03 - 09/05),ICE,https://www.adac.de/rund-ums-fahrzeug/autokatalog/marken-modelle/audi/a2/8z-facelift/336942/,Anhängelast ungebremst,540 kg
AUDI,A,A2 8Z (1. Facelift),2003,2005,Audi A2 1.4 TDI (09/03 - 09/05),ICE,https://www.adac.de/rund-ums-fahrzeug/autokatalog/marken-modelle/audi/a2/8z-facelift/336942/,Anhängerkupplung,660 Euro
AUDI,A,A2 8Z (1. Facelift),2003,2005,Audi A2 1.4 TDI (09/03 - 09/05),ICE,https://www.adac.de/rund-ums-fahrzeug/autokatalog/marken-modelle/audi/a2/8z-facelift/336942/,Antriebsart,Vorderrad
AUDI,A,A2 8Z (1. Facelift),2003,2005,Audi A2 1.4 TDI (09/03 - 09/05),ICE,https://www.adac.de/rund-ums-fahrzeug/autokatalog/marken-modelle/audi/a2/8z-facelift/336942/,Antriebsschlupfregelung,Serie
AUDI,A,A2 8Z (1. Facelift),2003,2005,Audi A2 1.4 TDI (09/03 - 09/05),ICE,https://www.adac.de/rund-ums-fahrzeug/autokatalog/marken-modelle/audi/a2/8z-facelift/336942/,Antriebsschlupfregelung - Bezeichnung,Antriebsschlupfregelung
AUDI,A,A2 8Z (1. Facelift),2003,2005,Audi A2 1.4 TDI (09/03 - 09/05),ICE,https://www.adac.de/rund-ums-fahrzeug/autokatalog/marken-modelle/audi/a2/8z-facelift/336942/,Anzahl Gänge,5
AUDI,A,A2 8Z (1. Facelift),2003,2005,Audi A2 1.4 TDI (09/03 - 09/05),ICE,https://www.adac.de/rund-ums-fahrzeug/autokatalog/marken-modelle/audi/a2/8z-facelift/336942/,Anzahl Ventile (Verbrennungsmotor),2
AUDI,A,A2 8Z (1. Facelift),2003,2005,Audi A2 1.4 TDI (09/03 - 09/05),ICE,https://www.adac.de/rund-ums-fahrzeug/autokatalog/marken-modelle/audi/a2/8z-facelift/336942/,Anzahl Zylinder (Verbrennungsmotor),3
AUDI,A,A2 8Z (1. Facelift),2003,2005,Audi A2 1.4 TDI (09/03 - 09/05),ICE,https://www.adac.de/rund-ums-fahrzeug/autokatalog/marken-modelle/audi/a2/8z-facelift/336942/,Aufladung (Verbrennungsmotor),Turbo
AUDI,A,A2 8Z (1. Facelift),2003,2005,Audi A2 1.4 TDI (09/03 - 09/05),ICE,https://www.adac.de/rund-ums-fahrzeug/autokatalog/marken-modelle/audi/a2/8z-facelift/336942/,Baureihe,A2 (8Z) (09/03 - 09/05)
AUDI,A,A2 8Z (1. Facelift),2003,2005,Audi A2 1.4 TDI (09/03 - 09/05),ICE,https://www.adac.de/rund-ums-fahrzeug/autokatalog/marken-modelle/audi/a2/8z-facelift/336942/,Baureihenende,09/05
AUDI,A,A2 8Z (1. Facelift),2003,2005,Audi A2 1.4 TDI (09/03 - 09/05),ICE,https://www.adac.de/rund-ums-fahrzeug/autokatalog/marken-modelle/audi/a2/8z-facelift/336942/,Baureihenstart,09/03
AUDI,A,A2 8Z (1. Facelift),2003,2005,Audi A2 1.4 TDI (09/03 - 09/05),ICE,https://www.adac.de/rund-ums-fahrzeug/autokatalog/marken-modelle/audi/a2/8z-facelift/336942/,Beschleunigung 0-100km/h,"12,6 s"
AUDI,A,A2 8Z (1. Facelift),2003,2005,Audi A2 1.4 TDI (09/03 - 09/05),ICE,https://www.adac.de/rund-ums-fahrzeug/autokatalog/marken-modelle/audi/a2/8z-facelift/336942/,Betriebskosten,144 €
AUDI,A,A2 8Z (1. Facelift),2003,2005,Audi A2 1.4 TDI (09/03 - 09/05),ICE,https://www.adac.de/rund-ums-fahrzeug/autokatalog/marken-modelle/audi/a2/8z-facelift/336942/,Breite,1673 mm
AUDI,A,A2 8Z (1. Facelift),2003,2005,Audi A2 1.4 TDI (09/03 - 09/05),ICE,https://www.adac.de/rund-ums-fahrzeug/autokatalog/marken-modelle/audi/a2/8z-facelift/336942/,Breite (inkl. Außenspiegel),1890 mm
AUDI,A,A2 8Z (1. Facelift),2003,2005,Audi A2 1.4 TDI (09/03 - 09/05),ICE,https://www.adac.de/rund-ums-fahrzeug/autokatalog/marken-modelle/audi/a2/8z-facelift/336942/,Bremsassistent,Serie
AUDI,A,A2 8Z (1. Facelift),2003,2005,Audi A2 1.4 TDI (09/03 - 09/05),ICE,https://www.adac.de/rund-ums-fahrzeug/autokatalog/marken-modelle/audi/a2/8z-facelift/336942/,Bremsassistent - Bezeichnung,Hydraulischer Bremsassistent
AUDI,A,A2 8Z (1. Facelift),2003,2005,Audi A2 1.4 TDI (09/03 - 09/05),ICE,https://www.adac.de/rund-ums-fahrzeug/autokatalog/marken-modelle/audi/a2/8z-facelift/336942/,Bremse hinten,Trommel
AUDI,A,A2 8Z (1. Facelift),2003,2005,Audi A2 1.4 TDI (09/03 - 09/05),ICE,https://www.adac.de/rund-ums-fahrzeug/autokatalog/marken-modelle/audi/a2/8z-facelift/336942/,Bremse vorne,Scheibe
AUDI,A,A2 8Z (1. Facelift),2003,2005,Audi A2 1.4 TDI (09/03 - 09/05),ICE,https://www.adac.de/rund-ums-fahrzeug/autokatalog/marken-modelle/audi/a2/8z-facelift/336942/,CO2-Wert (NEFZ),116 g/km
AUDI,A,A2 8Z (1. Facelift),2003,2005,Audi A2 1.4 TDI (09/03 - 09/05),ICE,https://www.adac.de/rund-ums-fahrzeug/autokatalog/marken-modelle/audi/a2/8z-facelift/336942/,Dachlast,40 kg
AUDI,A,A2 8Z (1. Facelift),2003,2005,Audi A2 1.4 TDI (09/03 - 09/05),ICE,https://www.adac.de/rund-ums-fahrzeug/autokatalog/marken-modelle/audi/a2/8z-facelift/336942/,Drehmoment (Systemleistung),195 Nm
AUDI,A,A2 8Z (1. Facelift),2003,2005,Audi A2 1.4 TDI (09/03 - 09/05),ICE,https://www.adac.de/rund-ums-fahrzeug/autokatalog/marken-modelle/audi/a2/8z-facelift/336942/,Drehmoment maximal bei U/min. (Verbrennungsmotor),2200 U/min
AUDI,A,A2 8Z (1. Facelift),2003,2005,Audi A2 1.4 TDI (09/03 - 09/05),ICE,https://www.adac.de/rund-ums-fahrzeug/autokatalog/marken-modelle/audi/a2/8z-facelift/336942/,Durchrostung,12 Jahre
AUDI,A,A2 8Z (1. Facelift),2003,2005,Audi A2 1.4 TDI (09/03 - 09/05),ICE,https://www.adac.de/rund-ums-fahrzeug/autokatalog/marken-modelle/audi/a2/8z-facelift/336942/,Einbauposition / Motorbauart (Verbrennungsmotor),Frontmotor / Reihe
AUDI,A,A2 8Z (1. Facelift),2003,2005,Audi A2 1.4 TDI (09/03 - 09/05),ICE,https://www.adac.de/rund-ums-fahrzeug/autokatalog/marken-modelle/audi/a2/8z-facelift/336942/,Einparkhilfe,320 Euro
AUDI,A,A2 8Z (1. Facelift),2003,2005,Audi A2 1.4 TDI (09/03 - 09/05),ICE,https://www.adac.de/rund-ums-fahrzeug/autokatalog/marken-modelle/audi/a2/8z-facelift/336942/,Einparkhilfe - Bezeichnung,hinten
AUDI,A,A2 8Z (1. Facelift),2003,2005,Audi A2 1.4 TDI (09/03 - 09/05),ICE,https://www.adac.de/rund-ums-fahrzeug/autokatalog/marken-modelle/audi/a2/8z-facelift/336942/,Fahrdynamikregelung,Serie
AUDI,A,A2 8Z (1. Facelift),2003,2005,Audi A2 1.4 TDI (09/03 - 09/05),ICE,https://www.adac.de/rund-ums-fahrzeug/autokatalog/marken-modelle/audi/a2/8z-facelift/336942/,Fahrdynamikregelung - Bezeichnung,Elektronisches Stabilitätsprogramm
AUDI,A,A2 8Z (1. Facelift),2003,2005,Audi A2 1.4 TDI (09/03 - 09/05),ICE,https://www.adac.de/rund-ums-fahrzeug/autokatalog/marken-modelle/audi/a2/8z-facelift/336942/,Fahrzeugklasse,Kleinwagen (z.B. Polo)
AUDI,A,A2 8Z (1. Facelift),2003,2005,Audi A2 1.4 TDI (09/03 - 09/05),ICE,https://www.adac.de/rund-ums-fahrzeug/autokatalog/marken-modelle/audi/a2/8z-facelift/336942/,Federung hinten,Schraube
AUDI,A,A2 8Z (1. Facelift),2003,2005,Audi A2 1.4 TDI (09/03 - 09/05),ICE,https://www.adac.de/rund-ums-fahrzeug/autokatalog/marken-modelle/audi/a2/8z-facelift/336942/,Federung vorne,Schraube
AUDI,A,A2 8Z (1. Facelift),2003,2005,Audi A2 1.4 TDI (09/03 - 09/05),ICE,https://www.adac.de/rund-ums-fahrzeug/autokatalog/marken-modelle/audi/a2/8z-facelift/336942/,Fensterheber elektr. hinten,240 Euro
AUDI,A,A2 8Z (1. Facelift),2003,2005,Audi A2 1.4 TDI (09/03 - 09/05),ICE,https://www.adac.de/rund-ums-fahrzeug/autokatalog/marken-modelle/audi/a2/8z-facelift/336942/,Fensterheber elektr. vorne,Serie
AUDI,A,A2 8Z (1. Facelift),2003,2005,Audi A2 1.4 TDI (09/03 - 09/05),ICE,https://www.adac.de/rund-ums-fahrzeug/autokatalog/marken-modelle/audi/a2/8z-facelift/336942/,Fixkosten,99 €
AUDI,A,A2 8Z (1. Facelift),2003,2005,Audi A2 1.4 TDI (09/03 - 09/05),ICE,https://www.adac.de/rund-ums-fahrzeug/autokatalog/marken-modelle/audi/a2/8z-facelift/336942/,Garantie (Fahrzeug),keine / ab EZ 01/05: 2 Jahre
AUDI,A,A2 8Z (1. Facelift),2003,2005,Audi A2 1.4 TDI (09/03 - 09/05),ICE,https://www.adac.de/rund-ums-fahrzeug/autokatalog/marken-modelle/audi/a2/8z-facelift/336942/,Gemischaufbereitung (Verbrennungsmotor),Pumpe-Düse
AUDI,A,A2 8Z (1. Facelift),2003,2005,Audi A2 1.4 TDI (09/03 - 09/05),ICE,https://www.adac.de/rund-ums-fahrzeug/autokatalog/marken-modelle/audi/a2/8z-facelift/336942/,Getriebeart,Schaltgetriebe
AUDI,A,A2 8Z (1. Facelift),2003,2005,Audi A2 1.4 TDI (09/03 - 09/05),ICE,https://www.adac.de/rund-ums-fahrzeug/autokatalog/marken-modelle/audi/a2/8z-facelift/336942/,Grundpreis,18700 Euro
AUDI,A,A2 8Z (1. Facelift),2003,2005,Audi A2 1.4 TDI (09/03 - 09/05),ICE,https://www.adac.de/rund-ums-fahrzeug/autokatalog/marken-modelle/audi/a2/8z-facelift/336942/,HSN/TSN Schlüsselnummern,0588/735
AUDI,A,A2 8Z (1. Facelift),2003,2005,Audi A2 1.4 TDI (09/03 - 09/05),ICE,https://www.adac.de/rund-ums-fahrzeug/autokatalog/marken-modelle/audi/a2/8z-facelift/336942/,Haftpflichtbeitrag 100%,902 €
AUDI,A,A2 8Z (1. Facelift),2003,2005,Audi A2 1.4 TDI (09/03 - 09/05),ICE,https://www.adac.de/rund-ums-fahrzeug/autokatalog/marken-modelle/audi/a2/8z-facelift/336942/,Herstellerinterne Baureihenbezeichnung,8Z
AUDI,A,A2 8Z (1. Facelift),2003,2005,Audi A2 1.4 TDI (09/03 - 09/05),ICE,https://www.adac.de/rund-ums-fahrzeug/autokatalog/marken-modelle/audi/a2/8z-facelift/336942/,Hubraum (Verbrennungsmotor),1422 ccm
AUDI,A,A2 8Z (1. Facelift),2003,2005,Audi A2 1.4 TDI (09/03 - 09/05),ICE,https://www.adac.de/rund-ums-fahrzeug/autokatalog/marken-modelle/audi/a2/8z-facelift/336942/,Höchstgeschwindigkeit,173 km/h
AUDI,A,A2 8Z (1. Facelift),2003,2005,Audi A2 1.4 TDI (09/03 - 09/05),ICE,https://www.adac.de/rund-ums-fahrzeug/autokatalog/marken-modelle/audi/a2/8z-facelift/336942/,Höhe,1553 mm
AUDI,A,A2 8Z (1. Facelift),2003,2005,Audi A2 1.4 TDI (09/03 - 09/05),ICE,https://www.adac.de/rund-ums-fahrzeug/autokatalog/marken-modelle/audi/a2/8z-facelift/336942/,Isofix,Serie
AUDI,A,A2 8Z (1. Facelift),2003,2005,Audi A2 1.4 TDI (09/03 - 09/05),ICE,https://www.adac.de/rund-ums-fahrzeug/autokatalog/marken-modelle/audi/a2/8z-facelift/336942/,Isofix - Bezeichnung,Nur hinten
AUDI,A,A2 8Z (1. Facelift),2003,2005,Audi A2 1.4 TDI (09/03 - 09/05),ICE,https://www.adac.de/rund-ums-fahrzeug/autokatalog/marken-modelle/audi/a2/8z-facelift/336942/,KFZ-Steuer ohne Befreiung/Jahr (kann durch WLTP abweichen),231 Euro
AUDI,A,A2 8Z (1. Facelift),2003,2005,Audi A2 1.4 TDI (09/03 - 09/05),ICE,https://www.adac.de/rund-ums-fahrzeug/autokatalog/marken-modelle/audi/a2/8z-facelift/336942/,KFZ-Steuer pro Jahr ohne Steuerbefreiung,231 €
AUDI,A,A2 8Z (1. Facelift),2003,2005,Audi A2 1.4 TDI (09/03 - 09/05),ICE,https://www.adac.de/rund-ums-fahrzeug/autokatalog/marken-modelle/audi/a2/8z-facelift/336942/,Karosserie,Schrägheck
AUDI,A,A2 8Z (1. Facelift),2003,2005,Audi A2 1.4 TDI (09/03 - 09/05),ICE,https://www.adac.de/rund-ums-fahrzeug/autokatalog/marken-modelle/audi/a2/8z-facelift/336942/,Klassenübliche Ausstattung nach ADAC-Vorgabe,k.A.
AUDI,A,A2 8Z (1. Facelift),2003,2005,Audi A2 1.4 TDI (09/03 - 09/05),ICE,https://www.adac.de/rund-ums-fahrzeug/autokatalog/marken-modelle/audi/a2/8z-facelift/336942/,Klimaanlage,1300 Euro
AUDI,A,A2 8Z (1. Facelift),2003,2005,Audi A2 1.4 TDI (09/03 - 09/05),ICE,https://www.adac.de/rund-ums-fahrzeug/autokatalog/marken-modelle/audi/a2/8z-facelift/336942/,Kofferraumvolumen dachhoch mit umgeklappter Rücksitzbank,1085 l
AUDI,A,A2 8Z (1. Facelift),2003,2005,Audi A2 1.4 TDI (09/03 - 09/05),ICE,https://www.adac.de/rund-ums-fahrzeug/autokatalog/marken-modelle/audi/a2/8z-facelift/336942/,Kofferraumvolumen normal,390 l
AUDI,A,A2 8Z (1. Facelift),2003,2005,Audi A2 1.4 TDI (09/03 - 09/05),ICE,https://www.adac.de/rund-ums-fahrzeug/autokatalog/marken-modelle/audi/a2/8z-facelift/336942/,Kopfairbag hinten,Paket
AUDI,A,A2 8Z (1. Facelift),2003,2005,Audi A2 1.4 TDI (09/03 - 09/05),ICE,https://www.adac.de/rund-ums-fahrzeug/autokatalog/marken-modelle/audi/a2/8z-facelift/336942/,Kopfairbag hinten - Bezeichnung,Windowbag
AUDI,A,A2 8Z (1. Facelift),2003,2005,Audi A2 1.4 TDI (09/03 - 09/05),ICE,https://www.adac.de/rund-ums-fahrzeug/autokatalog/marken-modelle/audi/a2/8z-facelift/336942/,Kopfairbag vorne,Paket
AUDI,A,A2 8Z (1. Facelift),2003,2005,Audi A2 1.4 TDI (09/03 - 09/05),ICE,https://www.adac.de/rund-ums-fahrzeug/autokatalog/marken-modelle/audi/a2/8z-facelift/336942/,Kopfairbag vorne - Bezeichnung,Windowbag
AUDI,A,A2 8Z (1. Facelift),2003,2005,Audi A2 1.4 TDI (09/03 - 09/05),ICE,https://www.adac.de/rund-ums-fahrzeug/autokatalog/marken-modelle/audi/a2/8z-facelift/336942/,Kopfstütze hinten Mitte,Aufpreis
AUDI,A,A2 8Z (1. Facelift),2003,2005,Audi A2 1.4 TDI (09/03 - 09/05),ICE,https://www.adac.de/rund-ums-fahrzeug/autokatalog/marken-modelle/audi/a2/8z-facelift/336942/,Kopfstützen hinten,Serie
AUDI,A,A2 8Z (1. Facelift),2003,2005,Audi A2 1.4 TDI (09/03 - 09/05),ICE,https://www.adac.de/rund-ums-fahrzeug/autokatalog/marken-modelle/audi/a2/8z-facelift/336942/,Kraftstoffart,Diesel
AUDI,A,A2 8Z (1. Facelift),2003,2005,Audi A2 1.4 TDI (09/03 - 09/05),ICE,https://www.adac.de/rund-ums-fahrzeug/autokatalog/marken-modelle/audi/a2/8z-facelift/336942/,Lackgarantie,3 Jahre
AUDI,A,A2 8Z (1. Facelift),2003,2005,Audi A2 1.4 TDI (09/03 - 09/05),ICE,https://www.adac.de/rund-ums-fahrzeug/autokatalog/marken-modelle/audi/a2/8z-facelift/336942/,Lederausstattung,1135 Euro
AUDI,A,A2 8Z (1. Facelift),2003,2005,Audi A2 1.4 TDI (09/03 - 09/05),ICE,https://www.adac.de/rund-ums-fahrzeug/autokatalog/marken-modelle/audi/a2/8z-facelift/336942/,Leergewicht (EU),1095 kg
AUDI,A,A2 8Z (1. Facelift),2003,2005,Audi A2 1.4 TDI (09/03 - 09/05),ICE,https://www.adac.de/rund-ums-fahrzeug/autokatalog/marken-modelle/audi/a2/8z-facelift/336942/,Leistung / Drehmoment (Verbrennungsmotor),55 kW (75 PS) / 195 Nm
AUDI,A,A2 8Z (1. Facelift),2003,2005,Audi A2 1.4 TDI (09/03 - 09/05),ICE,https://www.adac.de/rund-ums-fahrzeug/autokatalog/marken-modelle/audi/a2/8z-facelift/336942/,Leistung maximal bei U/min. (Verbrennungsmotor),4000 U/min
AUDI,A,A2 8Z (1. Facelift),2003,2005,Audi A2 1.4 TDI (09/03 - 09/05),ICE,https://www.adac.de/rund-ums-fahrzeug/autokatalog/marken-modelle/audi/a2/8z-facelift/336942/,Leistung maximal in PS (Systemleistung),75
AUDI,A,A2 8Z (1. Facelift),2003,2005,Audi A2 1.4 TDI (09/03 - 09/05),ICE,https://www.adac.de/rund-ums-fahrzeug/autokatalog/marken-modelle/audi/a2/8z-facelift/336942/,Leistung maximal in kW (Systemleistung),55
AUDI,A,A2 8Z (1. Facelift),2003,2005,Audi A2 1.4 TDI (09/03 - 09/05),ICE,https://www.adac.de/rund-ums-fahrzeug/autokatalog/marken-modelle/audi/a2/8z-facelift/336942/,Länge,3826 mm
AUDI,A,A2 8Z (1. Facelift),2003,2005,Audi A2 1.4 TDI (09/03 - 09/05),ICE,https://www.adac.de/rund-ums-fahrzeug/autokatalog/marken-modelle/audi/a2/8z-facelift/336942/,Marke,Audi
AUDI,A,A2 8Z (1. Facelift),2003,2005,Audi A2 1.4 TDI (09/03 - 09/05),ICE,https://www.adac.de/rund-ums-fahrzeug/autokatalog/marken-modelle/audi/a2/8z-facelift/336942/,Metallic-Lackierung,420 Euro
AUDI,A,A2 8Z (1. Facelift),2003,2005,Audi A2 1.4 TDI (09/03 - 09/05),ICE,https://www.adac.de/rund-ums-fahrzeug/autokatalog/marken-modelle/audi/a2/8z-facelift/336942/,Modell,A2 1.4 TDI
AUDI,A,A2 8Z (1. Facelift),2003,2005,Audi A2 1.4 TDI (09/03 - 09/05),ICE,https://www.adac.de/rund-ums-fahrzeug/autokatalog/marken-modelle/audi/a2/8z-facelift/336942/,Modellende,09/05
AUDI,A,A2 8Z (1. Facelift),2003,2005,Audi A2 1.4 TDI (09/03 - 09/05),ICE,https://www.adac.de/rund-ums-fahrzeug/autokatalog/marken-modelle/audi/a2/8z-facelift/336942/,Modellstart,09/03
AUDI,A,A2 8Z (1. Facelift),2003,2005,Audi A2 1.4 TDI (09/03 - 09/05),ICE,https://www.adac.de/rund-ums-fahrzeug/autokatalog/marken-modelle/audi/a2/8z-facelift/336942/,Motorart,Diesel
AUDI,A,A2 8Z (1. Facelift),2003,2005,Audi A2 1.4 TDI (09/03 - 09/05),ICE,https://www.adac.de/rund-ums-fahrzeug/autokatalog/marken-modelle/audi/a2/8z-facelift/336942/,Motorcode,BHC
AUDI,A,A2 8Z (1. Facelift),2003,2005,Audi A2 1.4 TDI (09/03 - 09/05),ICE,https://www.adac.de/rund-ums-fahrzeug/autokatalog/marken-modelle/audi/a2/8z-facelift/336942/,Navigation,1480 Euro
AUDI,A,A2 8Z (1. Facelift),2003,2005,Audi A2 1.4 TDI (09/03 - 09/05),ICE,https://www.adac.de/rund-ums-fahrzeug/autokatalog/marken-modelle/audi/a2/8z-facelift/336942/,Navigation - Bezeichnung,Piktogrammdarstellung
AUDI,A,A2 8Z (1. Facelift),2003,2005,Audi A2 1.4 TDI (09/03 - 09/05),ICE,https://www.adac.de/rund-ums-fahrzeug/autokatalog/marken-modelle/audi/a2/8z-facelift/336942/,Nebelscheinwerfer,135 Euro
AUDI,A,A2 8Z (1. Facelift),2003,2005,Audi A2 1.4 TDI (09/03 - 09/05),ICE,https://www.adac.de/rund-ums-fahrzeug/autokatalog/marken-modelle/audi/a2/8z-facelift/336942/,Nockenwellensteuerung,Zahnriemen
AUDI,A,A2 8Z (1. Facelift),2003,2005,Audi A2 1.4 TDI (09/03 - 09/05),ICE,https://www.adac.de/rund-ums-fahrzeug/autokatalog/marken-modelle/audi/a2/8z-facelift/336942/,Radio,400 Euro
AUDI,A,A2 8Z (1. Facelift),2003,2005,Audi A2 1.4 TDI (09/03 - 09/05),ICE,https://www.adac.de/rund-ums-fahrzeug/autokatalog/marken-modelle/audi/a2/8z-facelift/336942/,Radio - Bezeichnung,Radio chorus mit Cassette
AUDI,A,A2 8Z (1. Facelift),2003,2005,Audi A2 1.4 TDI (09/03 - 09/05),ICE,https://www.adac.de/rund-ums-fahrzeug/autokatalog/marken-modelle/audi/a2/8z-facelift/336942/,Radstand,2405 mm
AUDI,A,A2 8Z (1. Facelift),2003,2005,Audi A2 1.4 TDI (09/03 - 09/05),ICE,https://www.adac.de/rund-ums-fahrzeug/autokatalog/marken-modelle/audi/a2/8z-facelift/336942/,Reifengröße,175/60R15V
AUDI,A,A2 8Z (1. Facelift),2003,2005,Audi A2 1.4 TDI (09/03 - 09/05),ICE,https://www.adac.de/rund-ums-fahrzeug/autokatalog/marken-modelle/audi/a2/8z-facelift/336942/,Rücksitzbank umklappbar,Serie
AUDI,A,A2 8Z (1. Facelift),2003,2005,Audi A2 1.4 TDI (09/03 - 09/05),ICE,https://www.adac.de/rund-ums-fahrzeug/autokatalog/marken-modelle/audi/a2/8z-facelift/336942/,Schadstoffklasse,"Euro 4, 5L"
AUDI,A,A2 8Z (1. Facelift),2003,2005,Audi A2 1.4 TDI (09/03 - 09/05),ICE,https://www.adac.de/rund-ums-fahrzeug/autokatalog/marken-modelle/audi/a2/8z-facelift/336942/,Seitenairbag vorne,Serie
AUDI,A,A2 8Z (1. Facelift),2003,2005,Audi A2 1.4 TDI (09/03 - 09/05),ICE,https://www.adac.de/rund-ums-fahrzeug/autokatalog/marken-modelle/audi/a2/8z-facelift/336942/,Servolenkung,Serie
AUDI,A,A2 8Z (1. Facelift),2003,2005,Audi A2 1.4 TDI (09/03 - 09/05),ICE,https://www.adac.de/rund-ums-fahrzeug/autokatalog/marken-modelle/audi/a2/8z-facelift/336942/,Sitzanzahl,4
AUDI,A,A2 8Z (1. Facelift),2003,2005,Audi A2 1.4 TDI (09/03 - 09/05),ICE,https://www.adac.de/rund-ums-fahrzeug/autokatalog/marken-modelle/audi/a2/8z-facelift/336942/,Sitzanzahl maximal,5
AUDI,A,A2 8Z (1. Facelift),2003,2005,Audi A2 1.4 TDI (09/03 - 09/05),ICE,https://www.adac.de/rund-ums-fahrzeug/autokatalog/marken-modelle/audi/a2/8z-facelift/336942/,Tankgröße,"42,0 l"
AUDI,A,A2 8Z (1. Facelift),2003,2005,Audi A2 1.4 TDI (09/03 - 09/05),ICE,https://www.adac.de/rund-ums-fahrzeug/autokatalog/marken-modelle/audi/a2/8z-facelift/336942/,Teilkaskobeitrag 150 € SB,370 €
AUDI,A,A2 8Z (1. Facelift),2003,2005,Audi A2 1.4 TDI (09/03 - 09/05),ICE,https://www.adac.de/rund-ums-fahrzeug/autokatalog/marken-modelle/audi/a2/8z-facelift/336942/,Typklassen (KH/VK/TK),12/11/17
AUDI,A,A2 8Z (1. Facelift),2003,2005,Audi A2 1.4 TDI (09/03 - 09/05),ICE,https://www.adac.de/rund-ums-fahrzeug/autokatalog/marken-modelle/audi/a2/8z-facelift/336942/,Türanzahl,5
AUDI,A,A2 8Z (1. Facelift),2003,2005,Audi A2 1.4 TDI (09/03 - 09/05),ICE,https://www.adac.de/rund-ums-fahrzeug/autokatalog/marken-modelle/audi/a2/8z-facelift/336942/,Verbrauch Außerorts (NEFZ),"3,5 l/100 km"
AUDI,A,A2 8Z (1. Facelift),2003,2005,Audi A2 1.4 TDI (09/03 - 09/05),ICE,https://www.adac.de/rund-ums-fahrzeug/autokatalog/marken-modelle/audi/a2/8z-facelift/336942/,Verbrauch Gesamt (NEFZ),"4,3 l/100 km"
AUDI,A,A2 8Z (1. Facelift),2003,2005,Audi A2 1.4 TDI (09/03 - 09/05),ICE,https://www.adac.de/rund-ums-fahrzeug/autokatalog/marken-modelle/audi/a2/8z-facelift/336942/,Verbrauch Innerorts (NEFZ),"5,6 l/100 km"
AUDI,A,A2 8Z (1. Facelift),2003,2005,Audi A2 1.4 TDI (09/03 - 09/05),ICE,https://www.adac.de/rund-ums-fahrzeug/autokatalog/marken-modelle/audi/a2/8z-facelift/336942/,Vollkaskobetrag 100% 500 € SB,628 €
AUDI,A,A2 8Z (1. Facelift),2003,2005,Audi A2 1.4 TDI (09/03 - 09/05),ICE,https://www.adac.de/rund-ums-fahrzeug/autokatalog/marken-modelle/audi/a2/8z-facelift/336942/,Wendekreis,"10,5 m"
AUDI,A,A2 8Z (1. Facelift),2003,2005,Audi A2 1.4 TDI (09/03 - 09/05),ICE,https://www.adac.de/rund-ums-fahrzeug/autokatalog/marken-modelle/audi/a2/8z-facelift/336942/,Werkstattkosten,k.A.
AUDI,A,A2 8Z (1. Facelift),2003,2005,Audi A2 1.4 TDI (09/03 - 09/05),ICE,https://www.adac.de/rund-ums-fahrzeug/autokatalog/marken-modelle/audi/a2/8z-facelift/336942/,Wertverlust,k.A.
AUDI,A,A2 8Z (1. Facelift),2003,2005,Audi A2 1.4 TDI (09/03 - 09/05),ICE,https://www.adac.de/rund-ums-fahrzeug/autokatalog/marken-modelle/audi/a2/8z-facelift/336942/,Zentralverriegelung,Serie
AUDI,A,A2 8Z (1. Facelift),2003,2005,Audi A2 1.4 TDI (09/03 - 09/05),ICE,https://www.adac.de/rund-ums-fahrzeug/autokatalog/marken-modelle/audi/a2/8z-facelift/336942/,Zul. Gesamtgewicht,1525 kg
AUDI,A,A2 8Z (1. Facelift),2003,2005,Audi A2 1.4 TDI (09/03 - 09/05),ICE,https://www.adac.de/rund-ums-fahrzeug/autokatalog/marken-modelle/audi/a2/8z-facelift/336942/,Zuladung,430 kg
AUDI,A,A2 8Z (1. Facelift),2003,2005,Audi A2 1.4 TDI (09/03 - 09/05),ICE,https://www.adac.de/rund-ums-fahrzeug/autokatalog/marken-modelle/audi/a2/8z-facelift/336942/,Zusätzliche Garantien,"Mobilitätsgarantie: 2 Jahre europaweit, erweiterbar auf lebenslang unter Einhaltung aller Inspektionen;"
AUDI,A,A2 8Z (1. Facelift),2003,2005,Audi A2 1.6 FSI (09/03 - 09/05),ICE,https://www.adac.de/rund-ums-fahrzeug/autokatalog/marken-modelle/audi/a2/8z-facelift/336939/,3-Punkt-Gurt hinten Mitte,Aufpreis
AUDI,A,A2 8Z (1. Facelift),2003,2005,Audi A2 1.6 FSI (09/03 - 09/05),ICE,https://www.adac.de/rund-ums-fahrzeug/autokatalog/marken-modelle/audi/a2/8z-facelift/336939/,3-Punkt-Gurt hinten Mitte - Bezeichnung,3-Punkt Gurt
AUDI,A,A2 8Z (1. Facelift),2003,2005,Audi A2 1.6 FSI (09/03 - 09/05),ICE,https://www.adac.de/rund-ums-fahrzeug/autokatalog/marken-modelle/audi/a2/8z-facelift/336939/,ABS,Serie
AUDI,A,A2 8Z (1. Facelift),2003,2005,Audi A2 1.6 FSI (09/03 - 09/05),ICE,https://www.adac.de/rund-ums-fahrzeug/autokatalog/marken-modelle/audi/a2/8z-facelift/336939/,Abgasreinigung (Verbrennungsmotor),geregelt
AUDI,A,A2 8Z (1. Facelift),2003,2005,Audi A2 1.6 FSI (09/03 - 09/05),ICE,https://www.adac.de/rund-ums-fahrzeug/autokatalog/marken-modelle/audi/a2/8z-facelift/336939/,Airbag Beifahrer,Serie
AUDI,A,A2 8Z (1. Facelift),2003,2005,Audi A2 1.6 FSI (09/03 - 09/05),ICE,https://www.adac.de/rund-ums-fahrzeug/autokatalog/marken-modelle/audi/a2/8z-facelift/336939/,Airbag Deaktivierung,Paket
AUDI,A,A2 8Z (1. Facelift),2003,2005,Audi A2 1.6 FSI (09/03 - 09/05),ICE,https://www.adac.de/rund-ums-fahrzeug/autokatalog/marken-modelle/audi/a2/8z-facelift/336939/,Airbag Deaktivierung - Bezeichnung,Schlüsselschalter
AUDI,A,A2 8Z (1. Facelift),2003,2005,Audi A2 1.6 FSI (09/03 - 09/05),ICE,https://www.adac.de/rund-ums-fahrzeug/autokatalog/marken-modelle/audi/a2/8z-facelift/336939/,Airbag Fahrer,Serie
AUDI,A,A2 8Z (1. Facelift),2003,2005,Audi A2 1.6 FSI (09/03 - 09/05),ICE,https://www.adac.de/rund-ums-fahrzeug/autokatalog/marken-modelle/audi/a2/8z-facelift/336939/,Alufelgen,260 Euro
AUDI,A,A2 8Z (1. Facelift),2003,2005,Audi A2 1.6 FSI (09/03 - 09/05),ICE,https://www.adac.de/rund-ums-fahrzeug/autokatalog/marken-modelle/audi/a2/8z-facelift/336939/,Anhängelast gebremst 12%,1000 kg
AUDI,A,A2 8Z (1. Facelift),2003,2005,Audi A2 1.6 FSI (09/03 - 09/05),ICE,https://www.adac.de/rund-ums-fahrzeug/autokatalog/marken-modelle/audi/a2/8z-facelift/336939/,Anhängelast ungebremst,540 kg
AUDI,A,A2 8Z (1. Facelift),2003,2005,Audi A2 1.6 FSI (09/03 - 09/05),ICE,https://www.adac.de/rund-ums-fahrzeug/autokatalog/marken-modelle/audi/a2/8z-facelift/336939/,Anhängerkupplung,660 Euro
AUDI,A,A2 8Z (1. Facelift),2003,2005,Audi A2 1.6 FSI (09/03 - 09/05),ICE,https://www.adac.de/rund-ums-fahrzeug/autokatalog/marken-modelle/audi/a2/8z-facelift/336939/,Antriebsart,Vorderrad
AUDI,A,A2 8Z (1. Facelift),2003,2005,Audi A2 1.6 FSI (09/03 - 09/05),ICE,https://www.adac.de/rund-ums-fahrzeug/autokatalog/marken-modelle/audi/a2/8z-facelift/336939/,Antriebsschlupfregelung,Serie
AUDI,A,A2 8Z (1. Facelift),2003,2005,Audi A2 1.6 FSI (09/03 - 09/05),ICE,https://www.adac.de/rund-ums-fahrzeug/autokatalog/marken-modelle/audi/a2/8z-facelift/336939/,Antriebsschlupfregelung - Bezeichnung,Antriebsschlupfregelung
AUDI,A,A2 8Z (1. Facelift),2003,2005,Audi A2 1.6 FSI (09/03 - 09/05),ICE,https://www.adac.de/rund-ums-fahrzeug/autokatalog/marken-modelle/audi/a2/8z-facelift/336939/,Anzahl Gänge,5
AUDI,A,A2 8Z (1. Facelift),2003,2005,Audi A2 1.6 FSI (09/03 - 09/05),ICE,https://www.adac.de/rund-ums-fahrzeug/autokatalog/marken-modelle/audi/a2/8z-facelift/336939/,Anzahl Ventile (Verbrennungsmotor),4
AUDI,A,A2 8Z (1. Facelift),2003,2005,Audi A2 1.6 FSI (09/03 - 09/05),ICE,https://www.adac.de/rund-ums-fahrzeug/autokatalog/marken-modelle/audi/a2/8z-facelift/336939/,Anzahl Zylinder (Verbrennungsmotor),4
AUDI,A,A2 8Z (1. Facelift),2003,2005,Audi A2 1.6 FSI (09/03 - 09/05),ICE,https://www.adac.de/rund-ums-fahrzeug/autokatalog/marken-modelle/audi/a2/8z-facelift/336939/,Baureihe,A2 (8Z) (09/03 - 09/05)
AUDI,A,A2 8Z (1. Facelift),2003,2005,Audi A2 1.6 FSI (09/03 - 09/05),ICE,https://www.adac.de/rund-ums-fahrzeug/autokatalog/marken-modelle/audi/a2/8z-facelift/336939/,Baureihenende,09/05
AUDI,A,A2 8Z (1. Facelift),2003,2005,Audi A2 1.6 FSI (09/03 - 09/05),ICE,https://www.adac.de/rund-ums-fahrzeug/autokatalog/marken-modelle/audi/a2/8z-facelift/336939/,Baureihenstart,09/03
AUDI,A,A2 8Z (1. Facelift),2003,2005,Audi A2 1.6 FSI (09/03 - 09/05),ICE,https://www.adac.de/rund-ums-fahrzeug/autokatalog/marken-modelle/audi/a2/8z-facelift/336939/,Beschleunigung 0-100km/h,"9,8 s"
AUDI,A,A2 8Z (1. Facelift),2003,2005,Audi A2 1.6 FSI (09/03 - 09/05),ICE,https://www.adac.de/rund-ums-fahrzeug/autokatalog/marken-modelle/audi/a2/8z-facelift/336939/,Betriebskosten,192 €
AUDI,A,A2 8Z (1. Facelift),2003,2005,Audi A2 1.6 FSI (09/03 - 09/05),ICE,https://www.adac.de/rund-ums-fahrzeug/autokatalog/marken-modelle/audi/a2/8z-facelift/336939/,Breite,1673 mm
AUDI,A,A2 8Z (1. Facelift),2003,2005,Audi A2 1.6 FSI (09/03 - 09/05),ICE,https://www.adac.de/rund-ums-fahrzeug/autokatalog/marken-modelle/audi/a2/8z-facelift/336939/,Breite (inkl. Außenspiegel),1890 mm
AUDI,A,A2 8Z (1. Facelift),2003,2005,Audi A2 1.6 FSI (09/03 - 09/05),ICE,https://www.adac.de/rund-ums-fahrzeug/autokatalog/marken-modelle/audi/a2/8z-facelift/336939/,Bremsassistent,Serie
AUDI,A,A2 8Z (1. Facelift),2003,2005,Audi A2 1.6 FSI (09/03 - 09/05),ICE,https://www.adac.de/rund-ums-fahrzeug/autokatalog/marken-modelle/audi/a2/8z-facelift/336939/,Bremsassistent - Bezeichnung,Hydraulischer Bremsassistent
AUDI,A,A2 8Z (1. Facelift),2003,2005,Audi A2 1.6 FSI (09/03 - 09/05),ICE,https://www.adac.de/rund-ums-fahrzeug/autokatalog/marken-modelle/audi/a2/8z-facelift/336939/,Bremse hinten,Scheibe
AUDI,A,A2 8Z (1. Facelift),2003,2005,Audi A2 1.6 FSI (09/03 - 09/05),ICE,https://www.adac.de/rund-ums-fahrzeug/autokatalog/marken-modelle/audi/a2/8z-facelift/336939/,Bremse vorne,Scheibe
AUDI,A,A2 8Z (1. Facelift),2003,2005,Audi A2 1.6 FSI (09/03 - 09/05),ICE,https://www.adac.de/rund-ums-fahrzeug/autokatalog/marken-modelle/audi/a2/8z-facelift/336939/,CO2-Wert (NEFZ),142 g/km
AUDI,A,A2 8Z (1. Facelift),2003,2005,Audi A2 1.6 FSI (09/03 - 09/05),ICE,https://www.adac.de/rund-ums-fahrzeug/autokatalog/marken-modelle/audi/a2/8z-facelift/336939/,Dachlast,40 kg
AUDI,A,A2 8Z (1. Facelift),2003,2005,Audi A2 1.6 FSI (09/03 - 09/05),ICE,https://www.adac.de/rund-ums-fahrzeug/autokatalog/marken-modelle/audi/a2/8z-facelift/336939/,Drehmoment (Systemleistung),155 Nm
AUDI,A,A2 8Z (1. Facelift),2003,2005,Audi A2 1.6 FSI (09/03 - 09/05),ICE,https://www.adac.de/rund-ums-fahrzeug/autokatalog/marken-modelle/audi/a2/8z-facelift/336939/,Drehmoment maximal bei U/min. (Verbrennungsmotor),4500 U/min
AUDI,A,A2 8Z (1. Facelift),2003,2005,Audi A2 1.6 FSI (09/03 - 09/05),ICE,https://www.adac.de/rund-ums-fahrzeug/autokatalog/marken-modelle/audi/a2/8z-facelift/336939/,Durchrostung,12 Jahre
AUDI,A,A2 8Z (1. Facelift),2003,2005,Audi A2 1.6 FSI (09/03 - 09/05),ICE,https://www.adac.de/rund-ums-fahrzeug/autokatalog/marken-modelle/audi/a2/8z-facelift/336939/,Einbauposition / Motorbauart (Verbrennungsmotor),Frontmotor / Reihe
AUDI,A,A2 8Z (1. Facelift),2003,2005,Audi A2 1.6 FSI (09/03 - 09/05),ICE,https://www.adac.de/rund-ums-fahrzeug/autokatalog/marken-modelle/audi/a2/8z-facelift/336939/,Einparkhilfe,320 Euro
AUDI,A,A2 8Z (1. Facelift),2003,2005,Audi A2 1.6 FSI (09/03 - 09/05),ICE,https://www.adac.de/rund-ums-fahrzeug/autokatalog/marken-modelle/audi/a2/8z-facelift/336939/,Einparkhilfe - Bezeichnung,hinten
AUDI,A,A2 8Z (1. Facelift),2003,2005,Audi A2 1.6 FSI (09/03 - 09/05),ICE,https://www.adac.de/rund-ums-fahrzeug/autokatalog/marken-modelle/audi/a2/8z-facelift/336939/,Fahrdynamikregelung,Serie
AUDI,A,A2 8Z (1. Facelift),2003,2005,Audi A2 1.6 FSI (09/03 - 09/05),ICE,https://www.adac.de/rund-ums-fahrzeug/autokatalog/marken-modelle/audi/a2/8z-facelift/336939/,Fahrdynamikregelung - Bezeichnung,Elektronisches Stabilitätsprogramm
AUDI,A,A2 8Z (1. Facelift),2003,2005,Audi A2 1.6 FSI (09/03 - 09/05),ICE,https://www.adac.de/rund-ums-fahrzeug/autokatalog/marken-modelle/audi/a2/8z-facelift/336939/,Fahrzeugklasse,Kleinwagen (z.B. Polo)
AUDI,A,A2 8Z (1. Facelift),2003,2005,Audi A2 1.6 FSI (09/03 - 09/05),ICE,https://www.adac.de/rund-ums-fahrzeug/autokatalog/marken-modelle/audi/a2/8z-facelift/336939/,Federung hinten,Schraube
AUDI,A,A2 8Z (1. Facelift),2003,2005,Audi A2 1.6 FSI (09/03 - 09/05),ICE,https://www.adac.de/rund-ums-fahrzeug/autokatalog/marken-modelle/audi/a2/8z-facelift/336939/,Federung vorne,Schraube
AUDI,A,A2 8Z (1. Facelift),2003,2005,Audi A2 1.6 FSI (09/03 - 09/05),ICE,https://www.adac.de/rund-ums-fahrzeug/autokatalog/marken-modelle/audi/a2/8z-facelift/336939/,Fensterheber elektr. hinten,240 Euro
AUDI,A,A2 8Z (1. Facelift),2003,2005,Audi A2 1.6 FSI (09/03 - 09/05),ICE,https://www.adac.de/rund-ums-fahrzeug/autokatalog/marken-modelle/audi/a2/8z-facelift/336939/,Fensterheber elektr. vorne,Serie
AUDI,A,A2 8Z (1. Facelift),2003,2005,Audi A2 1.6 FSI (09/03 - 09/05),ICE,https://www.adac.de/rund-ums-fahrzeug/autokatalog/marken-modelle/audi/a2/8z-facelift/336939/,Fixkosten,87 €
AUDI,A,A2 8Z (1. Facelift),2003,2005,Audi A2 1.6 FSI (09/03 - 09/05),ICE,https://www.adac.de/rund-ums-fahrzeug/autokatalog/marken-modelle/audi/a2/8z-facelift/336939/,Garantie (Fahrzeug),keine / ab EZ 01/05: 2 Jahre
AUDI,A,A2 8Z (1. Facelift),2003,2005,Audi A2 1.6 FSI (09/03 - 09/05),ICE,https://www.adac.de/rund-ums-fahrzeug/autokatalog/marken-modelle/audi/a2/8z-facelift/336939/,Gemischaufbereitung (Verbrennungsmotor),Direkteinspritzung
AUDI,A,A2 8Z (1. Facelift),2003,2005,Audi A2 1.6 FSI (09/03 - 09/05),ICE,https://www.adac.de/rund-ums-fahrzeug/autokatalog/marken-modelle/audi/a2/8z-facelift/336939/,Getriebeart,Schaltgetriebe
AUDI,A,A2 8Z (1. Facelift),2003,2005,Audi A2 1.6 FSI (09/03 - 09/05),ICE,https://www.adac.de/rund-ums-fahrzeug/autokatalog/marken-modelle/audi/a2/8z-facelift/336939/,Grundpreis,19300 Euro
AUDI,A,A2 8Z (1. Facelift),2003,2005,Audi A2 1.6 FSI (09/03 - 09/05),ICE,https://www.adac.de/rund-ums-fahrzeug/autokatalog/marken-modelle/audi/a2/8z-facelift/336939/,HSN/TSN Schlüsselnummern,0588/794
AUDI,A,A2 8Z (1. Facelift),2003,2005,Audi A2 1.6 FSI (09/03 - 09/05),ICE,https://www.adac.de/rund-ums-fahrzeug/autokatalog/marken-modelle/audi/a2/8z-facelift/336939/,Haftpflichtbeitrag 100%,842 €
AUDI,A,A2 8Z (1. Facelift),2003,2005,Audi A2 1.6 FSI (09/03 - 09/05),ICE,https://www.adac.de/rund-ums-fahrzeug/autokatalog/marken-modelle/audi/a2/8z-facelift/336939/,Herstellerinterne Baureihenbezeichnung,8Z
AUDI,A,A2 8Z (1. Facelift),2003,2005,Audi A2 1.6 FSI (09/03 - 09/05),ICE,https://www.adac.de/rund-ums-fahrzeug/autokatalog/marken-modelle/audi/a2/8z-facelift/336939/,Hubraum (Verbrennungsmotor),1598 ccm
AUDI,A,A2 8Z (1. Facelift),2003,2005,Audi A2 1.6 FSI (09/03 - 09/05),ICE,https://www.adac.de/rund-ums-fahrzeug/autokatalog/marken-modelle/audi/a2/8z-facelift/336939/,Höchstgeschwindigkeit,202 km/h
AUDI,A,A2 8Z (1. Facelift),2003,2005,Audi A2 1.6 FSI (09/03 - 09/05),ICE,https://www.adac.de/rund-ums-fahrzeug/autokatalog/marken-modelle/audi/a2/8z-facelift/336939/,Höhe,1553 mm
AUDI,A,A2 8Z (1. Facelift),2003,2005,Audi A2 1.6 FSI (09/03 - 09/05),ICE,https://www.adac.de/rund-ums-fahrzeug/autokatalog/marken-modelle/audi/a2/8z-facelift/336939/,Isofix,Serie
AUDI,A,A2 8Z (1. Facelift),2003,2005,Audi A2 1.6 FSI (09/03 - 09/05),ICE,https://www.adac.de/rund-ums-fahrzeug/autokatalog/marken-modelle/audi/a2/8z-facelift/336939/,Isofix - Bezeichnung,Nur hinten
AUDI,A,A2 8Z (1. Facelift),2003,2005,Audi A2 1.6 FSI (09/03 - 09/05),ICE,https://www.adac.de/rund-ums-fahrzeug/autokatalog/marken-modelle/audi/a2/8z-facelift/336939/,KFZ-Steuer ohne Befreiung/Jahr (kann durch WLTP abweichen),108 Euro
AUDI,A,A2 8Z (1. Facelift),2003,2005,Audi A2 1.6 FSI (09/03 - 09/05),ICE,https://www.adac.de/rund-ums-fahrzeug/autokatalog/marken-modelle/audi/a2/8z-facelift/336939/,KFZ-Steuer pro Jahr ohne Steuerbefreiung,108 €
AUDI,A,A2 8Z (1. Facelift),2003,2005,Audi A2 1.6 FSI (09/03 - 09/05),ICE,https://www.adac.de/rund-ums-fahrzeug/autokatalog/marken-modelle/audi/a2/8z-facelift/336939/,Karosserie,Schrägheck
AUDI,A,A2 8Z (1. Facelift),2003,2005,Audi A2 1.6 FSI (09/03 - 09/05),ICE,https://www.adac.de/rund-ums-fahrzeug/autokatalog/marken-modelle/audi/a2/8z-facelift/336939/,Klassenübliche Ausstattung nach ADAC-Vorgabe,k.A.
AUDI,A,A2 8Z (1. Facelift),2003,2005,Audi A2 1.6 FSI (09/03 - 09/05),ICE,https://www.adac.de/rund-ums-fahrzeug/autokatalog/marken-modelle/audi/a2/8z-facelift/336939/,Klimaanlage,1300 Euro
AUDI,A,A2 8Z (1. Facelift),2003,2005,Audi A2 1.6 FSI (09/03 - 09/05),ICE,https://www.adac.de/rund-ums-fahrzeug/autokatalog/marken-modelle/audi/a2/8z-facelift/336939/,Kofferraumvolumen dachhoch mit umgeklappter Rücksitzbank,1085 l
AUDI,A,A2 8Z (1. Facelift),2003,2005,Audi A2 1.6 FSI (09/03 - 09/05),ICE,https://www.adac.de/rund-ums-fahrzeug/autokatalog/marken-modelle/audi/a2/8z-facelift/336939/,Kofferraumvolumen normal,390 l
AUDI,A,A2 8Z (1. Facelift),2003,2005,Audi A2 1.6 FSI (09/03 - 09/05),ICE,https://www.adac.de/rund-ums-fahrzeug/autokatalog/marken-modelle/audi/a2/8z-facelift/336939/,Kopfairbag hinten,Paket
AUDI,A,A2 8Z (1. Facelift),2003,2005,Audi A2 1.6 FSI (09/03 - 09/05),ICE,https://www.adac.de/rund-ums-fahrzeug/autokatalog/marken-modelle/audi/a2/8z-facelift/336939/,Kopfairbag hinten - Bezeichnung,Windowbag
AUDI,A,A2 8Z (1. Facelift),2003,2005,Audi A2 1.6 FSI (09/03 - 09/05),ICE,https://www.adac.de/rund-ums-fahrzeug/autokatalog/marken-modelle/audi/a2/8z-facelift/336939/,Kopfairbag vorne,Paket
AUDI,A,A2 8Z (1. Facelift),2003,2005,Audi A2 1.6 FSI (09/03 - 09/05),ICE,https://www.adac.de/rund-ums-fahrzeug/autokatalog/marken-modelle/audi/a2/8z-facelift/336939/,Kopfairbag vorne - Bezeichnung,Windowbag
AUDI,A,A2 8Z (1. Facelift),2003,2005,Audi A2 1.6 FSI (09/03 - 09/05),ICE,https://www.adac.de/rund-ums-fahrzeug/autokatalog/marken-modelle/audi/a2/8z-facelift/336939/,Kopfstütze hinten Mitte,Aufpreis
AUDI,A,A2 8Z (1. Facelift),2003,2005,Audi A2 1.6 FSI (09/03 - 09/05),ICE,https://www.adac.de/rund-ums-fahrzeug/autokatalog/marken-modelle/audi/a2/8z-facelift/336939/,Kopfstützen hinten,Serie
AUDI,A,A2 8Z (1. Facelift),2003,2005,Audi A2 1.6 FSI (09/03 - 09/05),ICE,https://www.adac.de/rund-ums-fahrzeug/autokatalog/marken-modelle/audi/a2/8z-facelift/336939/,Kraftstoffart,Super Plus
AUDI,A,A2 8Z (1. Facelift),2003,2005,Audi A2 1.6 FSI (09/03 - 09/05),ICE,https://www.adac.de/rund-ums-fahrzeug/autokatalog/marken-modelle/audi/a2/8z-facelift/336939/,Lackgarantie,3 Jahre
AUDI,A,A2 8Z (1. Facelift),2003,2005,Audi A2 1.6 FSI (09/03 - 09/05),ICE,https://www.adac.de/rund-ums-fahrzeug/autokatalog/marken-modelle/audi/a2/8z-facelift/336939/,Lederausstattung,1135 Euro
AUDI,A,A2 8Z (1. Facelift),2003,2005,Audi A2 1.6 FSI (09/03 - 09/05),ICE,https://www.adac.de/rund-ums-fahrzeug/autokatalog/marken-modelle/audi/a2/8z-facelift/336939/,Leergewicht (EU),1070 kg
AUDI,A,A2 8Z (1. Facelift),2003,2005,Audi A2 1.6 FSI (09/03 - 09/05),ICE,https://www.adac.de/rund-ums-fahrzeug/autokatalog/marken-modelle/audi/a2/8z-facelift/336939/,Leistung / Drehmoment (Verbrennungsmotor),81 kW (110 PS) / 155 Nm
AUDI,A,A2 8Z (1. Facelift),2003,2005,Audi A2 1.6 FSI (09/03 - 09/05),ICE,https://www.adac.de/rund-ums-fahrzeug/autokatalog/marken-modelle/audi/a2/8z-facelift/336939/,Leistung maximal bei U/min. (Verbrennungsmotor),5800 U/min
AUDI,A,A2 8Z (1. Facelift),2003,2005,Audi A2 1.6 FSI (09/03 - 09/05),ICE,https://www.adac.de/rund-ums-fahrzeug/autokatalog/marken-modelle/audi/a2/8z-facelift/336939/,Leistung maximal in PS (Systemleistung),110
AUDI,A,A2 8Z (1. Facelift),2003,2005,Audi A2 1.6 FSI (09/03 - 09/05),ICE,https://www.adac.de/rund-ums-fahrzeug/autokatalog/marken-modelle/audi/a2/8z-facelift/336939/,Leistung maximal in kW (Systemleistung),81
AUDI,A,A2 8Z (1. Facelift),2003,2005,Audi A2 1.6 FSI (09/03 - 09/05),ICE,https://www.adac.de/rund-ums-fahrzeug/autokatalog/marken-modelle/audi/a2/8z-facelift/336939/,Länge,3826 mm
AUDI,A,A2 8Z (1. Facelift),2003,2005,Audi A2 1.6 FSI (09/03 - 09/05),ICE,https://www.adac.de/rund-ums-fahrzeug/autokatalog/marken-modelle/audi/a2/8z-facelift/336939/,Marke,Audi
AUDI,A,A2 8Z (1. Facelift),2003,2005,Audi A2 1.6 FSI (09/03 - 09/05),ICE,https://www.adac.de/rund-ums-fahrzeug/autokatalog/marken-modelle/audi/a2/8z-facelift/336939/,Metallic-Lackierung,420 Euro
AUDI,A,A2 8Z (1. Facelift),2003,2005,Audi A2 1.6 FSI (09/03 - 09/05),ICE,https://www.adac.de/rund-ums-fahrzeug/autokatalog/marken-modelle/audi/a2/8z-facelift/336939/,Modell,A2 1.6 FSI
AUDI,A,A2 8Z (1. Facelift),2003,2005,Audi A2 1.6 FSI (09/03 - 09/05),ICE,https://www.adac.de/rund-ums-fahrzeug/autokatalog/marken-modelle/audi/a2/8z-facelift/336939/,Modellende,09/05
AUDI,A,A2 8Z (1. Facelift),2003,2005,Audi A2 1.6 FSI (09/03 - 09/05),ICE,https://www.adac.de/rund-ums-fahrzeug/autokatalog/marken-modelle/audi/a2/8z-facelift/336939/,Modellstart,09/03
AUDI,A,A2 8Z (1. Facelift),2003,2005,Audi A2 1.6 FSI (09/03 - 09/05),ICE,https://www.adac.de/rund-ums-fahrzeug/autokatalog/marken-modelle/audi/a2/8z-facelift/336939/,Motorart,Otto
AUDI,A,A2 8Z (1. Facelift),2003,2005,Audi A2 1.6 FSI (09/03 - 09/05),ICE,https://www.adac.de/rund-ums-fahrzeug/autokatalog/marken-modelle/audi/a2/8z-facelift/336939/,Motorcode,BAD
AUDI,A,A2 8Z (1. Facelift),2003,2005,Audi A2 1.6 FSI (09/03 - 09/05),ICE,https://www.adac.de/rund-ums-fahrzeug/autokatalog/marken-modelle/audi/a2/8z-facelift/336939/,Navigation,1480 Euro
AUDI,A,A2 8Z (1. Facelift),2003,2005,Audi A2 1.6 FSI (09/03 - 09/05),ICE,https://www.adac.de/rund-ums-fahrzeug/autokatalog/marken-modelle/audi/a2/8z-facelift/336939/,Navigation - Bezeichnung,Piktogrammdarstellung
AUDI,A,A2 8Z (1. Facelift),2003,2005,Audi A2 1.6 FSI (09/03 - 09/05),ICE,https://www.adac.de/rund-ums-fahrzeug/autokatalog/marken-modelle/audi/a2/8z-facelift/336939/,Nebelscheinwerfer,135 Euro
AUDI,A,A2 8Z (1. Facelift),2003,2005,Audi A2 1.6 FSI (09/03 - 09/05),ICE,https://www.adac.de/rund-ums-fahrzeug/autokatalog/marken-modelle/audi/a2/8z-facelift/336939/,Nockenwellensteuerung,Zahnriemen
AUDI,A,A2 8Z (1. Facelift),2003,2005,Audi A2 1.6 FSI (09/03 - 09/05),ICE,https://www.adac.de/rund-ums-fahrzeug/autokatalog/marken-modelle/audi/a2/8z-facelift/336939/,Radio,400 Euro
AUDI,A,A2 8Z (1. Facelift),2003,2005,Audi A2 1.6 FSI (09/03 - 09/05),ICE,https://www.adac.de/rund-ums-fahrzeug/autokatalog/marken-modelle/audi/a2/8z-facelift/336939/,Radio - Bezeichnung,Radio chorus mit Cassette
AUDI,A,A2 8Z (1. Facelift),2003,2005,Audi A2 1.6 FSI (09/03 - 09/05),ICE,https://www.adac.de/rund-ums-fahrzeug/autokatalog/marken-modelle/audi/a2/8z-facelift/336939/,Radstand,2405 mm
AUDI,A,A2 8Z (1. Facelift),2003,2005,Audi A2 1.6 FSI (09/03 - 09/05),ICE,https://www.adac.de/rund-ums-fahrzeug/autokatalog/marken-modelle/audi/a2/8z-facelift/336939/,Reifengröße,175/60R15V
AUDI,A,A2 8Z (1. Facelift),2003,2005,Audi A2 1.6 FSI (09/03 - 09/05),ICE,https://www.adac.de/rund-ums-fahrzeug/autokatalog/marken-modelle/audi/a2/8z-facelift/336939/,Rücksitzbank umklappbar,Serie
AUDI,A,A2 8Z (1. Facelift),2003,2005,Audi A2 1.6 FSI (09/03 - 09/05),ICE,https://www.adac.de/rund-ums-fahrzeug/autokatalog/marken-modelle/audi/a2/8z-facelift/336939/,Schadstoffklasse,Euro 4
AUDI,A,A2 8Z (1. Facelift),2003,2005,Audi A2 1.6 FSI (09/03 - 09/05),ICE,https://www.adac.de/rund-ums-fahrzeug/autokatalog/marken-modelle/audi/a2/8z-facelift/336939/,Seitenairbag vorne,Serie
AUDI,A,A2 8Z (1. Facelift),2003,2005,Audi A2 1.6 FSI (09/03 - 09/05),ICE,https://www.adac.de/rund-ums-fahrzeug/autokatalog/marken-modelle/audi/a2/8z-facelift/336939/,Servolenkung,Serie
AUDI,A,A2 8Z (1. Facelift),2003,2005,Audi A2 1.6 FSI (09/03 - 09/05),ICE,https://www.adac.de/rund-ums-fahrzeug/autokatalog/marken-modelle/audi/a2/8z-facelift/336939/,Sitzanzahl,4
AUDI,A,A2 8Z (1. Facelift),2003,2005,Audi A2 1.6 FSI (09/03 - 09/05),ICE,https://www.adac.de/rund-ums-fahrzeug/autokatalog/marken-modelle/audi/a2/8z-facelift/336939/,Sitzanzahl maximal,5
AUDI,A,A2 8Z (1. Facelift),2003,2005,Audi A2 1.6 FSI (09/03 - 09/05),ICE,https://www.adac.de/rund-ums-fahrzeug/autokatalog/marken-modelle/audi/a2/8z-facelift/336939/,Tankgröße,"42,0 l"
AUDI,A,A2 8Z (1. Facelift),2003,2005,Audi A2 1.6 FSI (09/03 - 09/05),ICE,https://www.adac.de/rund-ums-fahrzeug/autokatalog/marken-modelle/audi/a2/8z-facelift/336939/,Teilkaskobeitrag 150 € SB,292 €
AUDI,A,A2 8Z (1. Facelift),2003,2005,Audi A2 1.6 FSI (09/03 - 09/05),ICE,https://www.adac.de/rund-ums-fahrzeug/autokatalog/marken-modelle/audi/a2/8z-facelift/336939/,Typklassen (KH/VK/TK),11/11/15
AUDI,A,A2 8Z (1. Facelift),2003,2005,Audi A2 1.6 FSI (09/03 - 09/05),ICE,https://www.adac.de/rund-ums-fahrzeug/autokatalog/marken-modelle/audi/a2/8z-facelift/336939/,Türanzahl,5
AUDI,A,A2 8Z (1. Facelift),2003,2005,Audi A2 1.6 FSI (09/03 - 09/05),ICE,https://www.adac.de/rund-ums-fahrzeug/autokatalog/marken-modelle/audi/a2/8z-facelift/336939/,Verbrauch Außerorts (NEFZ),"4,7 l/100 km"
AUDI,A,A2 8Z (1. Facelift),2003,2005,Audi A2 1.6 FSI (09/03 - 09/05),ICE,https://www.adac.de/rund-ums-fahrzeug/autokatalog/marken-modelle/audi/a2/8z-facelift/336939/,Verbrauch Gesamt (NEFZ),"5,9 l/100 km"
AUDI,A,A2 8Z (1. Facelift),2003,2005,Audi A2 1.6 FSI (09/03 - 09/05),ICE,https://www.adac.de/rund-ums-fahrzeug/autokatalog/marken-modelle/audi/a2/8z-facelift/336939/,Verbrauch Innerorts (NEFZ),"8,1 l/100 km"
AUDI,A,A2 8Z (1. Facelift),2003,2005,Audi A2 1.6 FSI (09/03 - 09/05),ICE,https://www.adac.de/rund-ums-fahrzeug/autokatalog/marken-modelle/audi/a2/8z-facelift/336939/,Vollkaskobetrag 100% 500 € SB,628 €
AUDI,A,A2 8Z (1. Facelift),2003,2005,Audi A2 1.6 FSI (09/03 - 09/05),ICE,https://www.adac.de/rund-ums-fahrzeug/autokatalog/marken-modelle/audi/a2/8z-facelift/336939/,Wendekreis,"10,5 m"
AUDI,A,A2 8Z (1. Facelift),2003,2005,Audi A2 1.6 FSI (09/03 - 09/05),ICE,https://www.adac.de/rund-ums-fahrzeug/autokatalog/marken-modelle/audi/a2/8z-facelift/336939/,Werkstattkosten,k.A.
AUDI,A,A2 8Z (1. Facelift),2003,2005,Audi A2 1.6 FSI (09/03 - 09/05),ICE,https://www.adac.de/rund-ums-fahrzeug/autokatalog/marken-modelle/audi/a2/8z-facelift/336939/,Wertverlust,k.A.
AUDI,A,A2 8Z (1. Facelift),2003,2005,Audi A2 1.6 FSI (09/03 - 09/05),ICE,https://www.adac.de/rund-ums-fahrzeug/autokatalog/marken-modelle/audi/a2/8z-facelift/336939/,Zentralverriegelung,Serie
AUDI,A,A2 8Z (1. Facelift),2003,2005,Audi A2 1.6 FSI (09/03 - 09/05),ICE,https://www.adac.de/rund-ums-fahrzeug/autokatalog/marken-modelle/audi/a2/8z-facelift/336939/,Zul. Gesamtgewicht,1510 kg
AUDI,A,A2 8Z (1. Facelift),2003,2005,Audi A2 1.6 FSI (09/03 - 09/05),ICE,https://www.adac.de/rund-ums-fahrzeug/autokatalog/marken-modelle/audi/a2/8z-facelift/336939/,Zuladung,440 kg
AUDI,A,A2 8Z (1. Facelift),2003,2005,Audi A2 1.6 FSI (09/03 - 09/05),ICE,https://www.adac.de/rund-ums-fahrzeug/autokatalog/marken-modelle/audi/a2/8z-facelift/336939/,Zusätzliche Garantien,"Mobilitätsgarantie: 2 Jahre europaweit, erweiterbar auf lebenslang unter Einhaltung aller Inspektionen;"
